timestamp,Vx_vehicle_frame,steering_deg,Track_X,Track_Y
0.021,68.7764,0,0,0
0.021,68.7764,0,0,0
0.021,68.7764,0,0,0
0.034,68.7886,0.23625,-0.888999999999996,0.0910000000000082
0.047,68.8007,0.4725,-1.77799999999999,0.182999999999993
0.06,68.8128,0.70875,-2.66759999999999,0.274000000000001
0.0738,68.8205,1.134,-3.61229999999999,0.371000000000009
0.0876,68.8281,1.55925,-4.557,0.467999999999989
0.1014,68.8357,1.9845,-5.5017,0.563999999999993
0.1152,68.8433,2.40975,-6.4464,0.661000000000001
0.129,68.851,2.835,-7.39109999999999,0.75800000000001
0.147,68.863,2.69325,-8.6241,0.884999999999991
0.165,68.875,2.5514973,-9.8571,1.011
0.183,68.887,2.4097473,-11.0902,1.13800000000001
0.19425,68.8965,1.8073098,-11.8612,1.21699999999998
0.2055,68.906,1.204875,-12.6322,1.297
0.21675,68.9155,0.6024375,-13.4033,1.37700000000001
0.228,68.925,0,-14.1743,1.45599999999999
0.244,68.9357,0,-15.2714,1.56999999999999
0.26,68.9464,0,-16.3684,1.684
0.276,68.9572,0,-17.4655,1.797
0.291,68.968,0,-18.4945,1.904
0.306,68.9789,0,-19.5235,2.011
0.321,68.9897,0,-20.5525,2.11799999999999
0.339,69.0321,0,-21.7876,2.24799999999999
0.3522,69.0392,0,-22.6938,2.34299999999999
0.3654,69.0463,0,-23.6,2.43799999999999
0.3786,69.0533,0,-24.5062,2.53299999999999
0.3918,69.0604,0,-25.4125,2.62799999999999
0.405,69.0675,0,-26.3187,2.72399999999999
0.4215,69.0842,0,-27.4521,2.84299999999999
0.438,69.1008,0,-28.5854,2.96199999999999
0.4518,69.1091,0,-29.5339,3.06200000000001
0.4656,69.1175,0,-30.4823,3.16200000000001
0.4794,69.1258,0,-31.4307,3.262
0.4932,69.1341,0,-32.3791,3.36199999999999
0.507,69.1424,0,-33.3275,3.46199999999999
0.5235,69.1605,0,-34.4622,3.58199999999999
0.54,69.1786,0,-35.5968,3.70099999999999
0.5532,69.1854,0,-36.505,3.797
0.5664,69.1922,0,-37.4132,3.893
0.5796,69.199,0,-38.3214,3.988
0.5928,69.2058,0,-39.2297,4.084
0.606,69.2126,0,-40.1379,4.18000000000001
0.621,69.2289,0,-41.1705,4.28800000000001
0.636,69.2452,0,-42.2031,4.39599999999999
0.653,69.2573,0,-43.3739,4.51900000000001
0.67,69.2694,0,-44.5448,4.642
0.687,69.2815,0,-45.7156,4.76400000000001
0.702,69.2906,0,-46.7493,4.87299999999999
0.717,69.2997,0,-47.7831,4.98099999999999
0.732,69.3088,0,-48.8168,5.089
0.747,69.3179,0,-49.8505,5.197
0.759,69.3293,0,-50.678,5.28399999999999
0.771,69.3408,0,-51.5055,5.37
0.783,69.3522,0,-52.3329,5.45599999999999
0.79725,69.3614,0.1771875,-53.3161,5.559
0.8115,69.3705,0.354375,-54.2992,5.661
0.82575,69.3797,0.5315625,-55.2823,5.76300000000001
0.84,69.3888,0.70875,-56.2655,5.86599999999999
0.855,69.4001,1.4175,-57.301,5.97299999999998
0.87,69.4115,2.12625,-58.3364,6.08099999999999
0.885,69.4228,2.835,-59.3719,6.18899999999999
0.901,69.4352,2.69325,-60.4769,6.304
0.917,69.4476,2.5514973,-61.582,6.41900000000001
0.933,69.46,2.4097473,-62.687,6.53399999999999
0.947,69.4699,1.6065,-63.6543,6.636
0.961,69.4798,0.80325,-64.6217,6.73699999999999
0.975,69.4897,0,-65.589,6.83799999999999
0.987,69.4993,0,-66.4185,6.92500000000001
0.999,69.5088,0,-67.248,7.012
1.011,69.5184,0,-68.0775,7.09899999999999
1.023,69.5279,0,-68.907,7.18600000000001
1.038,69.5402,0,-69.9444,7.29599999999999
1.053,69.5525,0,-70.9817,7.405
1.068,69.5648,0,-72.0191,7.51499999999999
1.085,69.5747,0,-73.1953,7.63900000000001
1.102,69.5847,0,-74.3715,7.76400000000001
1.119,69.5946,0,-75.5476,7.88800000000001
1.13,69.6069,0,-76.309,7.96899999999999
1.141,69.6193,0,-77.0704,8.05000000000001
1.152,69.6316,0,-77.8318,8.131
1.17,69.6484,0,-79.0782,8.26300000000001
1.188,69.6652,0,-80.3246,8.39599999999999
1.2015,69.6734,0,-81.2598,8.495
1.215,69.6816,0,-82.195,8.595
1.2285,69.6898,0,-83.1302,8.69399999999999
1.242,69.698,0,-84.0654,8.79400000000001
1.259,69.7102,0,-85.2437,8.91900000000001
1.276,69.7225,0,-86.4221,9.04400000000001
1.293,69.7348,0,-87.6004,9.16999999999999
1.306,69.7451,0,-88.5019,9.26499999999999
1.319,69.7553,0,-89.4034,9.36099999999999
1.332,69.7656,0,-90.3049,9.45699999999999
1.3458,69.7728,0,-91.2625,9.559
1.3596,69.7799,0,-92.22,9.66
1.3734,69.7871,0,-93.17755,9.762
1.3872,69.7943,0,-94.13509,9.863
1.401,69.8015,0,-95.09263,9.965
1.416,69.8176,-0.14175,-96.13397,10.076
1.431,69.8337,-0.2835,-97.17531,10.186
1.443,69.8512,-1.4175,-98.00863,10.274
1.455,69.8687,-2.5515,-98.84194,10.362
1.47,69.8747,-2.0412,-99.88417,10.472
1.485,69.8808,-1.5309,-100.9264,10.582
1.5,69.8868,-1.0206,-101.968629,10.692
1.515,69.8928,-0.5103,-103.010858,10.802
1.53,69.8988,0,-104.05309,10.912
1.548,69.9361,0,-105.30439,11.043
1.561,69.9415,0,-106.20862,11.138
1.574,69.9469,0,-107.11285,11.233
1.587,69.9523,0,-108.01708,11.327
1.6,69.9577,0,-108.92131,11.422
1.613,69.9631,0,-109.82553,11.517
1.626,69.9685,0,-110.72976,11.611
1.641,69.9791,0,-111.77381,11.72
1.656,69.9897,0,-112.8179,11.829
1.671,70.0002,0,-113.8619,11.937
1.684,70.0116,0,-114.7672,12.031
1.697,70.023,0,-115.6724,12.125
1.71,70.0343,0,-116.5776,12.219
1.7295,70.052,0,-117.9361,12.359
1.749,70.0697,0,-119.2946,12.5
1.7622,70.075,0,-120.2147,12.595
1.7754,70.0802,0,-121.1348,12.689
1.7886,70.0855,0,-122.0549,12.784
1.8018,70.0908,0,-122.975,12.879
1.815,70.096,0,-123.8951,12.974
1.832,70.1095,-0.04725,-125.0808,13.096
1.849,70.123,-0.0945,-126.2665,13.218
1.866,70.1364,-0.14175,-127.4522,13.34
1.879,70.1483,-0.89775,-128.3594,13.433
1.892,70.1602,-1.65375,-129.2666,13.526
1.905,70.1721,-2.40975,-130.1738,13.62
1.917,70.18,-2.941299,-131.0117,13.705
1.929,70.1879,-3.472875,-131.8495,13.791
1.941,70.1958,-4.004424,-132.6873,13.876
1.953,70.2037,-4.536,-133.5252,13.962
1.969,70.214,-3.024,-134.6429,14.075
1.985,70.2244,-1.512,-135.7606,14.189
2.001,70.2348,0,-136.8783,14.302
2.015,70.2463,0,-137.8568,14.4
2.029,70.2578,0,-138.8353,14.499
2.043,70.2693,0,-139.8138,14.597
2.06,70.2795,0,-141.0026,14.716
2.077,70.2898,0,-142.1915,14.835
2.094,70.3,0,-143.3803,14.954
2.106,70.309,0,-144.22,15.037
2.118,70.3179,0,-145.0596,15.12
2.13,70.3269,0,-145.8993,15.203
2.142,70.3358,0,-146.7389,15.286
2.157,70.3694,0,-147.7889,15.39
2.1705,70.3745,0,-148.7344,15.482
2.184,70.3795,0,-149.6799,15.574
2.1975,70.3846,0,-150.6255,15.667
2.211,70.3897,0,-151.571,15.759
2.2245,70.3948,0,-152.5165,15.852
2.238,70.3999,0,-153.462,15.944
2.256,70.4313,0,-154.7233,16.066
2.27175,70.4403,0,-155.8275,16.173
2.2875,70.4493,0,-156.9317,16.28
2.30325,70.4582,0,-158.0358,16.387
2.319,70.4672,0,-159.14,16.494
2.331,70.478,0,-159.9817,16.575
2.343,70.4888,0,-160.8235,16.656
2.355,70.4996,0,-161.6652,16.737
2.3688,70.5057,0,-162.6337,16.83
2.3826,70.5118,0,-163.6022,16.923
2.3964,70.5179,0,-164.5707,17.016
2.4102,70.524,0,-165.5392,17.109
2.424,70.53,0,-166.5077,17.202
2.442,70.5479,0,-167.7717,17.323
2.46,70.5658,0,-169.0357,17.444
2.472,70.5737,-0.567,-169.8787,17.525
2.484,70.5815,-1.134,-170.7217,17.605
2.496,70.5894,-1.701,-171.5647,17.686
2.508,70.5972,-2.268,-172.4077,17.767
2.526,70.6073,-2.97675,-173.6729,17.887
2.544,70.6174,-3.6855,-174.9381,18.007
2.562,70.6274,-4.39425,-176.2033,18.128
2.5725,70.6451,-2.197125,-176.9416,18.197
2.583,70.6627,0,-177.68,18.267
2.598,70.6702,0,-178.7352,18.366
2.613,70.6778,0,-179.7905,18.465
2.628,70.6853,0,-180.8458,18.564
2.643,70.6928,0,-181.901,18.663
2.6565,70.7001,0,-182.8514,18.752
2.67,70.7075,0,-183.8018,18.84
2.6835,70.7148,0,-184.7521,18.928
2.697,70.7222,0,-185.7025,19.016
2.7105,70.7311,0,-186.6534,19.104
2.724,70.74,0,-187.6043,19.191
2.7375,70.749,0,-188.5552,19.279
2.751,70.7579,0,-189.5061,19.366
2.766,70.7683,0,-190.5632,19.463
2.781,70.7786,0,-191.6204,19.559
2.796,70.7889,0,-192.6775,19.656
2.809,70.7985,0,-193.5941,19.739
2.822,70.8081,0,-194.5108,19.822
2.835,70.8177,0,-195.4274,19.905
2.851,70.8288,0,-196.556,20.007
2.867,70.8398,0,-197.6847,20.109
2.883,70.8508,0,-198.8133,20.21
2.8965,70.859,0,-199.7661,20.296
2.91,70.8671,0,-200.7189,20.381
2.9235,70.8752,0,-201.6717,20.467
2.937,70.8833,0,-202.624,20.552
2.952,70.8936,0,-203.684,20.647
2.967,70.9039,0,-204.743,20.742
2.982,70.9142,0,-205.802,20.836
2.99475,70.9221,0,-206.703,20.917
3.0075,70.9301,0,-207.604,20.997
3.02025,70.9381,0,-208.504,21.077
3.033,70.9461,0,-209.405,21.158
3.049,70.9566,0,-210.536,21.258
3.065,70.9672,0,-211.667,21.359
3.081,70.9778,0,-212.798,21.459
3.0945,70.9926,0,-213.752,21.544
3.108,71.0073,0,-214.707,21.629
3.1212,71.014,0,-215.641,21.711
3.1344,71.0208,0,-216.574,21.794
3.1476,71.0275,0,-217.508,21.877
3.1608,71.0343,0,-218.442,21.96
3.174,71.041,0,-219.376,22.042
3.192,71.0572,0,-220.65,22.155
3.21,71.0733,0,-221.924,22.267
3.222,71.0795,0,-222.773,22.342
3.234,71.0857,0,-223.623,22.417
3.246,71.0918,0,-224.473,22.492
3.258,71.098,0,-225.322,22.567
3.27,71.1042,0,-226.172,22.642
3.288,71.1198,0,-227.447,22.754
3.306,71.1354,0,-228.722,22.866
3.317,71.1456,0,-229.502,22.934
3.328,71.1557,0,-230.281,23.003
3.339,71.1658,0,-231.061,23.071
3.35625,71.1739,0,-232.284,23.178
3.3735,71.182,0,-233.507,23.286
3.39075,71.1902,0,-234.73,23.393
3.408,71.1983,0,-235.953,23.5
3.42075,71.2064,0,-236.858,23.579
3.4335,71.2146,0,-237.762,23.658
3.44625,71.2227,0,-238.667,23.737
3.459,71.2309,0,-239.571,23.817
3.471,71.2413,0,-240.423,23.891
3.483,71.2517,0,-241.274,23.965
3.495,71.2621,0,-242.126,24.04
3.511,71.2713,0,-243.262,24.138
3.527,71.2805,0,-244.398,24.237
3.543,71.2897,0,-245.534,24.336
3.55575,71.2974,0,-246.44,24.415
3.5685,71.3051,0,-247.345,24.493
3.58125,71.3128,0,-248.251,24.572
3.594,71.3204,0,-249.157,24.651
3.608,71.33,0,-250.152,24.737
3.622,71.3395,0,-251.147,24.823
3.636,71.349,0,-252.141,24.909
3.6495,71.357,0,-253.101,24.992
3.663,71.365,0,-254.061,25.075
3.6765,71.3729,0,-255.021,25.158
3.69,71.3809,0,-255.981,25.241
3.704,71.3915,0,-256.976,25.327
3.718,71.4022,0,-257.972,25.413
3.732,71.4128,0,-258.968,25.499
3.749,71.4236,0,-260.178,25.603
3.766,71.4344,0,-261.388,25.708
3.783,71.4452,0,-262.597,25.812
3.795,71.4523,0,-263.452,25.885
3.807,71.4594,0,-264.306,25.959
3.819,71.4665,0,-265.161,26.032
3.831,71.4736,0,-266.015,26.105
3.846,71.5026,0,-267.083,26.197
3.8604,71.509,0,-268.109,26.285
3.8748,71.5153,0,-269.135,26.373
3.8892,71.5217,0,-270.161,26.461
3.9036,71.528,0,-271.187,26.549
3.918,71.5343,0,-272.213,26.636
3.935,71.5549,0,-273.425,26.74
3.952,71.5755,0,-274.636,26.843
3.969,71.5961,0,-275.848,26.947
3.98186,71.6002,0,-276.765,27.025
3.99471,71.6044,0,-277.683,27.103
4.00757,71.6085,0,-278.6,27.181
4.02043,71.6126,0,-279.517,27.259
4.03329,71.6168,0,-280.434,27.337
4.04614,71.6209,0,-281.351,27.415
4.059,71.6251,0,-282.268,27.493
4.072,71.6346,0,-283.196,27.572
4.085,71.6441,0,-284.124,27.65
4.098,71.6536,0,-285.052,27.729
4.113,71.6615,0,-286.123,27.819
4.128,71.6694,0,-287.194,27.91
4.143,71.6773,0,-288.266,28
4.158,71.6852,0,-289.337,28.091
4.17075,71.6998,-0.3898125,-290.248,28.167
4.1835,71.7143,-0.779625,-291.159,28.244
4.19625,71.7288,-1.1694375,-292.07,28.321
4.209,71.7434,-1.55925,-292.98,28.397
4.223,71.7486,-1.93725,-293.981,28.481
4.237,71.7539,-2.31525,-294.982,28.565
4.251,71.7592,-2.69325,-295.983,28.649
4.265,71.7645,-3.07125,-296.984,28.733
4.279,71.7698,-3.44925,-297.985,28.817
4.293,71.775,-3.82725,-298.986,28.9
4.3065,71.789,-1.913625,-299.951,28.981
4.32,71.803,0,-300.917,29.061
4.3344,71.8094,0,-301.948,29.146
4.3488,71.8158,0,-302.978,29.231
4.3632,71.8222,0,-304.009,29.316
4.3776,71.8286,0,-305.039,29.401
4.392,71.835,0,-306.07,29.486
4.409,71.8439,0,-307.287,29.585
4.426,71.8529,0,-308.505,29.685
4.443,71.8618,0,-309.722,29.784
4.456,71.8713,0,-310.653,29.86
4.469,71.8809,0,-311.585,29.935
4.482,71.8904,0,-312.516,30.01
4.49475,71.8973,0,-313.43,30.084
4.5075,71.9043,0,-314.344,30.157
4.52025,71.9112,0,-315.257,30.231
4.533,71.9181,0,-316.171,30.304
4.548,71.9274,0,-317.247,30.39
4.563,71.9366,0,-318.322,30.475
4.578,71.9458,0,-319.398,30.561
4.59,71.9534,0,-320.259,30.63
4.602,71.961,0,-321.119,30.698
4.614,71.9686,0,-321.98,30.766
4.626,71.9762,0,-322.841,30.835
4.641,71.9855,0,-323.917,30.92
4.656,71.9948,0,-324.994,31.006
4.671,72.0041,0,-326.07,31.091
4.687,72.0144,0,-327.219,31.182
4.703,72.0246,0,-328.368,31.273
4.719,72.0349,0,-329.516,31.363
4.73025,72.0423,0,-330.325,31.427
4.7415,72.0496,0,-331.133,31.491
4.75275,72.0569,0,-331.941,31.555
4.764,72.0643,0,-332.749,31.618
4.782,72.0925,0,-334.042,31.72
4.7955,72.0967,0,-335.012,31.797
4.809,72.101,0,-335.982,31.873
4.8225,72.1053,0,-336.953,31.949
4.836,72.1095,0,-337.923,32.026
4.8495,72.1138,0,-338.893,32.102
4.863,72.118,0,-339.864,32.178
4.878,72.1408,0,-340.942,32.263
4.893,72.1492,0,-342.021,32.347
4.908,72.1576,0,-343.1,32.432
4.923,72.166,0,-344.179,32.516
4.938,72.1744,0,-345.257,32.6
4.953,72.1846,0,-346.337,32.684
4.968,72.1949,0,-347.416,32.768
4.983,72.2051,0,-348.496,32.852
4.9935,72.2181,0,-349.251,32.911
5.004,72.231,0,-350.007,32.97
5.018,72.2357,0.165375,-351.015,33.048
5.032,72.2405,0.33075,-352.024,33.126
5.046,72.2453,0.496125,-353.032,33.205
5.06,72.25,0.6615,-354.04,33.283
5.074,72.2547,0.826875,-355.048,33.361
5.088,72.2595,0.99225,-356.056,33.439
5.10075,72.2669,1.5238125,-356.975,33.51
5.1135,72.2743,2.055375,-357.894,33.582
5.12625,72.2818,2.5869375,-358.813,33.653
5.139,72.2892,3.1185,-359.731,33.724
5.155,72.2993,3.8745,-360.885,33.814
5.171,72.3094,4.6305,-362.038,33.904
5.187,72.3196,5.3865,-363.191,33.994
5.202,72.3276,3.591,-364.273,34.079
5.217,72.3356,1.7955,-365.354,34.165
5.232,72.3435,0,-366.436,34.25
5.244,72.3515,0,-367.301,34.319
5.256,72.3594,0,-368.167,34.388
5.268,72.3672,0,-369.032,34.458
5.283,72.3746,0,-370.114,34.545
5.298,72.3819,0,-371.196,34.632
5.313,72.3892,0,-372.279,34.72
5.328,72.3966,0,-373.361,34.807
5.34,72.4043,0,-374.227,34.878
5.352,72.4121,0,-375.093,34.949
5.364,72.4198,0,-375.959,35.02
5.376,72.4276,0,-376.825,35.091
5.394,72.4407,0,-378.124,35.199
5.412,72.4538,0,-379.424,35.306
5.4255,72.4611,0,-380.399,35.388
5.439,72.4684,0,-381.373,35.469
5.4525,72.4757,0,-382.348,35.551
5.466,72.483,0,-383.323,35.633
5.478,72.491,0,-384.19,35.706
5.49,72.4989,0,-385.057,35.779
5.502,72.5069,0,-385.923,35.852
5.51775,72.5141,0,-387.061,35.948
5.5335,72.5214,0,-388.2,36.044
5.54925,72.5286,0,-389.338,36.14
5.565,72.5359,0,-390.476,36.236
5.577,72.5459,0,-391.343,36.31
5.589,72.556,0,-392.211,36.383
5.601,72.5661,0,-393.078,36.456
5.616,72.5744,0,-394.163,36.548
5.631,72.5828,0,-395.248,36.64
5.646,72.5912,0,-396.332,36.731
5.658,72.5979,0.5315625,-397.2,36.804
5.67,72.6046,1.063125,-398.068,36.878
5.682,72.6112,1.5946875,-398.937,36.951
5.694,72.6179,2.12625,-399.805,37.024
5.71,72.627,2.835,-400.962,37.122
5.726,72.6361,3.54375,-402.12,37.22
5.742,72.6453,4.2525,-403.278,37.318
5.757,72.6745,6.5205,-404.364,37.411
5.769,72.6781,6.82425,-405.233,37.485
5.781,72.6816,7.128,-406.102,37.56
5.793,72.6851,7.43175,-406.97,37.635
5.805,72.6887,7.7355,-407.839,37.71
5.817,72.6922,8.03925,-408.708,37.784
5.829,72.6957,8.343,-409.577,37.859
5.841,72.6992,8.64675,-410.446,37.934
5.859,72.7102,4.323375,-411.75,38.049
5.877,72.7212,0,-413.053,38.165
5.891,72.7284,0,-414.067,38.257
5.905,72.7356,0,-415.081,38.349
5.919,72.7428,0,-416.095,38.441
5.93175,72.7495,0,-417.019,38.527
5.9445,72.7562,0,-417.942,38.612
5.95725,72.7629,0,-418.866,38.698
5.97,72.7695,0,-419.79,38.784
5.982,72.7847,0,-420.659,38.866
5.994,72.7998,0,-421.528,38.949
6.0096,72.8053,0,-422.659,39.058
6.0252,72.8108,0,-423.789,39.168
6.0408,72.8164,0,-424.919,39.278
6.0564,72.8219,0,-426.05,39.387
6.072,72.8274,0,-427.18,39.497
6.084,72.8362,0,-428.05,39.583
6.096,72.8451,0,-428.92,39.67
6.108,72.8539,0,-429.789,39.756
6.1212,72.8586,0,-430.746,39.852
6.1344,72.8634,0,-431.703,39.948
6.1476,72.8681,0,-432.66,40.044
6.1608,72.8728,0,-433.617,40.14
6.174,72.8775,0,-434.574,40.236
6.1905,72.8912,0,-435.771,40.356
6.207,72.9049,0,-436.967,40.476
6.2175,72.9192,0,-437.729,40.553
6.228,72.9336,0,-438.491,40.63
6.2436,72.9385,0,-439.623,40.744
6.2592,72.9435,0,-440.755,40.859
6.2748,72.9485,0,-441.887,40.973
6.2904,72.9535,0,-443.019,41.087
6.306,72.9584,0,-444.151,41.201
6.317,72.9676,0,-444.949,41.282
6.328,72.9767,0,-445.748,41.362
6.339,72.9858,0,-446.546,41.443
6.3522,72.991,0,-447.505,41.539
6.3654,72.9962,0,-448.464,41.635
6.3786,73.0014,0,-449.422,41.731
6.3918,73.0066,0,-450.381,41.828
6.405,73.0118,0,-451.34,41.924
6.421,73.0199,0,-452.502,42.04
6.437,73.028,0,-453.665,42.157
6.453,73.0361,0,-454.827,42.273
6.466,73.0457,0,-455.772,42.368
6.479,73.0553,0,-456.717,42.462
6.492,73.0649,0,-457.662,42.557
6.506,73.0729,0,-458.68,42.659
6.52,73.0809,0,-459.698,42.76
6.534,73.0889,0,-460.715,42.862
6.549,73.0951,0,-461.807,42.97
6.564,73.1012,0,-462.898,43.079
6.579,73.1074,0,-463.989,43.188
6.594,73.1135,0,-465.08,43.296
6.606,73.1203,0,-465.953,43.383
6.618,73.127,0,-466.826,43.469
6.63,73.1338,0,-467.699,43.556
6.642,73.1405,0,-468.573,43.643
6.655,73.1492,0,-469.519,43.736
6.668,73.1578,0,-470.465,43.83
6.681,73.1664,0,-471.412,43.924
6.69375,73.1726,0,-472.34,44.016
6.7065,73.1789,0,-473.269,44.107
6.71925,73.1852,0,-474.197,44.199
6.732,73.1914,0,-475.126,44.291
6.75,73.2041,0,-476.437,44.42
6.768,73.2169,0,-477.748,44.549
6.78,73.2216,0,-478.623,44.635
6.792,73.2262,0,-479.497,44.721
6.804,73.2309,0,-480.372,44.807
6.816,73.2356,0,-481.246,44.893
6.828,73.2403,0,-482.121,44.979
6.843,73.2537,0,-483.214,45.087
6.858,73.2671,0,-484.307,45.194
6.87375,73.274,0,-485.456,45.307
6.8895,73.281,0,-486.605,45.419
6.90525,73.2879,0,-487.753,45.532
6.921,73.2948,0,-488.902,45.644
6.932,73.3036,-0.33075,-489.704,45.723
6.943,73.3123,-0.6615,-490.507,45.801
6.954,73.321,-0.99225,-491.309,45.879
6.969,73.3268,-1.55925,-492.404,45.986
6.984,73.3327,-2.12625,-493.499,46.093
6.999,73.3385,-2.69325,-494.594,46.2
7.014,73.3444,-3.26025,-495.688,46.307
7.026,73.3521,-4.01625,-496.564,46.392
7.038,73.3599,-4.77225,-497.44,46.477
7.05,73.3677,-5.52825,-498.317,46.562
7.065,73.3763,-3.6855,-499.412,46.667
7.08,73.385,-1.84275,-500.508,46.772
7.095,73.3936,0,-501.603,46.878
7.10775,73.4005,0,-502.535,46.966
7.1205,73.4073,0,-503.466,47.055
7.13325,73.4142,0,-504.398,47.144
7.146,73.421,0,-505.33,47.233
7.1595,73.427,0,-506.317,47.325
7.173,73.433,0,-507.303,47.418
7.1865,73.4391,0,-508.29,47.511
7.2,73.4451,0,-509.277,47.604
7.215,73.4572,0,-510.374,47.706
7.23,73.4692,0,-511.471,47.808
7.24425,73.4753,0,-512.514,47.904
7.2585,73.4814,0,-513.557,47.999
7.27275,73.4874,0,-514.599,48.095
7.287,73.4935,0,-515.642,48.191
7.299,73.4989,-0.42525,-516.52,48.271
7.311,73.5043,-0.8505,-517.398,48.352
7.323,73.5096,-1.27575,-518.277,48.432
7.335,73.515,-1.701,-519.155,48.512
7.347,73.5203,-2.12625,-520.034,48.592
7.361,73.5288,-2.88225,-521.059,48.684
7.375,73.5372,-3.63825,-522.084,48.777
7.389,73.5456,-4.39425,-523.109,48.869
7.4025,73.5519,-4.96125,-524.098,48.957
7.416,73.5582,-5.52825,-525.087,49.045
7.4295,73.5644,-6.09525,-526.077,49.133
7.443,73.5707,-6.66225,-527.066,49.222
7.459,73.5771,-7.371,-528.239,49.324
7.475,73.5836,-8.07975,-529.411,49.426
7.491,73.59,-8.7885,-530.584,49.529
7.503,73.5971,-9.5445,-531.464,49.603
7.515,73.6041,-10.3005,-532.344,49.678
7.527,73.6111,-11.0565,-533.224,49.753
7.542,73.6165,-11.76525,-534.325,49.842
7.557,73.6218,-12.474,-535.426,49.932
7.572,73.6271,-13.18275,-536.526,50.022
7.58475,73.6299,-9.887076,-537.462,50.094
7.5975,73.6327,-6.591375,-538.398,50.166
7.61025,73.6354,-3.295701,-539.334,50.238
7.623,73.638,0,-540.27,50.31
7.637,73.6446,0,-541.299,50.386
7.651,73.6512,0,-542.327,50.461
7.665,73.6578,0,-543.355,50.536
7.6785,73.6638,0,-544.347,50.605
7.692,73.6698,0,-545.34,50.673
7.7055,73.6757,0,-546.332,50.742
7.719,73.6817,0,-547.324,50.81
7.73175,73.6875,0,-548.262,50.871
7.7445,73.6934,0,-549.199,50.931
7.75725,73.6992,0,-550.137,50.992
7.77,73.7049,0,-551.075,51.052
7.782,73.7163,0,-551.958,51.107
7.794,73.7274,0,-552.84,51.162
7.8078,73.7325,0,-553.856,51.223
7.8216,73.7376,0,-554.872,51.284
7.8354,73.7426,0,-555.888,51.345
7.8492,73.7476,0,-556.903,51.405
7.863,73.7527,0,-557.919,51.466
7.8825,73.765,0,-559.355,51.55
7.902,73.7772,0,-560.791,51.634
7.9155,73.7885,0,-561.785,51.691
7.929,73.7998,0,-562.78,51.748
7.9405,73.8038,0,-563.627,51.797
7.952,73.8077,0,-564.474,51.845
7.9635,73.8117,0,-565.322,51.894
7.975,73.8156,0,-566.169,51.942
7.9865,73.8196,0,-567.016,51.99
7.998,73.8235,0,-567.864,52.039
8.016,73.8356,0,-569.19,52.114
8.034,73.8476,0,-570.517,52.19
8.0475,73.8537,0,-571.512,52.246
8.061,73.8598,0,-572.508,52.303
8.0745,73.8658,0,-573.503,52.36
8.088,73.8719,0,-574.499,52.416
8.1,73.8781,0,-575.384,52.466
8.112,73.8843,0,-576.269,52.517
8.124,73.8905,0,-577.154,52.567
8.136,73.8967,0,-578.039,52.617
8.15025,73.9026,0,-579.091,52.677
8.1645,73.9084,0,-580.142,52.737
8.17875,73.9143,0,-581.193,52.797
8.193,73.9202,0,-582.245,52.856
8.206,73.9278,0,-583.204,52.911
8.219,73.9356,0,-584.164,52.965
8.232,73.9433,0,-585.123,53.02
8.24475,73.9488,0,-586.065,53.073
8.2575,73.9543,0,-587.006,53.127
8.27025,73.9598,0,-587.948,53.18
8.283,73.9654,0,-588.889,53.233
8.296,73.9735,0.567,-589.849,53.288
8.309,73.9817,1.134,-590.809,53.342
8.322,73.9899,1.701,-591.769,53.396
8.339,73.9975,2.40975,-593.025,53.467
8.356,74.0051,3.1185,-594.281,53.539
8.373,74.0127,3.82725,-595.537,53.61
8.387,74.0201,4.536,-596.572,53.669
8.401,74.0275,5.24475,-597.606,53.728
8.415,74.035,5.9535,-598.641,53.787
8.4285,74.0406,6.5205,-599.639,53.845
8.442,74.0463,7.0875,-600.636,53.903
8.4555,74.052,7.6545,-601.634,53.961
8.469,74.0576,8.2215,-602.632,54.019
8.48025,74.0626,6.768549,-603.464,54.069
8.4915,74.0675,5.315625,-604.296,54.118
8.50275,74.0724,3.862674,-605.127,54.168
8.514,74.0773,2.40975,-605.959,54.218
8.528,74.0847,1.6065,-606.994,54.283
8.542,74.092,0.80325,-608.029,54.347
8.556,74.0992,0,-609.065,54.412
8.571,74.1058,0,-610.174,54.484
8.586,74.1124,0,-611.283,54.556
8.601,74.119,0,-612.392,54.627
8.6145,74.1245,0,-613.391,54.694
8.628,74.1299,0,-614.389,54.762
8.6415,74.1353,0,-615.388,54.829
8.655,74.1407,0,-616.386,54.896
8.66625,74.1464,0,-617.218,54.953
8.6775,74.152,0,-618.051,55.011
8.68875,74.1576,0,-618.883,55.069
8.7,74.1632,0,-619.715,55.126
8.7135,74.1697,0,-620.714,55.197
8.727,74.1762,0,-621.713,55.267
8.7405,74.1827,0,-622.711,55.338
8.754,74.1891,0,-623.71,55.409
8.775,74.2104,0,-625.264,55.52
8.7882,74.2146,0,-626.241,55.591
8.8014,74.2189,0,-627.219,55.661
8.8146,74.2231,0,-628.196,55.732
8.8278,74.2274,0,-629.173,55.802
8.841,74.2316,0,-630.15,55.873
8.854,74.2394,0,-631.112,55.942
8.867,74.2472,0,-632.075,56.012
8.88,74.2549,0,-633.038,56.082
8.89425,74.2602,0,-634.093,56.158
8.9085,74.2656,0,-635.148,56.235
8.92275,74.2709,0,-636.204,56.311
8.937,74.2762,0,-637.259,56.388
8.952,74.2839,0,-638.371,56.468
8.967,74.2916,0,-639.482,56.549
8.982,74.2993,0,-640.593,56.629
8.99325,74.3049,0,-641.427,56.689
9.0045,74.3104,0,-642.261,56.75
9.01575,74.316,0,-643.095,56.81
9.027,74.3216,0,-643.929,56.87
9.042,74.3284,0,-645.041,56.95
9.057,74.3352,0,-646.153,57.03
9.072,74.3419,0,-647.265,57.11
9.084,74.347,0,-648.155,57.174
9.096,74.3521,0,-649.045,57.238
9.108,74.3573,0,-649.934,57.302
9.12,74.3624,0,-650.824,57.365
9.135,74.3702,0.70875,-651.937,57.445
9.15,74.3781,1.4175,-653.05,57.524
9.165,74.3859,2.12625,-654.163,57.604
9.177,74.3914,2.6578125,-655.053,57.668
9.189,74.3968,3.189375,-655.944,57.731
9.201,74.4022,3.720924,-656.834,57.795
9.213,74.4076,4.2525,-657.724,57.859
9.228,74.4149,5.0085,-658.838,57.939
9.243,74.4222,5.7645,-659.951,58.019
9.258,74.4295,6.5205,-661.064,58.099
9.276,74.4502,0,-662.401,58.196
9.2898,74.4545,0,-663.425,58.272
9.3036,74.4587,0,-664.45,58.347
9.3174,74.463,0,-665.475,58.423
9.3312,74.4673,0,-666.499,58.498
9.345,74.4715,0,-667.524,58.574
9.357,74.4785,0,-668.415,58.641
9.369,74.4854,0,-669.306,58.708
9.381,74.4924,0,-670.197,58.775
9.3945,74.4982,-0.1063125,-671.2,58.852
9.408,74.5041,-0.212625,-672.203,58.929
9.4215,74.5099,-0.3189375,-673.206,59.006
9.435,74.5157,-0.42525,-674.208,59.083
9.44925,74.521,-0.99225,-675.267,59.165
9.4635,74.5262,-1.55925,-676.326,59.248
9.47775,74.5313,-2.12625,-677.384,59.33
9.492,74.5365,-2.69325,-678.443,59.413
9.501,74.5471,-3.756375,-679.112,59.465
9.51,74.5577,-4.8195,-679.781,59.518
9.523,74.5614,-4.01625,-680.747,59.593
9.536,74.5651,-3.213,-681.713,59.669
9.549,74.5689,-2.40975,-682.68,59.744
9.562,74.5726,-1.6065,-683.646,59.82
9.575,74.5763,-0.80325,-684.612,59.896
9.588,74.58,0,-685.579,59.971
9.605,74.5872,0,-686.843,60.07
9.622,74.5943,0,-688.107,60.168
9.639,74.6015,0,-689.371,60.266
9.652,74.6086,0,-690.338,60.341
9.665,74.6158,0,-691.305,60.415
9.678,74.6229,0,-692.272,60.49
9.69075,74.6285,0,-693.221,60.562
9.7035,74.6342,0,-694.17,60.635
9.71625,74.6398,0,-695.119,60.707
9.729,74.6454,0,-696.068,60.779
9.747,74.6664,0,-697.407,60.881
9.7605,74.6698,0,-698.413,60.956
9.774,74.6733,0,-699.418,61.032
9.7875,74.6767,0,-700.423,61.107
9.801,74.6801,0,-701.428,61.183
9.8145,74.6835,0,-702.433,61.258
9.828,74.687,0,-703.439,61.333
9.84,74.6938,0,-704.332,61.4
9.852,74.7006,0,-705.226,61.467
9.864,74.7075,0,-706.12,61.533
9.8775,74.7134,0,-707.126,61.608
9.891,74.7193,0,-708.132,61.682
9.9045,74.7252,0,-709.138,61.757
9.918,74.731,0,-710.144,61.831
9.931,74.737,0,-711.113,61.903
9.944,74.743,0,-712.082,61.974
9.957,74.749,0,-713.051,62.046
9.97,74.7566,0,-714.02,62.117
9.983,74.7641,0,-714.989,62.188
9.996,74.7716,0,-715.958,62.259
10.0092,74.7756,0,-716.942,62.332
10.0224,74.7795,0,-717.927,62.404
10.0356,74.7835,0,-718.911,62.476
10.0488,74.7874,0,-719.896,62.548
10.062,74.7914,0,-720.88,62.62
10.075,74.7987,0,-721.85,62.691
10.088,74.8061,0,-722.82,62.762
10.101,74.8135,0,-723.79,62.833
10.1145,74.8189,0,-724.797,62.906
10.128,74.8242,0,-725.804,62.98
10.1415,74.8296,0,-726.812,63.054
10.155,74.835,0,-727.819,63.127
10.173,74.856,0,-729.163,63.225
10.1868,74.8598,0,-730.193,63.3
10.2006,74.8635,0,-731.223,63.375
10.2144,74.8673,0,-732.254,63.45
10.2282,74.8711,0,-733.284,63.525
10.242,74.8749,0,-734.314,63.6
10.2525,74.8802,0.212625,-735.098,63.657
10.263,74.8855,0.42525,-735.882,63.714
10.2735,74.8908,0.637875,-736.667,63.771
10.284,74.8961,0.8505,-737.451,63.827
10.299,74.9032,1.55925,-738.571,63.909
10.314,74.9104,2.268,-739.692,63.99
10.329,74.9175,2.97675,-740.813,64.071
10.3433,74.9223,3.508299,-741.877,64.149
10.3575,74.9271,4.039875,-742.942,64.226
10.3717,74.9318,4.571424,-744.007,64.304
10.386,74.9366,5.103,-745.072,64.381
10.398,74.9413,3.82725,-745.969,64.448
10.41,74.946,2.5515,-746.866,64.514
10.422,74.9506,1.27575,-747.763,64.58
10.434,74.9553,0,-748.66,64.646
10.448,74.9618,0,-749.706,64.724
10.462,74.9684,0,-750.753,64.802
10.476,74.9749,0,-751.799,64.88
10.488,74.9822,0,-752.697,64.947
10.5,74.9895,0,-753.594,65.015
10.512,74.9969,0,-754.491,65.082
10.5278,75.0026,0,-755.669,65.172
10.5435,75.0082,0,-756.847,65.262
10.5592,75.0139,0,-758.025,65.351
10.575,75.0196,0,-759.203,65.441
10.587,75.0259,0,-760.1,65.51
10.599,75.0322,0,-760.998,65.58
10.611,75.0386,0,-761.896,65.649
10.626,75.0449,0,-763.018,65.736
10.641,75.0512,0,-764.14,65.824
10.656,75.0576,0,-765.262,65.911
10.6687,75.0622,0,-766.216,65.986
10.6815,75.0669,0,-767.171,66.06
10.6943,75.0716,0,-768.125,66.135
10.707,75.0763,0,-769.079,66.209
10.7205,75.0823,0,-770.09,66.288
10.734,75.0882,0,-771.1,66.367
10.7475,75.0942,0,-772.111,66.446
10.761,75.1001,0,-773.121,66.526
10.7715,75.11,0.212625,-773.907,66.587
10.782,75.1198,0.42525,-774.694,66.649
10.7958,75.1235,0.8505,-775.727,66.729
10.8096,75.1271,1.27575,-776.761,66.81
10.8234,75.1308,1.701,-777.794,66.891
10.8372,75.1344,2.12625,-778.828,66.972
10.851,75.1381,2.5515,-779.861,67.053
10.863,75.1431,3.1185,-780.76,67.123
10.875,75.1482,3.6855,-781.659,67.194
10.887,75.1533,4.2525,-782.558,67.264
10.899,75.1584,4.8195,-783.457,67.335
10.912,75.1657,5.52825,-784.431,67.411
10.925,75.173,6.237,-785.406,67.488
10.938,75.1802,6.94575,-786.38,67.565
10.954,75.1855,4.6305,-787.579,67.661
10.97,75.1907,2.3152473,-788.778,67.757
10.986,75.1959,0,-789.977,67.853
10.9987,75.2015,0,-790.933,67.932
11.0115,75.2071,0,-791.888,68.01
11.0243,75.2127,0,-792.844,68.088
11.037,75.2182,0,-793.8,68.167
11.049,75.2228,0,-794.699,68.242
11.061,75.2274,0,-795.599,68.318
11.073,75.232,0,-796.498,68.393
11.085,75.2366,0,-797.398,68.469
11.0985,75.2423,0,-798.41,68.556
11.112,75.2479,0,-799.422,68.643
11.1255,75.2535,0,-800.434,68.729
11.139,75.2591,0,-801.446,68.816
11.154,75.2645,0,-802.571,68.915
11.169,75.2697,0,-803.696,69.013
11.184,75.275,0,-804.82,69.111
11.193,75.2872,0,-805.495,69.171
11.202,75.2994,0,-806.17,69.23
11.2185,75.3043,0,-807.408,69.341
11.235,75.3092,0,-808.645,69.451
11.2515,75.314,0,-809.883,69.561
11.268,75.3189,0,-811.12,69.671
11.279,75.3249,0,-811.946,69.744
11.29,75.331,0,-812.771,69.818
11.301,75.337,0,-813.596,69.892
11.3142,75.3408,0,-814.587,69.981
11.3274,75.3446,0,-815.577,70.069
11.3406,75.3484,0,-816.568,70.158
11.3538,75.3521,0,-817.558,70.247
11.367,75.3559,0,-818.549,70.336
11.3805,75.3657,0,-819.562,70.427
11.394,75.3754,0,-820.575,70.518
11.4075,75.3851,0,-821.589,70.609
11.421,75.3948,0,-822.602,70.7
11.434,75.3986,0,-823.578,70.787
11.447,75.4024,0,-824.554,70.874
11.46,75.4062,0,-825.531,70.962
11.473,75.41,0,-826.507,71.049
11.486,75.4138,0,-827.483,71.137
11.499,75.4176,0,-828.459,71.224
11.5132,75.4225,0,-829.53,71.32
11.5275,75.4275,0,-830.6,71.415
11.5417,75.4324,0,-831.671,71.511
11.556,75.4374,0,-832.741,71.607
11.5665,75.4469,0,-833.53,71.677
11.577,75.4565,0,-834.319,71.748
11.592,75.46,0,-835.446,71.848
11.607,75.4635,0,-836.574,71.949
11.622,75.4671,0,-837.701,72.049
11.637,75.4706,0,-838.829,72.15
11.652,75.4741,0,-839.956,72.25
11.664,75.4809,0,-840.858,72.33
11.676,75.4877,0,-841.76,72.411
11.688,75.4945,0,-842.662,72.491
11.7,75.4985,0,-843.565,72.571
11.712,75.5024,0,-844.467,72.651
11.724,75.5064,0,-845.37,72.731
11.736,75.5104,0,-846.272,72.812
11.748,75.5143,0,-847.175,72.892
11.764,75.5209,0,-848.378,72.998
11.78,75.5274,0,-849.582,73.105
11.796,75.534,0,-850.786,73.212
11.81,75.5401,0,-851.839,73.305
11.824,75.5463,0,-852.893,73.399
11.838,75.5524,0,-853.946,73.492
11.85,75.5576,0,-854.849,73.572
11.862,75.5628,0,-855.753,73.652
11.874,75.568,0,-856.656,73.732
11.886,75.5732,0,-857.559,73.812
11.904,75.5666,0,-858.914,73.932
11.916,75.5429,0,-859.817,74.011
11.928,75.5191,0,-860.72,74.091
11.94,75.4954,0,-861.623,74.171
11.952,75.4717,0,-862.526,74.251
11.964,75.448,0,-863.429,74.331
11.976,75.4243,0,-864.332,74.41
11.9925,75.3532,0,-865.572,74.52
12.009,75.2822,0,-866.811,74.629
12.0216,75.2548,0,-867.8,74.717
12.0342,75.2274,0,-868.79,74.804
12.0468,75.2,0,-869.78,74.891
12.0594,75.1727,0,-870.769,74.979
12.072,75.1453,0,-871.759,75.066
12.0833,75.0907,0,-872.544,75.135
12.0945,75.0361,0,-873.33,75.204
12.1057,74.9815,0,-874.115,75.274
12.117,74.9269,0,-874.901,75.343
12.1312,74.7402,0,-875.96,75.436
12.1455,74.5533,0,-877.02,75.529
12.1597,74.3664,0,-878.079,75.622
12.174,74.1794,0,-879.138,75.715
12.1905,73.7015,0,-880.352,75.822
12.207,73.2234,0,-881.565,75.929
12.2205,72.997,0,-882.547,76.015
12.234,72.7706,0,-883.528,76.101
12.2475,72.5443,0,-884.509,76.187
12.261,72.3179,0,-885.49,76.273
12.2745,72.072,0,-886.457,76.358
12.288,71.8261,0,-887.423,76.443
12.3015,71.5803,0,-888.39,76.527
12.315,71.3344,0,-889.357,76.612
12.333,70.4272,0,-890.634,76.724
12.3474,70.2407,0,-891.642,76.812
12.3618,70.0541,0,-892.65,76.9
12.3762,69.8676,0,-893.658,76.988
12.3906,69.681,0,-894.667,77.076
12.405,69.4944,0,-895.675,77.1645
12.416,69.2053,0,-896.434,77.2308
12.427,68.9162,0,-897.193,77.2972
12.438,68.6271,0,-897.952,77.3635
12.453,68.3979,0,-898.974,77.4529
12.468,68.1688,0,-899.995,77.5423
12.483,67.9397,0,-901.017,77.6317
12.498,67.7105,0,-902.039,77.7211
12.516,67.2413,0,-903.248,77.8269
12.534,66.772,0,-904.458,77.9326
12.5475,66.5386,0,-905.353,78.0108
12.561,66.3053,0,-906.248,78.0889
12.5745,66.0719,0,-907.144,78.1671
12.588,65.8386,0,-908.039,78.2452
12.603,65.3866,0.921375,-909.022,78.3313
12.618,64.9345,1.84275,-910.004,78.4174
12.633,64.7093,2.3743125,-910.974,78.5026
12.648,64.484,2.905875,-911.944,78.5878
12.663,64.2588,3.437424,-912.914,78.673
12.678,64.0335,3.969,-913.884,78.7583
12.6945,63.5841,5.103,-914.935,78.8508
12.711,63.1347,6.237,-915.987,78.9433
12.7275,62.9219,4.890375,-917.023,79.0354
12.744,62.7092,3.54375,-918.06,79.1275
12.7605,62.4964,2.197125,-919.096,79.2196
12.777,62.2836,0.8505,-920.133,79.3117
12.792,61.8592,1.913625,-921.062,79.3954
12.807,61.4348,2.97675,-921.991,79.479
12.822,61.1981,2.870424,-922.908,79.5626
12.837,60.9614,2.764125,-923.824,79.6461
12.852,60.7247,2.6578098,-924.74,79.7296
12.867,60.4879,2.5514973,-925.657,79.8132
12.8835,60.0858,1.27575,-926.65,79.9053
12.9,59.6837,0,-927.643,79.9974
12.9172,59.4909,0,-928.665,80.0941
12.9345,59.2982,0,-929.688,80.1909
12.9517,59.1054,0,-930.711,80.2876
12.969,58.9127,0,-931.733,80.3844
12.99,58.5083,0,-932.959,80.5026
13.011,58.104,0,-934.184,80.6209
13.027,57.8007,0,-935.104,80.711
13.043,57.4974,0,-936.025,80.8012
13.059,57.194,0,-936.945,80.8914
13.076,56.9226,0,-937.907,80.987
13.093,56.6512,0,-938.869,81.0827
13.11,56.3798,0,-939.831,81.1784
13.128,55.9516,0,-940.836,81.2793
13.146,55.5234,0,-941.84,81.3803
13.166,55.2601,0,-942.939,81.4919
13.186,54.9968,0,-944.038,81.6035
13.206,54.7335,0,-945.137,81.715
13.2225,54.3575,0.8817984,-946.031,81.8065
13.239,53.9816,1.7635995,-946.924,81.8979
13.259,53.7032,2.733885,-947.992,82.0079
13.279,53.4248,3.704157,-949.059,82.1179
13.299,53.1464,4.674429,-950.126,82.2278
13.3155,52.7039,6.189696,-950.993,82.318
13.332,52.2614,7.704963,-951.86,82.4083
13.3485,52.1451,9.168687,-952.717,82.4984
13.365,52.0287,10.632438,-953.574,82.5885
13.387,52.0039,11.678067,-954.712,82.7115
13.409,51.9788,12.723696,-955.85,82.8344
13.431,51.9537,13.769298,-956.988,82.9574
13.446,51.9161,15.343263,-957.762,83.044
13.461,51.8785,16.917228,-958.536,83.1306
13.484,51.8474,18.102231,-959.721,83.2693
13.507,51.8163,19.287261,-960.906,83.408
13.53,51.785,20.472291,-962.091,83.5467
13.5465,51.7513,21.661695,-962.938,83.6516
13.563,51.7174,22.851099,-963.786,83.7565
13.583,51.6881,15.234075,-964.811,83.8916
13.603,51.6587,7.617024,-965.836,84.0267
13.623,51.6291,0,-966.861,84.1619
13.641,51.5936,0,-967.781,84.291
13.659,51.558,0,-968.701,84.42
13.679,51.5399,0,-969.721,84.5709
13.699,51.5217,0,-970.74,84.7218
13.719,51.5035,0,-971.76,84.8726
13.737,51.4855,1.1043891,-972.676,85.0139
13.755,51.4673,2.2087755,-973.592,85.1552
13.773,51.4747,3.815856,-974.507,85.2998
13.791,51.4819,5.422923,-975.422,85.4444
13.813,51.4987,6.425811,-976.541,85.626
13.835,51.5154,7.428672,-977.659,85.8076
13.857,51.5321,8.431533,-978.777,85.9893
13.872,51.5636,10.031823,-979.54,86.116
13.887,51.5951,11.632113,-980.302,86.2428
13.908,51.6156,12.62952,-981.371,86.4244
13.929,51.6362,13.626927,-982.439,86.606
13.95,51.6567,14.624334,-983.508,86.7876
13.965,51.6906,16.215228,-984.271,86.9208
13.98,51.7245,17.806122,-985.035,87.054
14.002,51.7447,18.797427,-986.155,87.2558
14.024,51.7649,19.788732,-987.275,87.4577
14.046,51.7852,20.78001,-988.396,87.6595
14.0655,51.8468,23.83992,-989.389,87.846
14.085,51.9079,26.89983,-990.382,88.0325
14.1024,51.9183,27.52893,-991.267,88.2097
14.1198,51.9287,28.15776,-992.152,88.3868
14.1372,51.9391,28.78686,-993.038,88.5639
14.1546,51.9495,29.41596,-993.923,88.741
14.172,51.9598,30.04506,-994.808,88.9182
14.194,51.9776,29.25909,-995.926,89.1619
14.216,51.9954,28.47339,-997.043,89.4055
14.238,52.013,27.68742,-998.161,89.6492
14.259,52.0413,13.843764,-999.225,89.8962
14.28,52.0695,0,-1000.29,90.1432
14.298,52.1005,0,-1001.202,90.3622
14.316,52.1316,0,-1002.114,90.5812
14.337,52.1711,0,-1003.177,90.8445
14.358,52.2103,0,-1004.24,91.1077
14.3745,52.2288,0,-1005.075,91.3219
14.391,52.2472,0,-1005.91,91.5362
14.4075,52.2656,0,-1006.745,91.7505
14.424,52.2838,0,-1007.58,91.9647
14.442,52.3247,0.3856032,-1008.49,92.2048
14.46,52.3653,0.7712064,-1009.401,92.4449
14.487,52.4055,2.3100201,-1010.767,92.8109
14.514,52.4456,3.848823,-1012.134,93.177
14.5335,52.4887,5.381829,-1013.122,93.4446
14.553,52.5317,6.914835,-1014.109,93.7123
14.568,52.5505,7.678422,-1014.869,93.9206
14.583,52.5692,8.442009,-1015.63,94.1288
14.598,52.588,9.205596,-1016.39,94.3371
14.613,52.6067,9.96921,-1017.15,94.5454
14.6325,52.6439,11.395971,-1018.14,94.8195
14.652,52.681,12.822759,-1019.129,95.0936
14.6715,52.7164,14.244687,-1020.118,95.3711
14.691,52.7517,15.666588,-1021.108,95.6485
14.7165,52.7892,17.178075,-1022.402,96.0177
14.742,52.8265,18.689562,-1023.695,96.3869
14.754,52.8587,20.101905,-1024.304,96.5638
14.766,52.8908,21.514248,-1024.913,96.7407
14.7855,52.9068,22.265226,-1025.901,97.0364
14.805,52.9229,23.016177,-1026.889,97.3322
14.8245,52.9388,23.767155,-1027.878,97.6279
14.844,52.9548,24.518106,-1028.866,97.9237
14.877,53.0097,27.32616,-1030.535,98.4421
14.895,53.0668,30.31344,-1031.445,98.7299
14.9124,53.0761,30.9096,-1032.322,99.0188
14.9298,53.0854,31.50549,-1033.199,99.3076
14.9472,53.0947,32.10138,-1034.076,99.5964
14.9646,53.104,32.69727,-1034.953,99.8852
14.982,53.1133,33.29316,-1035.83,100.174
15.0045,53.1517,36.17055,-1036.96,100.5662
15.027,53.1895,39.04794,-1038.089,100.9584
15.0444,53.1954,39.64032,-1038.958,101.2778
15.0618,53.2012,40.2327,-1039.827,101.5972
15.0792,53.207,40.82508,-1040.695,101.9166
15.0966,53.2128,41.41746,-1041.564,102.236
15.114,53.2186,42.00984,-1042.433,102.5554
15.132,53.228,43.39656,-1043.327,102.9018
15.15,53.2372,44.78301,-1044.22,103.2482
15.171,53.2433,45.70641,-1045.257,103.6683
15.192,53.2493,46.62981,-1046.294,104.0883
15.213,53.2553,47.55321,-1047.33,104.5084
15.228,53.2578,49.0293,-1048.067,104.8195
15.243,53.2601,50.50539,-1048.803,105.1305
15.266,53.2598,51.42744,-1049.924,105.6262
15.289,53.2594,52.34976,-1051.046,106.1218
15.312,53.2589,53.27181,-1052.167,106.6175
15.327,53.2554,56.22237,-1052.893,106.9516
15.3457,53.2545,56.96001,-1053.795,107.3838
15.3645,53.2536,57.69765,-1054.696,107.816
15.3833,53.2527,58.43529,-1055.597,108.2481
15.402,53.2518,59.17293,-1056.498,108.6803
15.417,53.2506,60.09498,-1057.212,109.0408
15.432,53.2493,61.01703,-1057.926,109.4012
15.447,53.248,61.93908,-1058.639,109.7617
15.4695,53.2441,51.10263,-1059.702,110.3179
15.492,53.2401,40.26618,-1060.765,110.874
15.509,53.2436,27.50868,-1061.561,111.3063
15.526,53.247,14.751261,-1062.357,111.7387
15.543,53.2505,1.9937637,-1063.154,112.171
15.567,53.2652,0.9968805,-1064.269,112.7987
15.591,53.28,0,-1065.385,113.4263
15.609,53.3235,0,-1066.217,113.9057
15.6255,53.3394,0,-1066.975,114.3553
15.642,53.3552,0,-1067.732,114.805
15.6585,53.3707,0,-1068.489,115.2547
15.675,53.386,0,-1069.247,115.7043
15.693,53.4191,0,-1070.066,116.2077
15.711,53.4509,0,-1070.886,116.7111
15.733,53.4771,0,-1071.881,117.3395
15.755,53.5026,0,-1072.875,117.968
15.777,53.5275,0,-1073.87,118.5965
15.795,53.5698,0,-1074.681,119.1192
15.813,53.611,0,-1075.491,119.642
15.833,53.6357,0,-1076.389,120.2289
15.853,53.6603,0,-1077.287,120.8158
15.873,53.6846,0,-1078.185,121.4027
15.891,53.7261,0,-1078.992,121.9344
15.909,53.7673,0,-1079.8,122.4661
15.927,53.8055,0,-1080.608,122.9994
15.945,53.8435,0,-1081.416,123.5327
15.9615,53.8632,0,-1082.157,124.0227
15.978,53.8828,0,-1082.898,124.5128
15.9945,53.9024,0,-1083.64,125.0028
16.011,53.9221,0,-1084.381,125.4929
16.0335,53.9624,0.8936757,-1085.394,126.1623
16.056,54.0027,1.7873514,-1086.407,126.8318
16.0755,54.0384,3.124116,-1087.286,127.4128
16.095,54.0742,4.460886,-1088.165,127.9937
16.116,54.114,5.881572,-1089.112,128.6204
16.137,54.1538,7.302231,-1090.059,129.2472
16.155,54.1891,8.629524,-1090.872,129.7857
16.173,54.2244,9.956844,-1091.684,130.3243
16.1888,54.2444,10.662219,-1092.395,130.7978
16.2045,54.2645,11.367621,-1093.106,131.2714
16.2202,54.2846,12.073023,-1093.817,131.7449
16.236,54.3046,12.778425,-1094.528,132.2184
16.254,54.3402,14.18418,-1095.34,132.7632
16.272,54.3758,15.589935,-1096.152,133.308
16.294,54.3983,16.46568,-1097.142,133.98
16.316,54.4207,17.341425,-1098.132,134.6519
16.338,54.443,18.21717,-1099.122,135.3239
16.3545,54.4758,19.61388,-1099.862,135.8333
16.371,54.5085,21.01059,-1100.603,136.3428
16.389,54.5286,21.938904,-1101.407,136.9047
16.407,54.5486,22.867245,-1102.212,137.4666
16.425,54.5685,23.795559,-1103.012,138.0285
16.4415,54.5962,25.097283,-1103.752,138.55
16.458,54.6238,26.399034,-1104.482,139.0716
16.473,54.6495,27.78408,-1105.152,139.5505
16.488,54.6752,29.16918,-1105.812,140.0294
16.5075,54.6862,29.81691,-1106.672,140.6632
16.527,54.6971,30.46464,-1107.532,141.2969
16.5465,54.708,31.11237,-1108.382,141.9307
16.566,54.7189,31.7601,-1109.242,142.5645
16.584,54.7412,33.22485,-1110.032,143.161
16.602,54.7633,34.68987,-1110.812,143.7576
16.625,54.7743,35.54982,-1111.802,144.5335
16.648,54.7852,36.40977,-1112.802,145.3095
16.671,54.796,37.26972,-1113.792,146.0855
16.689,54.814,18.634806,-1114.562,146.7041
16.707,54.8316,0,-1115.332,147.3227
16.7213,54.8429,0,-1115.932,147.8201
16.7355,54.8541,0,-1116.532,148.3176
16.7498,54.8654,0,-1117.142,148.815
16.764,54.8767,0,-1117.742,149.3124
16.794,54.9426,0,-1119.002,150.3742
16.813,54.9653,0,-1119.792,151.0553
16.832,54.9876,0,-1120.582,151.7364
16.851,55.0097,0,-1121.382,152.4175
16.866,55.0343,0,-1122.002,152.9617
16.881,55.0586,0,-1122.622,153.5058
16.896,55.0826,0,-1123.242,154.0499
16.92,55.1183,0,-1124.232,154.9273
16.944,55.1536,0,-1125.222,155.8046
16.958,55.1809,0.11234727,-1125.792,156.3191
16.972,55.2082,0.22469454,-1126.372,156.8337
16.986,55.2354,0.337041,-1126.952,157.3482
17.004,55.2579,1.1781531,-1127.692,158.0124
17.022,55.2803,2.0192652,-1128.432,158.6765
17.04,55.3027,2.86038,-1129.172,159.3407
17.064,55.3409,4.201605,-1130.162,160.2291
17.088,55.3792,5.542857,-1131.142,161.1175
17.106,55.4536,8.215803,-1131.882,161.7852
17.124,55.4706,8.840151,-1132.622,162.455
17.142,55.4875,9.464472,-1133.362,163.1248
17.16,55.5045,10.088793,-1134.102,163.7946
17.178,55.5215,10.713141,-1134.842,164.4645
17.195,55.5461,11.598228,-1135.542,165.1006
17.212,55.5706,12.483342,-1136.242,165.7368
17.229,55.5951,13.368456,-1136.942,166.373
17.247,55.6582,15.849486,-1137.682,167.0494
17.2642,55.6752,16.509069,-1138.382,167.70165
17.2815,55.6922,17.168625,-1139.082,168.35387
17.2987,55.7092,17.828208,-1139.792,169.0061
17.316,55.7261,18.487791,-1140.492,169.65832
17.333,55.7463,19.364589,-1141.182,170.30756
17.35,55.7663,20.241387,-1141.872,170.95679
17.367,55.7864,21.118212,-1142.572,171.60603
17.3865,55.8134,22.34763,-1143.352,172.35738
17.406,55.8402,23.577048,-1144.142,173.10872
17.422,55.8578,24.44904,-1144.782,173.73098
17.438,55.8753,25.321005,-1145.422,174.35324
17.454,55.8928,26.192997,-1146.062,174.9755
17.4765,55.9148,27.49788,-1146.962,175.86008
17.499,55.9366,28.80306,-1147.852,176.744656
17.514,55.9465,29.41326,-1148.442,177.3425
17.529,55.9563,30.02373,-1149.032,177.940344
17.544,55.9661,30.6342,-1149.622,178.53819
17.559,55.9758,31.2444,-1150.212,179.13603
17.583,56.0077,33.7608,-1151.142,180.10657
17.607,56.0393,36.2772,-1152.072,181.07712
17.6238,56.0428,36.7632,-1152.712,181.76863
17.6406,56.0464,37.2492,-1153.352,182.46014
17.6574,56.0499,37.7352,-1153.992,183.15166
17.6742,56.0535,38.2212,-1154.632,183.84317
17.691,56.057,38.7072,-1155.272,184.53468
17.718,56.0721,38.583,-1156.282,185.66251
17.736,56.0782,28.93725,-1156.942,186.42459
17.754,56.0843,19.291446,-1157.602,187.1867
17.772,56.0903,9.645723,-1158.262,187.9488
17.79,56.0963,0,-1158.932,188.7108
17.805,56.1332,0,-1159.472,189.353
17.8236,56.157,0,-1160.142,190.1585
17.8422,56.1805,0,-1160.802,190.964
17.8608,56.2038,0,-1161.472,191.7695
17.8794,56.2268,0,-1162.132,192.575
17.898,56.2497,0,-1162.802,193.3805
17.9145,56.2663,0.4406049,-1163.382,194.1068
17.931,56.2828,0.8812071,-1163.962,194.8331
17.9475,56.299,1.321812,-1164.532,195.5594
17.964,56.3151,1.7624142,-1165.112,196.2857
17.979,56.3512,3.040902,-1165.632,196.9518
17.994,56.3865,4.319406,-1166.152,197.6179
18.0105,56.4032,4.916916,-1166.722,198.3556
18.027,56.4198,5.514399,-1167.292,199.0933
18.0435,56.4364,6.111909,-1167.852,199.831
18.06,56.4528,6.709392,-1168.422,200.5686
18.093,56.5198,9.092223,-1169.552,202.0519
18.109,56.5423,9.936621,-1170.092,202.7736
18.125,56.5648,10.781019,-1170.642,203.4954
18.141,56.5872,11.62539,-1171.182,204.2172
18.1575,56.6052,12.256704,-1171.742,204.9653
18.174,56.6232,12.888018,-1172.302,205.7134
18.1905,56.6411,13.519332,-1172.862,206.4614
18.207,56.6591,14.150646,-1173.422,207.2095
18.225,56.72,16.510581,-1174.032,208.0288
18.2437,56.7358,17.138007,-1174.662,208.8866
18.2625,56.7517,17.765406,-1175.282,209.7444
18.2812,56.7674,18.392805,-1175.912,210.6022
18.3,56.7832,19.020204,-1176.542,211.4599
18.318,56.8375,21.519216,-1177.142,212.2889
18.336,56.8913,24.018228,-1177.742,213.1179
18.354,56.8993,24.407217,-1178.332,213.9557
18.372,56.9073,24.796233,-1178.922,214.7935
18.39,56.9152,25.185222,-1179.502,215.6313
18.408,56.9232,25.574238,-1180.092,216.4691
18.426,56.9311,25.963254,-1180.682,217.3068
18.444,56.9391,26.352243,-1181.272,218.1446
18.462,56.9604,27.59427,-1181.852,218.9925
18.48,56.9816,28.83627,-1182.422,219.8404
18.4995,56.9991,29.99835,-1183.042,220.765
18.519,57.0165,31.16043,-1183.662,221.6895
18.5355,57.0237,31.77927,-1184.172,222.4789
18.552,57.0309,32.39811,-1184.682,223.2683
18.5685,57.0381,33.01668,-1185.192,224.0576
18.585,57.0452,33.63552,-1185.712,224.847
18.601,57.0543,34.40772,-1186.192,225.6203
18.617,57.0633,35.17992,-1186.682,226.3936
18.633,57.0723,35.95212,-1187.162,227.1669
18.6525,57.082,37.18602,-1187.752,228.1169
18.672,57.0916,38.42019,-1188.332,229.0669
18.688,57.0946,39.1905,-1188.792,229.8527
18.704,57.0976,39.96108,-1189.262,230.6384
18.72,57.1005,40.73166,-1189.732,231.4241
18.741,57.1026,41.96367,-1190.332,232.464
18.762,57.1046,43.19568,-1190.922,233.5039
18.778,57.1035,44.01675,-1191.372,234.3028
18.794,57.1023,44.83782,-1191.812,235.1017
18.81,57.1011,45.65889,-1192.262,235.9006
18.825,57.1018,46.42839,-1192.662,236.6558
18.84,57.1025,47.19789,-1193.072,237.411
18.855,57.1032,47.96766,-1193.472,238.1661
18.873,57.0984,48.78846,-1193.952,239.0799
18.891,57.0936,49.60953,-1194.422,239.9937
18.909,57.0888,50.43033,-1194.892,240.9076
18.9315,57.0816,51.66207,-1195.462,242.0591
18.954,57.0744,52.89381,-1196.042,243.2106
18.971,57.0701,49.20588,-1196.452,244.0871
18.988,57.0658,45.51822,-1196.872,244.9637
19.005,57.0615,41.83056,-1197.292,245.8402
19.02,57.0579,29.07306,-1197.652,246.6192
19.035,57.0542,16.315479,-1198.012,247.3982
19.05,57.0506,3.557979,-1198.362,248.1771
19.068,57.0679,0,-1198.782,249.1161
19.0883,57.0767,0,-1199.242,250.1797
19.1085,57.0855,0,-1199.692,251.2434
19.1287,57.0942,0,-1200.152,252.307
19.149,57.1028,0,-1200.612,253.3707
19.162,57.1218,0,-1200.892,254.059
19.175,57.1404,0,-1201.172,254.7474
19.188,57.1586,0,-1201.452,255.4357
19.206,57.1865,-0.153306,-1201.832,256.393
19.224,57.2133,-0.306612,-1202.212,257.3504
19.243,57.2374,-1.1230407,-1202.602,258.366
19.262,57.2608,-1.9394694,-1202.992,259.3816
19.281,57.2837,-2.75589,-1203.382,260.3971
19.296,57.3523,-5.045895,-1203.682,261.2017
19.3155,57.372,-5.654583,-1204.062,262.2515
19.335,57.3914,-6.263271,-1204.452,263.3012
19.3545,57.4107,-6.871932,-1204.842,264.351
19.374,57.4297,-7.48062,-1205.222,265.4008
19.3935,57.466,-3.74031,-1205.602,266.4539
19.413,57.5017,0,-1205.992,267.507
19.4287,57.5175,0,-1206.292,268.3589
19.4445,57.5333,0,-1206.602,269.2108
19.4603,57.5491,0,-1206.912,270.0627
19.476,57.5648,0,-1207.222,270.9146
19.4895,57.6015,0,-1207.482,271.6454
19.503,57.6382,0,-1207.752,272.3763
19.524,57.6598,0,-1208.162,273.514
19.545,57.6814,0,-1208.582,274.6518
19.566,57.703,0,-1208.992,275.7895
19.579,57.7281,0.4487049,-1209.252,276.4943
19.592,57.7533,0.8974098,-1209.512,277.199
19.605,57.7784,1.3461174,-1209.762,277.904
19.626,57.8096,2.4651432,-1210.182,279.043
19.647,57.8407,3.584169,-1210.602,280.183
19.665,57.8629,4.327938,-1210.962,281.16
19.683,57.8851,5.071707,-1211.322,282.138
19.701,57.9073,5.815449,-1211.682,283.116
19.719,57.9749,8.188047,-1212.042,284.094
19.737,57.9911,8.742384,-1212.392,285.074
19.755,58.0073,9.296721,-1212.752,286.054
19.773,58.0235,9.851058,-1213.112,287.035
19.791,58.0397,10.405395,-1213.472,288.015
19.809,58.071,11.584404,-1213.822,288.997
19.827,58.1022,12.763386,-1214.182,289.98
19.842,58.117,13.314402,-1214.472,290.801
19.857,58.1318,13.865418,-1214.772,291.621
19.872,58.1466,14.416407,-1215.062,292.442
19.887,58.1614,14.967423,-1215.352,293.263
19.908,58.1901,16.139736,-1215.762,294.416
19.929,58.2186,17.312022,-1216.162,295.568
19.944,58.2311,17.860095,-1216.452,296.395
19.959,58.2436,18.408168,-1216.732,297.221
19.974,58.2561,18.956241,-1217.012,298.047
19.989,58.2686,19.504287,-1217.302,298.874
20.004,58.2921,20.670525,-1217.572,299.703
20.019,58.3157,21.836763,-1217.852,300.532
20.04,58.3331,22.6125,-1218.232,301.697
20.061,58.3504,23.38821,-1218.612,302.862
20.082,58.3677,24.163947,-1218.992,304.027
20.0985,58.3855,25.252398,-1219.282,304.946
20.115,58.4033,26.340849,-1219.572,305.865
20.133,58.4144,27.06507,-1219.872,306.871
20.151,58.4254,27.78948,-1220.182,307.877
20.169,58.4365,28.51362,-1220.492,308.883
20.184,58.447,29.28501,-1220.732,309.724
20.199,58.4575,30.0564,-1220.982,310.566
20.214,58.4678,30.82779,-1221.222,311.408
20.2335,58.4786,31.91103,-1221.532,312.506
20.253,58.4893,32.994,-1221.842,313.604
20.271,58.4956,33.76323,-1222.112,314.622
20.289,58.5018,34.53246,-1222.382,315.639
20.307,58.508,35.30169,-1222.662,316.657
20.316,58.5153,36.45459,-1222.792,317.167
20.325,58.5226,37.60749,-1222.922,317.677
20.343,58.5251,38.14749,-1223.172,318.701
20.361,58.5275,38.68749,-1223.422,319.725
20.379,58.5299,39.22749,-1223.662,320.749
20.397,58.5323,39.76749,-1223.912,321.773
20.4195,58.5345,40.9185,-1224.212,323.059
20.442,58.5365,42.06951,-1224.502,324.344
20.4562,58.5369,32.53743,-1224.682,325.204
20.4705,58.5373,23.005134,-1224.862,326.063
20.4848,58.5375,13.472973,-1225.042,326.923
20.499,58.5377,3.940812,-1225.222,327.783
20.516,58.5433,2.6272134,-1225.402,328.703
20.533,58.5488,1.3136067,-1225.582,329.624
20.55,58.5542,0,-1225.762,330.544
20.571,58.5728,0,-1225.982,331.755
20.592,58.5912,0,-1226.202,332.967
20.609,58.6099,0,-1226.362,333.95
20.626,58.6283,0,-1226.532,334.933
20.643,58.6462,0,-1226.692,335.917
20.658,58.7033,0,-1226.832,336.786
20.673,58.7212,0,-1226.962,337.656
20.688,58.7389,0,-1227.102,338.527
20.703,58.7563,0,-1227.232,339.398
20.718,58.7734,0,-1227.362,340.269
20.739,58.7947,0,-1227.532,341.491
20.76,58.8157,0,-1227.712,342.713
20.781,58.8365,0,-1227.882,343.935
20.7975,58.8599,0,-1228.022,344.898
20.814,58.8831,0,-1228.152,345.86
20.8305,58.9063,0,-1228.282,346.823
20.847,58.9294,0,-1228.412,347.785
20.865,58.9597,0,-1228.552,348.837
20.883,58.9899,0,-1228.702,349.888
20.896,59.0133,0,-1228.802,350.648
20.909,59.0367,0,-1228.902,351.409
20.922,59.0601,0,-1229.002,352.169
20.9385,59.0764,0.1063125,-1229.132,353.135
20.955,59.0928,0.212625,-1229.262,354.101
20.9715,59.1091,0.3189375,-1229.392,355.067
20.988,59.1255,0.42525,-1229.522,356.033
21.009,59.1553,1.488375,-1229.692,357.264
21.03,59.185,2.5515,-1229.852,358.495
21.0495,59.2189,3.6855,-1230.012,359.64
21.069,59.2527,4.8195,-1230.162,360.784
21.084,59.2682,5.3865,-1230.282,361.665
21.099,59.2836,5.9535,-1230.402,362.546
21.114,59.2991,6.5205,-1230.522,363.428
21.129,59.3145,7.0875,-1230.632,364.309
21.144,59.3356,7.79625,-1230.752,365.191
21.159,59.3567,8.505,-1230.872,366.074
21.174,59.3777,9.21375,-1230.982,366.956
21.1935,59.4071,10.276875,-1231.132,368.105
21.213,59.4364,11.34,-1231.282,369.254
21.231,59.4567,12.096,-1231.422,370.316
21.249,59.4769,12.852,-1231.552,371.377
21.267,59.4972,13.608,-1231.682,372.439
21.282,59.5233,14.671125,-1231.792,373.325
21.297,59.5492,15.734277,-1231.902,374.211
21.316,59.5672,16.490277,-1232.032,375.336
21.335,59.585,17.24625,-1232.162,376.46
21.354,59.6028,18.002277,-1232.302,377.584
21.3675,59.6272,19.065375,-1232.392,378.383
21.381,59.6515,20.1285,-1232.472,379.183
21.399,59.6633,18.675576,-1232.582,380.252
21.417,59.675,17.222625,-1232.692,381.32
21.435,59.6868,15.769674,-1232.802,382.389
21.453,59.6986,14.31675,-1232.912,383.457
21.468,59.7425,0,-1233.002,384.349
21.4842,59.7539,0,-1233.082,385.313
21.5004,59.7652,0,-1233.162,386.278
21.5166,59.7765,0,-1233.252,387.242
21.5328,59.7879,0,-1233.332,388.207
21.549,59.7992,0,-1233.422,389.171
21.564,59.8637,0,-1233.492,390.065
21.582,59.8789,0,-1233.572,391.14
21.6,59.894,0,-1233.652,392.215
21.618,59.9091,0,-1233.732,393.289
21.636,59.924,0,-1233.812,394.364
21.649,59.9435,0.567,-1233.872,395.142
21.662,59.9628,1.134,-1233.922,395.919
21.675,59.982,1.701,-1233.982,396.696
21.695,60.0023,2.40975,-1234.062,397.894
21.715,60.0226,3.1185,-1234.142,399.091
21.735,60.0428,3.82725,-1234.222,400.288
21.7515,60.0769,4.96125,-1234.282,401.278
21.768,60.111,6.09525,-1234.352,402.267
21.786,60.1312,6.85125,-1234.412,403.347
21.804,60.1514,7.60725,-1234.482,404.427
21.822,60.1716,8.36325,-1234.552,405.507
21.837,60.1904,9.072,-1234.602,406.408
21.852,60.2092,9.78075,-1234.662,407.309
21.867,60.2279,10.4895,-1234.712,408.211
21.8865,60.258,11.6235,-1234.782,409.383
21.906,60.288,12.7575,-1234.852,410.556
21.9225,60.303,13.3245,-1234.902,411.55
21.939,60.318,13.8915,-1234.962,412.543
21.9555,60.333,14.4585,-1235.012,413.537
21.972,60.3479,15.0255,-1235.062,414.531
21.981,60.3713,16.088652,-1235.092,415.073
21.99,60.3946,17.151777,-1235.122,415.616
22.008,60.4177,18.250326,-1235.162,416.702
22.026,60.4407,19.348875,-1235.212,417.789
22.044,60.4635,20.447451,-1235.262,418.875
22.062,60.4863,21.546,-1235.302,419.961
22.08,60.4956,17.2368,-1235.342,421.05
22.098,60.5049,12.9276,-1235.372,422.138
22.116,60.5142,8.6184,-1235.402,423.226
22.134,60.5235,4.3092,-1235.432,424.315
22.152,60.5328,0,-1235.472,425.403
22.167,60.5495,0,-1235.482,426.311
22.182,60.5663,0,-1235.502,427.22
22.197,60.583,0,-1235.522,428.128
22.2165,60.6139,0,-1235.542,429.31
22.236,60.6447,0,-1235.552,430.491
22.2488,60.6587,0,-1235.562,431.265
22.2615,60.6727,0,-1235.562,432.038
22.2743,60.6866,0,-1235.572,432.812
22.287,60.7005,0,-1235.582,433.585
22.305,60.7218,-0.756,-1235.582,434.678
22.323,60.743,-1.512,-1235.582,435.771
22.341,60.7641,-2.268,-1235.592,436.864
22.362,60.7948,-3.402,-1235.592,438.141
22.383,60.8253,-4.536,-1235.592,439.418
22.3958,60.8408,-3.402,-1235.592,440.193
22.4085,60.8562,-2.268,-1235.592,440.969
22.4212,60.8716,-1.134,-1235.592,441.745
22.434,60.887,0,-1235.592,442.521
22.4535,60.9169,0,-1235.592,443.709
22.473,60.9468,0,-1235.592,444.896
22.489,60.9655,0,-1235.592,445.872
22.505,60.9842,0,-1235.592,446.847
22.521,61.0029,0,-1235.592,447.823
22.536,61.0235,-0.70875,-1235.592,448.738
22.551,61.044,-1.4175,-1235.602,449.653
22.566,61.0646,-2.12625,-1235.602,450.569
22.583,61.0853,-2.88225,-1235.602,451.607
22.6,61.1061,-3.63825,-1235.602,452.646
22.617,61.1268,-4.39425,-1235.612,453.684
22.6395,61.1567,-2.197125,-1235.612,455.06
22.662,61.1865,0,-1235.622,456.435
22.6748,61.1992,0,-1235.622,457.216
22.6875,61.2119,0,-1235.632,457.996
22.7002,61.2245,0,-1235.632,458.776
22.713,61.2371,0,-1235.642,459.557
22.7355,61.2684,0,-1235.642,460.935
22.758,61.2996,0,-1235.652,462.314
22.776,61.36,0,-1235.662,463.417
22.7916,61.3708,0,-1235.672,464.374
22.8072,61.3815,0,-1235.682,465.331
22.8228,61.3922,0,-1235.692,466.289
22.8384,61.403,0,-1235.702,467.246
22.854,61.4137,0,-1235.702,468.203
22.869,61.4342,0,-1235.712,469.125
22.884,61.4546,0,-1235.722,470.046
22.899,61.4751,0,-1235.732,470.968
22.913,61.4944,-0.23625,-1235.742,471.828
22.927,61.5136,-0.4725,-1235.752,472.689
22.941,61.5329,-0.70875,-1235.762,473.55
22.957,61.5522,-1.4175,-1235.772,474.535
22.973,61.5715,-2.12625,-1235.782,475.519
22.989,61.5907,-2.835,-1235.792,476.504
23.0055,61.618,-3.898125,-1235.802,477.52
23.022,61.6452,-4.96125,-1235.812,478.537
23.0392,61.6588,-5.52825,-1235.832,479.6
23.0565,61.6724,-6.09525,-1235.842,480.664
23.0737,61.686,-6.66225,-1235.852,481.727
23.091,61.6995,-7.22925,-1235.862,482.791
23.112,61.728,-3.614625,-1235.882,484.087
23.133,61.7565,0,-1235.902,485.383
23.1458,61.7722,0,-1235.912,486.171
23.1585,61.788,0,-1235.922,486.958
23.1712,61.8037,0,-1235.942,487.746
23.184,61.8194,0,-1235.952,488.533
23.2,61.8356,0,-1235.972,489.523
23.216,61.8516,0,-1235.982,490.512
23.232,61.8677,0,-1236.002,491.501
23.2485,61.8959,0,-1236.022,492.522
23.265,61.924,0,-1236.042,493.543
23.28,61.9527,0,-1236.062,494.472
23.295,61.9815,0,-1236.072,495.401
23.313,61.9942,0,-1236.102,496.516
23.331,62.007,0,-1236.122,497.632
23.349,62.0197,0,-1236.142,498.747
23.367,62.0324,0,-1236.172,499.863
23.3835,62.0609,-0.496125,-1236.192,500.886
23.4,62.0894,-0.99225,-1236.212,501.91
23.415,62.1036,-1.55925,-1236.232,502.841
23.43,62.1178,-2.12625,-1236.252,503.772
23.445,62.132,-2.69325,-1236.272,504.704
23.46,62.1462,-3.26025,-1236.292,505.635
23.477,62.164,-3.969,-1236.322,506.692
23.494,62.1818,-4.67775,-1236.342,507.748
23.511,62.1996,-5.3865,-1236.372,508.805
23.526,62.2192,-3.591,-1236.392,509.738
23.541,62.2387,-1.7955,-1236.412,510.671
23.556,62.2582,0,-1236.442,511.604
23.577,62.2838,0,-1236.472,512.911
23.598,62.3093,0,-1236.502,514.219
23.613,62.3268,0,-1236.532,515.153
23.628,62.3443,0,-1236.552,516.088
23.643,62.3617,0,-1236.582,517.023
23.6572,62.3752,0,-1236.602,517.911
23.6715,62.3887,0,-1236.622,518.8
23.6858,62.4022,0,-1236.652,519.688
23.7,62.4157,0,-1236.672,520.577
23.7165,62.444,0,-1236.702,521.607
23.733,62.4722,0,-1236.732,522.637
23.748,62.4853,0,-1236.762,523.574
23.763,62.4985,0,-1236.782,524.511
23.778,62.5117,0,-1236.812,525.448
23.793,62.5248,0,-1236.842,526.385
23.8095,62.5515,0,-1236.872,527.416
23.826,62.5782,0,-1236.902,528.448
23.8485,62.6036,0,-1236.942,529.855
23.871,62.629,0,-1236.982,531.263
23.8845,62.6425,0,-1237.012,532.108
23.898,62.656,0,-1237.032,532.954
23.9115,62.6694,0,-1237.062,533.799
23.925,62.6829,0,-1237.082,534.644
23.941,62.7021,0,-1237.112,535.647
23.957,62.7212,0,-1237.142,536.65
23.973,62.7404,0,-1237.172,537.653
23.988,62.7922,0,-1237.202,538.593
24.0048,62.8027,0,-1237.232,539.648
24.0216,62.8131,0,-1237.262,540.702
24.0384,62.8236,0,-1237.302,541.757
24.0552,62.834,0,-1237.332,542.811
24.072,62.8444,0,-1237.362,543.866
24.085,62.861,0,-1237.382,544.683
24.098,62.8774,0,-1237.412,545.5
24.111,62.8939,0,-1237.432,546.317
24.132,62.922,0,-1237.472,547.637
24.153,62.9501,0,-1237.512,548.958
24.1672,62.9622,0,-1237.542,549.854
24.1815,62.9742,0,-1237.562,550.751
24.1957,62.9863,0,-1237.592,551.648
24.21,62.9983,0,-1237.622,552.545
24.228,63.0528,0,-1237.652,553.679
24.246,63.0662,0.1063125,-1237.692,554.813
24.264,63.0796,0.212625,-1237.722,555.948
24.282,63.093,0.3189375,-1237.752,557.082
24.3,63.1064,0.42525,-1237.792,558.217
24.312,63.1211,1.063125,-1237.812,558.974
24.324,63.1357,1.701,-1237.832,559.731
24.336,63.1503,2.338875,-1237.862,560.488
24.348,63.1649,2.97675,-1237.882,561.246
24.369,63.1876,3.898125,-1237.922,562.572
24.39,63.2103,4.8195,-1237.962,563.898
24.406,63.2254,3.213,-1237.992,564.909
24.422,63.2404,1.6065,-1238.022,565.92
24.438,63.2554,0,-1238.052,566.932
24.455,63.2742,0,-1238.082,568.007
24.472,63.293,0,-1238.112,569.082
24.489,63.3118,0,-1238.142,570.158
24.504,63.3288,0,-1238.172,571.107
24.519,63.3458,0,-1238.192,572.057
24.534,63.3627,0,-1238.222,573.006
24.549,63.3791,0,-1238.242,573.957
24.564,63.3954,0,-1238.272,574.907
24.579,63.4118,0,-1238.302,575.858
24.593,63.4303,0,-1238.322,576.745
24.607,63.4489,0,-1238.342,577.633
24.621,63.4675,0,-1238.372,578.521
24.639,63.4839,0,-1238.402,579.663
24.657,63.5004,0,-1238.432,580.805
24.675,63.5169,0,-1238.462,581.948
24.69,63.5345,0,-1238.482,582.901
24.705,63.5522,0,-1238.502,583.853
24.72,63.5698,0,-1238.532,584.806
24.737,63.5867,0,-1238.562,585.887
24.754,63.6035,0,-1238.582,586.968
24.771,63.6204,0,-1238.612,588.048
24.786,63.6362,-0.51975,-1238.642,589.003
24.801,63.6521,-1.0395,-1238.662,589.957
24.816,63.6679,-1.55925,-1238.682,590.911
24.832,63.6867,-2.31525,-1238.712,591.93
24.848,63.7054,-3.07125,-1238.742,592.949
24.864,63.7241,-3.82725,-1238.762,593.968
24.876,63.7409,-4.536,-1238.782,594.732
24.888,63.7577,-5.24475,-1238.802,595.497
24.9,63.7745,-5.9535,-1238.822,596.262
24.9195,63.7995,-7.0875,-1238.862,597.505
24.939,63.8244,-8.2215,-1238.892,598.748
24.9548,63.8365,-6.166125,-1238.922,599.753
24.9705,63.8485,-4.11075,-1238.952,600.758
24.9862,63.8605,-2.055375,-1238.982,601.763
25.002,63.8725,0,-1239.012,602.768
25.0185,63.8977,0,-1239.042,603.822
25.035,63.9229,0,-1239.082,604.876
25.0492,63.9351,0,-1239.112,605.786
25.0635,63.9474,0,-1239.142,606.697
25.0777,63.9596,0,-1239.172,607.607
25.092,63.9718,0,-1239.202,608.518
25.107,63.9877,0,-1239.232,609.477
25.122,64.0036,0,-1239.272,610.436
25.137,64.0194,0,-1239.302,611.395
25.153,64.0366,0,-1239.342,612.419
25.169,64.0537,0,-1239.382,613.443
25.185,64.0708,0,-1239.422,614.467
25.201,64.0878,-0.33075,-1239.462,615.492
25.217,64.1047,-0.6615,-1239.502,616.516
25.233,64.1217,-0.99225,-1239.542,617.541
25.25,64.138,-1.701,-1239.582,618.631
25.267,64.1543,-2.40975,-1239.622,619.72
25.284,64.1706,-3.1185,-1239.672,620.81
25.298,64.1874,-3.8745,-1239.702,621.708
25.312,64.2042,-4.6305,-1239.742,622.605
25.326,64.221,-5.3865,-1239.782,623.503
25.342,64.2377,-6.1425,-1239.822,624.53
25.358,64.2544,-6.8985,-1239.862,625.557
25.374,64.2711,-7.6545,-1239.912,626.584
25.389,64.2863,-8.36325,-1239.952,627.547
25.404,64.3015,-9.072,-1239.992,628.511
25.419,64.3167,-9.78075,-1240.042,629.474
25.437,64.3321,-10.53675,-1240.092,630.631
25.455,64.3475,-11.29275,-1240.152,631.788
25.473,64.3629,-12.04875,-1240.202,632.944
25.484,64.3765,-12.80475,-1240.242,633.652
25.495,64.39,-13.56075,-1240.272,634.359
25.506,64.4035,-14.31675,-1240.312,635.066
25.521,64.4166,-10.584,-1240.362,636.031
25.536,64.4296,-6.851277,-1240.412,636.996
25.551,64.4426,-3.118527,-1240.472,637.96
25.571,64.456,-2.0790108,-1240.552,639.247
25.591,64.4692,-1.0395054,-1240.632,640.534
25.611,64.4825,0,-1240.702,641.82
25.623,64.498,0,-1240.762,642.593
25.635,64.5135,0,-1240.812,643.365
25.647,64.529,0,-1240.862,644.137
25.662,64.5405,0,-1240.932,645.103
25.677,64.552,0,-1240.992,646.069
25.692,64.5634,0,-1241.062,647.035
25.707,64.5748,0,-1241.132,648
25.724,64.5916,0,-1241.212,649.096
25.741,64.6084,0,-1241.302,650.191
25.758,64.6251,0,-1241.382,651.286
25.776,64.673,0,-1241.482,652.639
25.7904,64.683,-0.3402,-1241.552,653.529
25.8048,64.693,-0.6804,-1241.622,654.419
25.8192,64.7029,-1.0206,-1241.692,655.309
25.8336,64.7128,-1.3608,-1241.762,656.199
25.848,64.7228,-1.701,-1241.832,657.088
25.866,64.7477,-2.835,-1241.932,658.25
25.884,64.7726,-3.969,-1242.022,659.411
25.8975,64.7846,-4.536,-1242.092,660.283
25.911,64.7967,-5.103,-1242.162,661.155
25.9245,64.8087,-5.67,-1242.242,662.026
25.938,64.8208,-6.237,-1242.312,662.898
25.957,64.8357,-6.94575,-1242.412,664.126
25.976,64.8506,-7.6545,-1242.512,665.353
25.995,64.8655,-8.36325,-1242.622,666.581
26.0115,64.8897,-9.49725,-1242.712,667.648
26.028,64.9138,-10.63125,-1242.802,668.714
26.043,64.9241,-11.162826,-1242.892,669.685
26.058,64.9343,-11.694375,-1242.972,670.655
26.073,64.9445,-12.225951,-1243.062,671.625
26.088,64.9547,-12.7575,-1243.142,672.595
26.1045,64.9741,-13.8915,-1243.242,673.662
26.121,64.9933,-15.0255,-1243.342,674.73
26.1336,65.0007,-15.4791,-1243.422,675.545
26.1462,65.008,-15.932727,-1243.502,676.36
26.1588,65.0154,-16.386327,-1243.582,677.175
26.1714,65.0227,-16.839927,-1243.672,677.99
26.184,65.03,-17.293527,-1243.752,678.806
26.2005,65.0453,-18.4275,-1243.862,679.873
26.217,65.0604,-19.5615,-1243.972,680.94
26.232,65.0675,-14.671125,-1244.082,681.91
26.247,65.0745,-9.78075,-1244.192,682.88
26.262,65.0815,-4.890375,-1244.302,683.85
26.277,65.0885,0,-1244.412,684.821
26.295,65.1064,0,-1244.552,685.984
26.313,65.1243,0,-1244.692,687.148
26.328,65.1347,0,-1244.812,688.117
26.343,65.1451,0,-1244.932,689.087
26.358,65.1555,0,-1245.062,690.057
26.373,65.1659,0,-1245.182,691.026
26.3895,65.1884,0,-1245.322,692.093
26.406,65.2106,0,-1245.462,693.159
26.421,65.2271,0,-1245.602,694.193
26.436,65.2434,0,-1245.742,695.227
26.451,65.2597,0,-1245.882,696.262
26.469,65.2754,0,-1246.042,697.361
26.487,65.2911,0,-1246.192,698.46
26.505,65.3068,0,-1246.342,699.559
26.517,65.3187,-0.212625,-1246.452,700.335
26.529,65.3306,-0.42525,-1246.562,701.111
26.541,65.3424,-0.637875,-1246.672,701.887
26.553,65.3542,-0.8505,-1246.782,702.663
26.571,65.4035,-3.1185,-1246.952,703.828
26.589,65.4151,-3.650049,-1247.122,704.993
26.607,65.4268,-4.181625,-1247.292,706.158
26.625,65.4384,-4.713174,-1247.462,707.323
26.643,65.4501,-5.24475,-1247.632,708.489
26.656,65.4659,-6.00075,-1247.752,709.331
26.669,65.4817,-6.75675,-1247.872,710.173
26.682,65.4975,-7.51275,-1247.992,711.015
26.696,65.5128,-8.26875,-1248.132,711.922
26.71,65.5281,-9.02475,-1248.262,712.829
26.724,65.5434,-9.78075,-1248.392,713.737
26.7383,65.5537,-10.312326,-1248.532,714.66
26.7525,65.564,-10.843875,-1248.672,715.584
26.7668,65.5743,-11.375451,-1248.812,716.508
26.781,65.5846,-11.907,-1248.952,717.432
26.802,65.6288,-14.175,-1249.162,718.793
26.8176,65.6362,-14.60025,-1249.322,719.805
26.8332,65.6437,-15.0255,-1249.482,720.816
26.8488,65.6511,-15.450777,-1249.632,721.828
26.8644,65.6585,-15.876027,-1249.792,722.839
26.88,65.6659,-16.301277,-1249.952,723.85
26.893,65.6759,-17.057277,-1250.092,724.693
26.906,65.6858,-17.81325,-1250.232,725.535
26.919,65.6957,-18.56925,-1250.372,726.378
26.9385,65.7099,-11.6235,-1250.592,727.641
26.958,65.7239,-4.67775,-1250.802,728.904
26.973,65.7317,-3.508326,-1250.982,729.874
26.988,65.7395,-2.3388777,-1251.152,730.845
27.003,65.7473,-1.1694375,-1251.322,731.815
27.018,65.7551,0,-1251.502,732.786
27.034,65.7688,0,-1251.692,733.821
27.05,65.7825,0,-1251.892,734.855
27.066,65.7961,0,-1252.082,735.89
27.079,65.8107,0,-1252.242,736.73
27.092,65.8253,0,-1252.402,737.57
27.105,65.8397,0,-1252.572,738.41
27.1192,65.8516,0,-1252.752,739.33
27.1335,65.8634,0,-1252.932,740.251
27.1478,65.8751,0,-1253.112,741.172
27.162,65.8868,0,-1253.292,742.092
27.179,65.9036,-0.6615,-1253.522,743.19
27.196,65.9203,-1.323,-1253.742,744.288
27.213,65.937,-1.9845,-1253.962,745.386
27.2295,65.9595,-3.047625,-1254.182,746.452
27.246,65.982,-4.11075,-1254.402,747.518
27.2603,65.9929,-4.642299,-1254.592,748.439
27.2745,66.0038,-5.173875,-1254.782,749.36
27.2887,66.0147,-5.705424,-1254.972,750.281
27.303,66.0256,-6.237,-1255.162,751.202
27.318,66.0487,-7.371,-1255.372,752.172
27.333,66.0719,-8.505,-1255.572,753.141
27.3488,66.0842,-9.072,-1255.792,754.159
27.3645,66.0965,-9.639,-1256.002,755.178
27.3802,66.1088,-10.206,-1256.222,756.196
27.396,66.1211,-10.773,-1256.432,757.214
27.4125,66.1418,-11.836125,-1256.662,758.281
27.429,66.1625,-12.89925,-1256.892,759.348
27.4448,66.1727,-13.46625,-1257.112,760.366
27.4605,66.1828,-14.03325,-1257.342,761.384
27.4762,66.1929,-14.60025,-1257.562,762.402
27.492,66.203,-15.16725,-1257.792,763.42
27.507,66.2186,-16.230402,-1258.002,764.389
27.522,66.2341,-17.293527,-1258.222,765.358
27.5346,66.2402,-17.747127,-1258.412,766.171
27.5472,66.2462,-18.200727,-1258.602,766.984
27.5598,66.2523,-18.6543,-1258.792,767.797
27.5724,66.2583,-19.1079,-1258.982,768.61
27.585,66.2642,-19.5615,-1259.172,769.423
27.6015,66.2798,-9.78075,-1259.422,770.487
27.618,66.2953,0,-1259.682,771.55
27.633,66.3047,0,-1259.912,772.516
27.648,66.3141,0,-1260.152,773.482
27.663,66.3236,0,-1260.392,774.448
27.678,66.333,0,-1260.632,775.414
27.696,66.3531,0,-1260.922,776.571
27.714,66.3731,0,-1261.222,777.729
27.735,66.4186,0,-1261.562,779.079
27.748,66.4272,0,-1261.782,779.915
27.761,66.4357,0,-1262.002,780.75
27.774,66.4442,0,-1262.222,781.585
27.787,66.4527,0,-1262.442,782.42
27.8,66.4612,0,-1262.662,783.256
27.813,66.4697,0,-1262.882,784.091
27.8325,66.4923,0,-1263.212,785.344
27.852,66.5147,0,-1263.552,786.596
27.867,66.5267,-0.496125,-1263.802,787.56
27.882,66.5386,-0.99225,-1264.062,788.523
27.897,66.5505,-1.488375,-1264.322,789.487
27.912,66.5623,-1.9845,-1264.582,790.45
27.925,66.5769,-2.69325,-1264.812,791.286
27.938,66.5914,-3.402,-1265.042,792.121
27.951,66.6059,-4.11075,-1265.262,792.956
27.969,66.6545,-6.37875,-1265.582,794.113
27.9852,66.6639,-6.83235,-1265.862,795.155
28.0014,66.6733,-7.28595,-1266.152,796.197
28.0176,66.6827,-7.73955,-1266.432,797.238
28.0338,66.6921,-8.19315,-1266.722,798.28
28.05,66.7015,-8.64675,-1267.002,799.322
28.063,66.716,-9.3555,-1267.232,800.158
28.076,66.7303,-10.06425,-1267.462,800.994
28.089,66.7447,-10.773,-1267.692,801.83
28.1033,66.7549,-11.34,-1267.952,802.746
28.1175,66.7651,-11.907,-1268.212,803.662
28.1318,66.7752,-12.474,-1268.462,804.578
28.146,66.7853,-13.041,-1268.722,805.495
28.16,66.8088,-14.50575,-1268.972,806.394
28.174,66.8321,-15.970527,-1269.232,807.294
28.188,66.8552,-17.435277,-1269.492,808.193
28.2035,66.8597,-17.813277,-1269.782,809.187
28.219,66.8642,-18.19125,-1270.072,810.181
28.2345,66.8686,-18.56925,-1270.362,811.176
28.25,66.8731,-18.94725,-1270.652,812.17
28.2655,66.8775,-19.32525,-1270.952,813.164
28.281,66.8819,-19.70325,-1271.242,814.158
28.2945,66.8939,-20.766375,-1271.502,815.022
28.308,66.9057,-21.8295,-1271.762,815.886
28.323,66.9095,-21.723174,-1272.062,816.844
28.338,66.9133,-21.616875,-1272.362,817.803
28.353,66.917,-21.510549,-1272.662,818.761
28.368,66.9207,-21.40425,-1272.962,819.719
28.383,66.9293,-10.702125,-1273.272,820.675
28.398,66.9378,0,-1273.572,821.631
28.4136,66.9442,0,-1273.902,822.623
28.4292,66.9506,0,-1274.232,823.614
28.4448,66.9569,0,-1274.562,824.606
28.4604,66.9633,0,-1274.892,825.597
28.476,66.9697,0,-1275.222,826.589
28.491,66.9823,-0.0945,-1275.542,827.539
28.506,66.9947,-0.189,-1275.872,828.49
28.521,67.007,-0.2835,-1276.202,829.44
28.535,67.0217,-1.0395,-1276.512,830.326
28.549,67.0362,-1.7955,-1276.822,831.211
28.563,67.0504,-2.5515,-1277.132,832.097
28.58,67.0645,-3.26025,-1277.512,833.171
28.597,67.0785,-3.969,-1277.892,834.245
28.614,67.0923,-4.67775,-1278.282,835.319
28.628,67.1078,-5.43375,-1278.602,836.203
28.642,67.1231,-6.18975,-1278.912,837.087
28.656,67.1384,-6.94575,-1279.232,837.97
28.672,67.1532,-7.70175,-1279.602,838.98
28.688,67.168,-8.45775,-1279.972,839.989
28.704,67.1827,-9.21375,-1280.342,840.999
28.719,67.1952,-9.9225,-1280.692,841.944
28.734,67.2076,-10.63125,-1281.032,842.89
28.749,67.22,-11.34,-1281.382,843.836
28.7617,67.2312,-8.505,-1281.682,844.639
28.7745,67.2423,-5.67,-1281.982,845.442
28.7873,67.2534,-2.835,-1282.282,846.246
28.8,67.2645,0,-1282.582,847.049
28.816,67.2795,0,-1282.962,848.057
28.832,67.2944,0,-1283.342,849.064
28.848,67.3094,0,-1283.722,850.072
28.866,67.354,-0.567,-1284.152,851.205
28.8792,67.3627,-0.99225,-1284.462,852.036
28.8924,67.3715,-1.4175,-1284.782,852.866
28.9056,67.3802,-1.84275,-1285.102,853.697
28.9188,67.3889,-2.268,-1285.412,854.528
28.932,67.3976,-2.69325,-1285.732,855.359
28.95,67.4199,-3.82725,-1286.172,856.491
28.968,67.4421,-4.96125,-1286.602,857.624
28.9818,67.4513,-5.41485,-1286.942,858.492
28.9956,67.4604,-5.86845,-1287.272,859.36
29.0094,67.4695,-6.32205,-1287.612,860.229
29.0232,67.4786,-6.77565,-1287.942,861.097
29.037,67.4877,-7.22925,-1288.282,861.965
29.052,67.5009,-7.938,-1288.652,862.908
29.067,67.5142,-8.64675,-1289.012,863.852
29.082,67.5274,-9.3555,-1289.382,864.795
29.1,67.5687,-11.6235,-1289.832,865.927
29.115,67.5761,-12.0771,-1290.202,866.869
29.13,67.5836,-12.5307,-1290.572,867.811
29.145,67.591,-12.9843,-1290.952,868.753
29.16,67.5984,-13.4379,-1291.322,869.696
29.175,67.6058,-13.8915,-1291.692,870.638
29.188,67.6159,-14.6475,-1292.022,871.453
29.201,67.6259,-15.403527,-1292.352,872.269
29.214,67.6358,-16.159527,-1292.682,873.084
29.2298,67.6432,-16.691076,-1293.082,874.071
29.2455,67.6506,-17.222625,-1293.482,875.057
29.2612,67.6579,-17.754201,-1293.892,876.043
29.277,67.6651,-18.28575,-1294.292,877.029
29.2935,67.6762,-12.686625,-1294.722,878.059
29.31,67.6872,-7.0875,-1295.152,879.09
29.3242,67.6942,-5.315625,-1295.532,879.977
29.3385,67.7013,-3.54375,-1295.912,880.865
29.3528,67.7084,-1.771875,-1296.292,881.752
29.367,67.7154,0,-1296.672,882.64
29.385,67.7325,0,-1297.152,883.758
29.403,67.7495,0,-1297.642,884.876
29.415,67.7629,0,-1297.972,885.621
29.427,67.7762,0,-1298.292,886.365
29.439,67.7894,0,-1298.622,887.109
29.4534,67.7981,0,-1299.022,888.001
29.4678,67.8068,0,-1299.422,888.892
29.4822,67.8154,0,-1299.812,889.784
29.4966,67.824,0,-1300.212,890.675
29.511,67.8325,0,-1300.612,891.567
29.526,67.8481,0,-1301.032,892.494
29.541,67.8636,0,-1301.452,893.422
29.556,67.879,0,-1301.872,894.349
29.57,67.8933,0,-1302.262,895.215
29.584,67.9077,0,-1302.662,896.08
29.598,67.9219,0,-1303.052,896.945
29.613,67.9356,0,-1303.472,897.872
29.628,67.9492,0,-1303.902,898.799
29.643,67.9628,0,-1304.322,899.727
29.66,67.9784,-0.51975,-1304.802,900.777
29.677,67.9939,-1.0395,-1305.282,901.828
29.694,68.0095,-1.55925,-1305.762,902.879
29.709,68.0232,-2.268,-1306.192,903.807
29.724,68.037,-2.97675,-1306.612,904.735
29.739,68.0507,-3.6855,-1307.042,905.663
29.7518,68.0611,-4.2525,-1307.402,906.452
29.7645,68.0714,-4.8195,-1307.762,907.24
29.7773,68.0818,-5.3865,-1308.122,908.029
29.79,68.0921,-5.9535,-1308.482,908.818
29.804,68.1059,-6.66225,-1308.882,909.685
29.818,68.1196,-7.371,-1309.282,910.551
29.832,68.1333,-8.07975,-1309.682,911.418
29.849,68.1481,-5.3865,-1310.162,912.469
29.866,68.1628,-2.6932473,-1310.652,913.521
29.883,68.1775,0,-1311.132,914.573
29.8995,68.1973,0,-1311.612,915.594
29.916,68.217,0,-1312.082,916.615
29.93,68.232,0,-1312.482,917.481
29.944,68.247,0,-1312.892,918.347
29.958,68.2619,0,-1313.292,919.213
29.9712,68.27,0,-1313.672,920.029
29.9844,68.278,0,-1314.052,920.846
29.9976,68.286,0,-1314.432,921.662
30.0108,68.294,0,-1314.812,922.479
30.024,68.302,0,-1315.202,923.295
30.0405,68.3235,0,-1315.672,924.316
30.057,68.3449,0,-1316.152,925.336
30.0712,68.3551,0,-1316.572,926.218
30.0855,68.3654,0,-1316.982,927.099
30.0998,68.3756,0,-1317.402,927.981
30.114,68.3858,0,-1317.812,928.863
30.131,68.3994,0,-1318.312,929.915
30.148,68.4131,0,-1318.802,930.967
30.165,68.4267,0,-1319.302,932.019
30.18,68.4665,0,-1319.732,932.948
30.1935,68.4735,0,-1320.132,933.784
30.207,68.4806,0,-1320.522,934.62
30.2205,68.4876,0,-1320.922,935.456
30.234,68.4947,0,-1321.312,936.292
30.2475,68.5018,0,-1321.712,937.128
30.261,68.5088,0,-1322.102,937.964
30.279,68.5515,0,-1322.632,939.079
30.2948,68.5615,0,-1323.092,940.056
30.3105,68.5716,0,-1323.552,941.032
30.3262,68.5816,0,-1324.012,942.009
30.342,68.5916,0,-1324.472,942.985
30.357,68.611,0,-1324.912,943.915
30.372,68.6303,0,-1325.352,944.846
30.3846,68.6391,0,-1325.722,945.628
30.3972,68.6478,0,-1326.092,946.41
30.4098,68.6566,0,-1326.462,947.192
30.4224,68.6653,0,-1326.832,947.974
30.435,68.6741,0,-1327.202,948.756
30.449,68.6876,0,-1327.612,949.626
30.463,68.7011,0,-1328.022,950.495
30.477,68.7146,0,-1328.432,951.365
30.501,68.7542,0,-1329.132,952.856
30.515,68.7608,0,-1329.542,953.726
30.529,68.7674,0,-1329.952,954.597
30.543,68.774,0,-1330.362,955.468
30.557,68.7806,0,-1330.782,956.338
30.571,68.7872,0,-1331.192,957.209
30.585,68.7938,0,-1331.602,958.079
30.6015,68.8127,0,-1332.082,959.106
30.618,68.8316,0,-1332.572,960.133
30.63,68.8406,0.14175,-1332.922,960.88
30.642,68.8495,0.2835,-1333.272,961.627
30.654,68.8584,0.42525,-1333.622,962.374
30.666,68.8674,0.567,-1333.982,963.121
30.678,68.8763,0.70875,-1334.332,963.868
30.693,68.842,0.4725,-1334.772,964.803
30.708,68.8077,0.23625,-1335.212,965.738
30.723,68.7734,0,-1335.652,966.672
30.7375,68.7549,0,-1336.082,967.574
30.752,68.7363,0,-1336.502,968.477
30.7665,68.7177,0,-1336.932,969.379
30.781,68.6991,0,-1337.352,970.281
30.7955,68.6805,0,-1337.782,971.183
30.81,68.662,0,-1338.202,972.086
30.8235,68.591,0,-1338.602,972.924
30.837,68.5201,0,-1338.992,973.762
30.855,68.326,0,-1339.522,974.875
30.873,68.1318,0,-1340.042,975.988
30.891,67.9377,0,-1340.562,977.1
30.909,67.7434,0,-1341.092,978.213
30.924,67.476,0,-1341.522,979.127
30.939,67.2083,0,-1341.952,980.042
30.954,66.9404,0,-1342.382,980.957
30.968,66.6287,0,-1342.772,981.8
30.982,66.317,0,-1343.172,982.644
30.996,66.0052,0,-1343.572,983.487
31.0095,65.784,0,-1343.942,984.289
31.023,65.5626,0,-1344.322,985.091
31.0365,65.3413,0,-1344.702,985.893
31.05,65.1199,0,-1345.072,986.694
31.065,64.8276,0.33075,-1345.492,987.573
31.08,64.5353,0.6615,-1345.902,988.451
31.095,64.243,0.99225,-1346.312,989.329
31.112,63.9385,1.74825,-1346.772,990.311
31.129,63.6341,2.50425,-1347.232,991.293
31.146,63.3296,3.26025,-1347.692,992.274
31.161,63.026,2.1735,-1348.092,993.128
31.176,62.7224,1.08675,-1348.492,993.982
31.191,62.4187,0,-1348.892,994.836
31.206,61.5489,0,-1349.292,995.683
31.2222,61.3633,0,-1349.712,996.584
31.2384,61.1777,0,-1350.132,997.486
31.2546,60.9921,0,-1350.562,998.387
31.2708,60.8065,0,-1350.982,999.289
31.287,60.6209,0,-1351.402,1000.19
31.305,59.7727,0,-1351.862,1001.176
31.323,59.5657,0,-1352.312,1002.15
31.341,59.3586,0,-1352.772,1003.123
31.359,59.1516,0,-1353.222,1004.096
31.377,58.9445,0,-1353.672,1005.069
31.395,58.5447,0.5804379,-1354.122,1006.027
31.413,58.145,1.1608785,-1354.572,1006.986
31.428,57.2417,3.557601,-1354.932,1007.778
31.4448,57.0757,4.025916,-1355.342,1008.652
31.4616,56.9097,4.494231,-1355.742,1009.526
31.4784,56.7437,4.962573,-1356.152,1010.399
31.4952,56.5776,5.430888,-1356.562,1011.273
31.512,56.4116,5.899203,-1356.962,1012.147
31.5315,56.0191,2.949615,-1357.422,1013.142
31.551,55.6265,0,-1357.882,1014.137
31.567,55.3494,0,-1358.252,1014.943
31.583,55.0722,0,-1358.622,1015.749
31.599,54.7951,0,-1358.992,1016.555
31.617,54.5512,0,-1359.402,1017.449
31.635,54.3073,0,-1359.812,1018.343
31.653,54.0635,0,-1360.222,1019.236
31.671,53.2169,0,-1360.632,1020.121
31.694,52.9364,0,-1361.142,1021.235
31.717,52.6559,0,-1361.642,1022.35
31.74,52.3754,0,-1362.152,1023.465
31.755,52.1636,0,-1362.472,1024.176
31.77,51.9519,0,-1362.802,1024.888
31.785,51.7402,0,-1363.122,1025.599
31.8,51.5285,0,-1363.442,1026.311
31.821,50.7938,0,-1363.892,1027.294
31.845,50.5469,0,-1364.392,1028.402
31.869,50.3,0,-1364.892,1029.509
31.893,50.0531,0,-1365.392,1030.617
31.913,49.5383,0,-1365.792,1031.522
31.933,49.0235,0,-1366.202,1032.427
31.953,48.5087,0,-1366.612,1033.332
31.9717,48.3134,0,-1366.982,1034.162
31.9905,48.1182,0,-1367.352,1034.991
32.0093,47.923,0,-1367.722,1035.821
32.028,47.7278,0,-1368.102,1036.651
32.0445,47.3109,0,-1368.452,1037.432
32.061,46.894,0,-1368.802,1038.214
32.091,46.5041,0,-1369.342,1039.43
32.121,46.1142,0,-1369.882,1040.647
32.1435,45.7733,1.6982406,-1370.302,1041.591
32.166,45.4324,3.396492,-1370.722,1042.535
32.184,45.3821,4.817259,-1371.052,1043.281
32.202,45.3318,6.238026,-1371.392,1044.027
32.22,45.2814,7.658793,-1371.722,1044.774
32.241,45.2556,9.662571,-1372.102,1045.643
32.262,45.2296,11.666349,-1372.492,1046.512
32.286,45.2019,13.808961,-1372.922,1047.506
32.31,45.1742,15.9516,-1373.362,1048.5
32.331,45.1453,17.965449,-1373.742,1049.37
32.352,45.1163,19.979298,-1374.112,1050.239
32.3775,45.0858,22.133277,-1374.572,1051.297
32.403,45.0552,24.287256,-1375.022,1052.354
32.427,45.0283,26.311797,-1375.432,1053.352
32.451,45.0013,28.33623,-1375.852,1054.349
32.472,44.9495,32.66541,-1376.212,1055.224
32.493,44.9296,34.02135,-1376.562,1056.101
32.514,44.9096,35.37729,-1376.912,1056.978
32.535,44.8896,36.73323,-1377.262,1057.855
32.558,44.8304,38.6991,-1377.642,1058.862
32.581,44.7709,40.66524,-1378.022,1059.869
32.604,44.7111,42.63111,-1378.402,1060.876
32.6243,44.6868,32.42511,-1378.692,1061.698
32.6445,44.6624,22.219137,-1378.982,1062.52
32.6647,44.6379,12.013137,-1379.272,1063.342
32.685,44.6134,1.8071343,-1379.562,1064.164
32.706,44.5747,0.9035658,-1379.862,1065.053
32.727,44.5359,0,-1380.152,1065.942
32.746,44.5106,0,-1380.422,1066.79
32.765,44.4854,0,-1380.692,1067.639
32.784,44.4601,0,-1380.972,1068.487
32.82,44.3971,0,-1381.392,1069.89
32.847,44.3682,0,-1381.732,1071.04
32.874,44.3386,0,-1382.072,1072.19
32.895,44.3143,0,-1382.322,1073.086
32.916,44.2894,0,-1382.572,1073.982
32.935,44.2713,0,-1382.802,1074.792
32.954,44.2531,0,-1383.022,1075.603
32.973,44.2348,0,-1383.252,1076.413
32.9925,44.2099,0,-1383.472,1077.245
33.012,44.1848,0,-1383.702,1078.077
33.048,44.1299,0,-1384.112,1079.612
33.069,44.1107,0,-1384.352,1080.507
33.09,44.0914,0,-1384.592,1081.401
33.111,44.0721,0,-1384.832,1082.296
33.129,44.0198,0,-1385.042,1083.062
33.154,44.0024,0.283095,-1385.322,1084.125
33.179,43.985,0.5661927,-1385.612,1085.188
33.204,43.9676,0.8492877,-1385.892,1086.251
33.2205,43.9392,3.117555,-1386.082,1086.951
33.237,43.9108,5.385798,-1386.272,1087.652
33.2655,43.8824,7.659981,-1386.592,1088.861
33.294,43.8541,9.934137,-1386.912,1090.07
33.3135,43.8261,12.214206,-1387.132,1090.896
33.333,43.7982,14.494275,-1387.352,1091.722
33.351,43.6828,16.639479,-1387.552,1092.485
33.369,43.5674,18.784683,-1387.752,1093.247
33.393,43.334,20.344365,-1388.012,1094.256
33.417,43.1004,21.904047,-1388.272,1095.265
33.441,42.8667,23.463756,-1388.532,1096.274
33.459,42.4564,25.884198,-1388.712,1097.018
33.477,42.0459,28.30464,-1388.902,1097.762
33.507,41.6583,30.65796,-1389.192,1098.979
33.537,41.2704,33.01128,-1389.492,1100.197
33.567,40.8089,38.18934,-1389.772,1101.395
33.586,40.7845,39.82176,-1389.942,1102.152
33.605,40.76,41.45418,-1390.102,1102.909
33.624,40.7354,43.0866,-1390.272,1103.666
33.651,40.6587,48.32865,-1390.492,1104.743
33.6825,40.6142,50.79402,-1390.742,1106
33.714,40.5697,53.25939,-1390.982,1107.258
33.729,40.5178,55.90053,-1391.082,1107.857
33.744,40.4659,58.5414,-1391.192,1108.456
33.777,40.4105,61.19442,-1391.392,1109.776
33.81,40.355,63.84744,-1391.602,1111.095
33.8265,40.2986,66.34629,-1391.692,1111.754
33.843,40.2419,68.84514,-1391.782,1112.414
33.8745,40.1758,71.52381,-1391.932,1113.672
33.906,40.1094,74.20275,-1392.082,1114.931
33.924,40.0366,76.89681,-1392.152,1115.65
33.942,39.9634,79.59114,-1392.222,1116.368
33.981,39.8194,84.67308,-1392.342,1117.923
34.001,39.7666,86.49126,-1392.392,1118.718
34.021,39.7138,88.30944,-1392.442,1119.514
34.041,39.6608,90.12762,-1392.482,1120.31
34.08,39.51,95.27409,-1392.542,1121.857
34.101,39.4597,97.00047,-1392.552,1122.687
34.122,39.4093,98.72658,-1392.562,1123.517
34.143,39.3588,100.45296,-1392.582,1124.347
34.173,39.1952,106.01334,-1392.572,1125.528
34.2015,39.1095,108.81324,-1392.542,1126.646
34.23,39.0238,111.61314,-1392.522,1127.764
34.2525,38.9417,114.25698,-1392.472,1128.642
34.275,38.8597,116.90082,-1392.432,1129.52
34.3005,38.778,119.74122,-1392.372,1130.509
34.326,38.6963,122.58135,-1392.302,1131.499
34.35,38.6278,125.26245,-1392.212,1132.424
34.374,38.5594,127.94328,-1392.132,1133.35
34.398,38.4318,133.69806,-1392.032,1134.271
34.4325,38.3921,136.4094,-1391.862,1135.588
34.467,38.3522,139.12074,-1391.692,1136.905
34.485,38.342,142.02108,-1391.592,1137.589
34.503,38.3316,144.92115,-1391.482,1138.272
34.533,38.3413,147.82257,-1391.292,1139.407
34.563,38.3506,150.72399,-1391.092,1140.542
34.596,38.3788,156.16125,-1390.852,1141.786
34.626,38.4117,161.95599,-1390.602,1143.027
34.647,38.4233,163.76499,-1390.432,1143.777
34.668,38.4348,165.57372,-1390.262,1144.527
34.689,38.4463,167.38245,-1390.092,1145.276
34.722,38.4825,173.16288,-1389.792,1146.509
34.7535,38.4995,175.86828,-1389.472,1147.681
34.785,38.5165,178.57395,-1389.162,1148.853
34.803,38.5339,181.45593,-1388.972,1149.52
34.821,38.5514,184.33764,-1388.782,1150.187
34.8555,38.5674,187.21503,-1388.392,1151.459
34.89,38.5835,190.09242,-1388.002,1152.731
34.9065,38.5974,192.78648,-1387.802,1153.335
34.923,38.6113,195.48027,-1387.602,1153.94
34.953,38.6246,198.35037,-1387.222,1155.034
34.983,38.6378,201.2202,-1386.832,1156.128
35.019,38.6595,206.59509,-1386.352,1157.432
35.0385,38.6692,209.45898,-1386.082,1158.135
35.058,38.6789,212.3226,-1385.802,1158.838
35.091,38.6464,215.00721,-1385.312,1160.017
35.124,38.614,217.69182,-1384.822,1161.196
35.1465,38.4442,223.29216,-1384.472,1161.99
35.169,38.2744,228.8925,-1384.122,1162.783
35.1922,38.2295,230.35428,-1383.742,1163.586
35.2155,38.1847,231.81606,-1383.352,1164.39
35.2388,38.1398,233.27784,-1382.972,1165.193
35.262,38.0949,234.73962,-1382.592,1165.996
35.298,37.9145,240.6321,-1381.962,1167.216
35.328,37.8343,241.81605,-1381.422,1168.216
35.358,37.7542,243,-1380.882,1169.216
35.391,37.5979,243,-1380.272,1170.299
35.418,37.5301,243,-1379.752,1171.173
35.445,37.4624,243,-1379.242,1172.047
35.4675,37.4047,243,-1378.792,1172.763
35.49,37.347,243,-1378.352,1173.479
35.514,37.3238,243,-1377.862,1174.232
35.538,37.3006,243,-1377.382,1174.984
35.577,37.2976,243,-1376.562,1176.191
35.6025,37.3032,243,-1376.022,1176.969
35.628,37.3088,243,-1375.472,1177.749
35.6505,37.3141,243,-1374.972,1178.429
35.673,37.3194,243,-1374.482,1179.099
35.7,37.327,235.3455,-1373.872,1179.909
35.727,37.3344,227.691,-1373.252,1180.709
35.775,37.3528,189.4185,-1372.142,1182.109
35.793,37.384,148.59423,-1371.712,1182.629
35.816,37.3977,135.83673,-1371.162,1183.289
35.839,37.4114,123.07923,-1370.602,1183.949
35.862,37.4252,110.32173,-1370.052,1184.599
35.901,37.4787,84.14172,-1369.082,1185.699
35.923,37.4995,86.02443,-1368.522,1186.299
35.945,37.5204,87.90741,-1367.962,1186.909
35.967,37.5412,89.79012,-1367.402,1187.509
35.997,37.6026,95.79843,-1366.622,1188.329
36.0285,37.6314,98.79435,-1365.782,1189.159
36.06,37.6601,101.79054,-1364.942,1189.999
36.096,37.7116,107.76753,-1363.962,1190.939
36.117,37.7583,113.35788,-1363.382,1191.479
36.144,37.779,116.33328,-1362.632,1192.169
36.171,37.7997,119.30868,-1361.872,1192.849
36.198,37.8184,122.27868,-1361.102,1193.519
36.225,37.837,125.24841,-1360.322,1194.189
36.2445,37.8547,128.21355,-1359.762,1194.659
36.264,37.8723,131.17842,-1359.192,1195.129
36.291,37.885,133.15212,-1358.382,1195.759
36.318,37.8978,135.12555,-1357.572,1196.389
36.345,37.9106,137.09925,-1356.772,1197.019
36.387,37.9476,142.64127,-1355.482,1197.969
36.405,37.9689,145.5921,-1354.932,1198.359
36.423,37.9902,148.54293,-1354.372,1198.759
36.462,38.0295,154.06659,-1353.152,1199.599
36.484,38.0432,141.43167,-1352.452,1200.059
36.506,38.0567,128.79702,-1351.752,1200.519
36.528,38.0703,116.1621,-1351.052,1200.979
36.555,38.1205,75.3381,-1350.182,1201.529
36.588,38.1518,56.20185,-1349.102,1202.179
36.621,38.1832,37.0656,-1348.022,1202.819
36.648,38.2785,0,-1347.122,1203.339
36.669,38.3146,-1.8163413,-1346.422,1203.729
36.69,38.3506,-3.632688,-1345.722,1204.119
36.711,38.3866,-5.449032,-1345.012,1204.499
36.744,38.5173,0,-1343.892,1205.099
36.777,38.5838,0,-1342.762,1205.679
36.81,38.6494,0,-1341.632,1206.259
36.8265,38.7123,1.0710927,-1341.062,1206.549
36.843,38.7748,2.1421854,-1340.492,1206.829
36.8715,38.843,4.986873,-1339.502,1207.319
36.9,38.911,7.831539,-1338.502,1207.809
36.942,39.0368,13.135365,-1337.032,1208.529
36.96,39.0801,15.010623,-1336.402,1208.839
36.978,39.1235,16.885908,-1335.772,1209.139
36.996,39.1668,18.761193,-1335.132,1209.449
37.044,39.2947,24.355161,-1333.432,1210.259
37.0635,39.3583,27.13662,-1332.742,1210.579
37.083,39.4219,29.91789,-1332.042,1210.909
37.107,39.4768,32.51178,-1331.182,1211.299
37.131,39.5317,35.10567,-1330.322,1211.699
37.152,39.6436,40.61232,-1329.572,1212.039
37.18,39.6793,42.43887,-1328.552,1212.479
37.208,39.7151,44.26569,-1327.532,1212.919
37.236,39.7507,46.09224,-1326.512,1213.359
37.251,39.8388,51.20685,-1325.962,1213.589
37.2795,39.8841,53.92386,-1324.912,1214.019
37.308,39.9294,56.64087,-1323.852,1214.439
37.331,39.9564,58.44501,-1322.992,1214.759
37.354,39.9833,60.24915,-1322.132,1215.089
37.377,40.0101,62.05329,-1321.272,1215.409
37.401,40.0787,67.11039,-1320.372,1215.739
37.434,40.1103,64.02456,-1319.112,1216.159
37.467,40.1418,60.93873,-1317.862,1216.579
37.491,40.1739,41.80248,-1316.942,1216.869
37.515,40.2057,22.666257,-1316.022,1217.159
37.539,40.2485,11.333115,-1315.092,1217.429
37.563,40.291,0,-1314.162,1217.699
37.5855,40.3404,0,-1313.292,1217.939
37.608,40.3898,0,-1312.412,1218.179
37.623,40.5038,0,-1311.832,1218.339
37.65,40.5419,0,-1310.762,1218.609
37.677,40.5797,0,-1309.702,1218.869
37.704,40.6173,0,-1308.642,1219.139
37.722,40.7453,0,-1307.932,1219.309
37.747,40.788,0,-1306.942,1219.529
37.772,40.8306,0,-1305.942,1219.759
37.797,40.8729,0,-1304.952,1219.979
37.824,40.9934,0,-1303.872,1220.219
37.845,41.0334,0,-1303.032,1220.399
37.866,41.0733,0,-1302.182,1220.589
37.887,41.1133,0,-1301.342,1220.769
37.923,41.2407,0,-1299.892,1221.079
37.941,41.302,0.3183489,-1299.172,1221.239
37.959,41.3633,0.6367005,-1298.442,1221.389
37.9905,41.4275,3.01671,-1297.172,1221.669
38.022,41.4916,5.396706,-1295.892,1221.939
38.0445,41.5497,7.921017,-1294.982,1222.139
38.067,41.6074,10.445328,-1294.072,1222.329
38.0925,41.6663,12.957408,-1293.032,1222.549
38.118,41.7251,15.469461,-1291.992,1222.769
38.1405,41.7939,17.966961,-1291.072,1222.969
38.163,41.8625,20.464461,-1290.152,1223.159
38.187,41.9214,22.79259,-1289.162,1223.359
38.211,41.9803,25.120719,-1288.182,1223.559
38.2335,42.0394,27.59103,-1287.252,1223.739
38.256,42.0985,30.06126,-1286.322,1223.929
38.2815,42.1505,32.36544,-1285.272,1224.129
38.307,42.2025,34.66989,-1284.212,1224.319
38.3325,42.254,37.11636,-1283.152,1224.509
38.358,42.3055,39.56283,-1282.092,1224.699
38.376,42.4085,18.732951,-1281.342,1224.819
38.4,42.443,12.488634,-1280.332,1224.979
38.424,42.4775,6.244317,-1279.332,1225.129
38.448,42.5119,0,-1278.322,1225.289
38.475,42.572,0,-1277.182,1225.449
38.502,42.6321,0,-1276.042,1225.609
38.523,42.6947,1.3475781,-1275.152,1225.729
38.544,42.7571,2.6951562,-1274.272,1225.849
38.5605,42.819,5.080752,-1273.562,1225.929
38.577,42.8806,7.466364,-1272.862,1226.019
38.616,42.9992,11.915451,-1271.202,1226.219
38.638,43.0407,13.488768,-1270.262,1226.319
38.66,43.0821,15.062085,-1269.322,1226.429
38.682,43.1235,16.635375,-1268.382,1226.529
38.706,43.1839,18.982431,-1267.352,1226.639
38.73,43.2442,21.32946,-1266.322,1226.749
38.754,43.306,15.135417,-1265.292,1226.849
38.778,43.3678,8.941374,-1264.252,1226.949
38.8,43.4487,5.960925,-1263.302,1227.039
38.822,43.5296,2.980449,-1262.352,1227.129
38.844,43.6104,0,-1261.402,1227.209
38.868,43.6509,0,-1260.362,1227.299
38.892,43.6914,0,-1259.312,1227.389
38.916,43.7318,0,-1258.272,1227.479
38.9295,43.796,0.9974745,-1257.682,1227.519
38.943,43.8602,1.994949,-1257.092,1227.569
38.966,43.9013,3.508758,-1256.092,1227.649
38.989,43.9424,5.022594,-1255.082,1227.729
39.012,43.9835,6.536403,-1254.072,1227.799
39.045,44.1023,10.770732,-1252.622,1227.909
39.068,44.1446,7.180488,-1251.612,1227.979
39.091,44.1869,3.590244,-1250.602,1228.049
39.114,44.2292,0,-1249.592,1228.129
39.1305,44.2943,0,-1248.862,1228.179
39.147,44.3595,0,-1248.132,1228.229
39.177,44.4219,0,-1246.802,1228.319
39.207,44.4842,0,-1245.472,1228.409
39.2295,44.5438,-1.7932833,-1244.472,1228.479
39.252,44.6034,-3.586572,-1243.472,1228.539
39.273,44.6662,-5.782239,-1242.542,1228.609
39.294,44.7289,-7.977933,-1241.602,1228.669
39.324,44.8464,0,-1240.262,1228.759
39.341,44.8857,0,-1239.502,1228.809
39.358,44.9251,0,-1238.742,1228.859
39.375,44.9644,0,-1237.982,1228.919
39.405,45.0895,0,-1236.632,1229.009
39.428,45.1278,0,-1235.602,1229.079
39.451,45.1661,0,-1234.562,1229.149
39.474,45.2044,0,-1233.532,1229.229
39.492,45.2459,0,-1232.722,1229.279
39.51,45.2875,0,-1231.902,1229.339
39.528,45.3291,0,-1231.092,1229.399
39.546,45.4468,0,-1230.282,1229.459
39.5775,45.5079,0,-1228.852,1229.559
39.609,45.569,0,-1227.422,1229.659
39.627,45.6078,0,-1226.602,1229.719
39.645,45.6466,0,-1225.792,1229.779
39.663,45.6855,0,-1224.972,1229.839
39.6885,45.748,0,-1223.802,1229.929
39.714,45.8104,0,-1222.642,1230.009
39.7365,45.8677,0,-1221.612,1230.089
39.759,45.925,0,-1220.582,1230.159
39.783,45.987,0,-1219.482,1230.239
39.807,46.0491,0,-1218.382,1230.319
39.822,46.0896,0,-1217.692,1230.369
39.837,46.13,0,-1217.002,1230.419
39.852,46.1704,0,-1216.312,1230.469
39.876,46.2288,0,-1215.212,1230.549
39.9,46.2871,0,-1214.102,1230.629
39.9225,46.3468,0,-1213.062,1230.709
39.945,46.4065,0,-1212.022,1230.779
39.972,46.468,0,-1210.772,1230.869
39.999,46.5295,0,-1209.522,1230.969
40.021,46.607,0,-1208.502,1231.039
40.043,46.6845,0,-1207.472,1231.109
40.065,46.7619,0,-1206.452,1231.189
40.0837,46.7928,0,-1205.582,1231.249
40.1025,46.8236,0,-1204.702,1231.319
40.1213,46.8544,0,-1203.832,1231.379
40.14,46.8852,0,-1202.952,1231.439
40.1655,46.9971,0,-1201.762,1231.529
40.191,47.1091,0,-1200.562,1231.609
40.2098,47.1392,0,-1199.682,1231.679
40.2285,47.1694,0,-1198.802,1231.739
40.2472,47.1996,0,-1197.922,1231.809
40.266,47.2297,0,-1197.042,1231.869
40.287,47.285,0,-1196.052,1231.939
40.308,47.3402,0,-1195.062,1232.009
40.329,47.3816,0,-1194.072,1232.089
40.35,47.4229,0,-1193.082,1232.159
40.371,47.4642,0,-1192.082,1232.229
40.404,47.5826,0.7215345,-1190.522,1232.339
40.422,47.6187,1.9203642,-1189.662,1232.399
40.44,47.6548,3.119202,-1188.812,1232.469
40.458,47.6909,4.318029,-1187.962,1232.529
40.4805,47.6598,6.233598,-1186.892,1232.599
40.503,47.6288,8.149167,-1185.822,1232.679
40.524,47.5962,9.950445,-1184.822,1232.749
40.545,47.5637,11.75175,-1183.822,1232.819
40.562,47.5409,13.036545,-1183.012,1232.879
40.579,47.5181,14.32134,-1182.212,1232.929
40.596,47.4953,15.606135,-1181.402,1232.989
40.6245,47.3773,17.541468,-1180.052,1233.069
40.653,47.2591,19.476801,-1178.702,1233.159
40.671,46.9361,21.330648,-1177.862,1233.209
40.689,46.6127,23.184522,-1177.012,1233.259
40.708,46.3506,24.546726,-1176.132,1233.299
40.727,46.0883,25.908957,-1175.252,1233.349
40.746,45.826,27.27108,-1174.382,1233.389
40.785,45.1763,31.5036,-1172.602,1233.479
40.8,45.1486,21.002382,-1171.922,1233.499
40.815,45.1206,10.501191,-1171.252,1233.529
40.83,45.0924,0,-1170.572,1233.549
40.8585,45.0581,0,-1169.292,1233.589
40.887,45.0236,0,-1168.002,1233.619
40.9095,44.9917,0,-1166.992,1233.639
40.932,44.9597,0,-1165.982,1233.649
40.95,44.8942,0.8144145,-1165.172,1233.659
40.972,44.8764,2.1739563,-1164.182,1233.659
40.994,44.8586,3.53349,-1163.192,1233.669
41.016,44.8406,4.893048,-1162.212,1233.669
41.049,44.7796,8.982279,-1160.732,1233.669
41.072,44.7639,5.988195,-1159.702,1233.659
41.095,44.7483,2.994084,-1158.672,1233.649
41.118,44.7326,0,-1157.642,1233.649
41.136,44.7151,0,-1156.832,1233.639
41.154,44.6976,0,-1156.032,1233.629
41.184,44.6746,0.8228763,-1154.692,1233.609
41.206,44.683,2.2855527,-1153.702,1233.599
41.228,44.6914,3.748221,-1152.722,1233.589
41.25,44.6997,5.210892,-1151.742,1233.569
41.267,44.7253,6.670161,-1150.982,1233.559
41.284,44.7508,8.129403,-1150.222,1233.549
41.301,44.7763,9.588645,-1149.462,1233.539
41.322,44.8246,11.632437,-1148.522,1233.519
41.343,44.8728,13.676229,-1147.582,1233.499
41.376,44.9712,17.745912,-1146.102,1233.469
41.4,45.0254,19.906209,-1145.022,1233.439
41.424,45.0795,22.066533,-1143.942,1233.409
41.445,45.1131,20.590605,-1142.992,1233.379
41.466,45.1467,19.114677,-1142.042,1233.349
41.487,45.1802,17.638776,-1141.102,1233.319
41.505,45.2166,11.759175,-1140.282,1233.289
41.523,45.253,5.879601,-1139.472,1233.249
41.541,45.2892,0,-1138.662,1233.219
41.58,45.4067,0,-1136.892,1233.139
41.597,45.4464,0,-1136.122,1233.099
41.614,45.4861,0,-1135.352,1233.059
41.631,45.5257,0,-1134.582,1233.019
41.661,45.6378,2.6309367,-1133.212,1232.939
41.681,45.679,4.027833,-1132.302,1232.889
41.701,45.7201,5.424759,-1131.392,1232.829
41.721,45.7611,6.821658,-1130.482,1232.779
41.7405,45.8211,8.905518,-1129.582,1232.729
41.76,45.8811,10.989405,-1128.692,1232.669
41.7885,45.9382,12.932649,-1127.392,1232.589
41.817,45.9953,14.875866,-1126.082,1232.499
41.8365,46.0538,16.937829,-1125.192,1232.439
41.856,46.1122,18.999792,-1124.292,1232.379
41.876,46.1504,20.367153,-1123.372,1232.309
41.896,46.1886,21.734487,-1122.452,1232.239
41.916,46.2267,23.101821,-1121.532,1232.169
41.9355,46.2675,25.142454,-1120.632,1232.089
41.955,46.3082,27.18306,-1119.732,1232.019
41.982,46.2698,29.09655,-1118.492,1231.899
42.009,46.2313,31.01004,-1117.242,1231.789
42.033,46.1874,33.05853,-1116.142,1231.669
42.057,46.1435,35.10702,-1115.042,1231.559
42.075,46.0988,37.03482,-1114.212,1231.469
42.093,46.054,38.96262,-1113.392,1231.369
42.117,46.0023,41.02785,-1112.292,1231.229
42.141,45.9504,43.09281,-1111.202,1231.089
42.16,45.9117,44.47602,-1110.332,1230.969
42.179,45.8728,45.8595,-1109.472,1230.839
42.198,45.8338,47.24271,-1108.612,1230.719
42.234,45.7159,51.15231,-1106.982,1230.459
42.255,45.6481,53.24886,-1106.032,1230.289
42.276,45.5799,55.34541,-1105.092,1230.119
42.3,45.5104,57.32208,-1104.012,1229.909
42.324,45.4405,59.29902,-1102.942,1229.709
42.342,45.3882,60.71355,-1102.14,1229.529
42.36,45.3357,62.12808,-1101.34,1229.359
42.378,45.2831,63.54261,-1100.54,1229.189
42.405,45.2047,65.54439,-1099.351,1228.909
42.432,45.126,67.54644,-1098.161,1228.629
42.456,45.0389,69.69672,-1097.113,1228.359
42.48,44.9514,71.847,-1096.065,1228.079
42.4965,44.8589,74.01321,-1095.349,1227.889
42.513,44.7661,76.17969,-1094.634,1227.689
42.533,44.7028,77.63526,-1093.732,1227.419
42.553,44.6395,79.09083,-1092.831,1227.149
42.573,44.576,80.5464,-1091.929,1226.879
42.606,44.3917,84.67254,-1090.653,1226.479
42.636,44.289,86.8914,-1089.391,1226.049
42.666,44.1862,89.11026,-1088.129,1225.619
42.6825,44.082,91.3491,-1087.442,1225.369
42.699,43.9778,93.58794,-1086.756,1225.119
42.7275,43.8835,95.70528,-1085.584,1224.669
42.756,43.7892,97.82262,-1084.412,1224.209
42.777,43.6992,99.95751,-1083.559,1223.859
42.798,43.6092,102.09267,-1082.707,1223.509
42.825,43.5138,104.38929,-1081.626,1223.039
42.852,43.4185,106.68618,-1080.544,1222.569
42.873,43.3257,109.00278,-1079.714,1222.189
42.894,43.2329,111.31965,-1078.883,1221.809
42.912,43.0612,115.70013,-1078.178,1221.479
42.939,43.0002,116.87976,-1077.134,1220.959
42.966,42.9391,118.05912,-1076.091,1220.439
42.993,42.878,119.23875,-1075.048,1219.919
43.0125,42.7891,121.61583,-1074.309,1219.529
43.032,42.7,123.99264,-1073.57,1219.139
43.0605,42.6182,126.3897,-1072.506,1218.539
43.089,42.536,128.78676,-1071.442,1217.949
43.1055,42.4614,131.05152,-1070.836,1217.599
43.122,42.3864,133.31628,-1070.229,1217.249
43.1475,42.3141,135.59751,-1069.304,1216.689
43.173,42.2414,137.87901,-1068.379,1216.129
43.1955,42.1655,140.33007,-1067.575,1215.619
43.218,42.0892,142.78113,-1066.772,1215.109
43.2435,42.0144,145.24974,-1065.875,1214.519
43.269,41.9394,147.71835,-1064.979,1213.929
43.314,41.7894,152.68986,-1063.422,1212.869
43.332,41.7429,154.25397,-1062.81,1212.429
43.35,41.6963,155.81781,-1062.198,1211.989
43.368,41.6498,157.38192,-1061.586,1211.559
43.398,41.4938,162.41958,-1060.58,1210.819
43.419,41.4208,164.79693,-1059.885,1210.289
43.44,41.3478,167.17401,-1059.19,1209.759
43.4745,41.2682,169.72659,-1058.072,1208.879
43.509,41.1886,172.27917,-1056.953,1207.999
43.5315,41.1086,174.84957,-1056.24,1207.409
43.554,41.0286,177.4197,-1055.526,1206.819
43.5795,40.9503,179.84592,-1054.733,1206.129
43.605,40.872,182.27214,-1053.94,1205.449
43.6275,40.7859,184.87818,-1053.254,1204.839
43.65,40.6997,187.48449,-1052.569,1204.229
43.668,40.5324,192.40713,-1052.027,1203.739
43.698,40.4192,195.94629,-1051.148,1202.899
43.728,40.306,199.48572,-1050.269,1202.059
43.758,40.1928,203.02515,-1049.389,1201.219
43.785,40.1425,204.81363,-1048.63,1200.439
43.812,40.0922,206.60238,-1047.871,1199.669
43.839,40.0419,208.39113,-1047.112,1198.889
43.857,39.9244,213.45255,-1046.618,1198.359
43.879,39.9029,212.25618,-1046.028,1197.709
43.901,39.8814,211.05954,-1045.437,1197.059
43.923,39.86,209.86317,-1044.846,1196.409
43.956,39.8435,169.03917,-1043.982,1195.419
43.979,39.8472,156.28167,-1043.394,1194.709
44.002,39.8508,143.52417,-1042.806,1194.009
44.025,39.8544,130.76667,-1042.218,1193.309
44.064,39.8847,89.94267,-1041.247,1192.089
44.0925,39.9092,69.53067,-1040.552,1191.189
44.121,39.9337,49.11867,-1039.858,1190.289
44.1375,39.9685,26.509518,-1039.464,1189.759
44.154,40.0034,3.900393,-1039.07,1189.229
44.1795,40.0566,-2.000484,-1038.472,1188.399
44.205,40.1097,-7.901361,-1037.874,1187.569
44.247,40.2213,0,-1036.904,1186.189
44.271,40.284,0,-1036.358,1185.399
44.295,40.346,0,-1035.811,1184.599
44.314,40.3898,0,-1035.385,1183.959
44.333,40.4334,0,-1034.958,1183.319
44.352,40.4767,0,-1034.531,1182.679
44.388,40.6,0,-1033.728,1181.469
44.409,40.6659,0,-1033.261,1180.749
44.43,40.7317,0,-1032.794,1180.039
44.457,40.7972,0,-1032.193,1179.119
44.484,40.8626,0,-1031.593,1178.189
44.508,40.9244,0,-1031.058,1177.369
44.532,40.9861,0,-1030.523,1176.547
44.559,41.0523,0,-1029.92,1175.618
44.586,41.1184,0,-1029.316,1174.689
44.622,41.2421,0,-1028.51,1173.446
44.6415,41.3083,0,-1028.071,1172.771
44.661,41.3744,0,-1027.633,1172.096
44.683,41.4181,0,-1027.137,1171.332
44.705,41.4618,0,-1026.641,1170.568
44.727,41.5055,0,-1026.145,1169.804
44.751,41.6274,0,-1025.602,1168.968
44.793,41.7573,0,-1024.65,1167.502
44.816,41.798,0,-1024.126,1166.696
44.839,41.8387,0,-1023.603,1165.89
44.862,41.8795,0,-1023.079,1165.085
44.8815,41.9449,0,-1022.634,1164.399
44.901,42.0104,0,-1022.189,1163.714
44.931,42.0763,0,-1021.502,1162.656
44.961,42.1423,0,-1020.814,1161.598
44.979,42.2029,0,-1020.401,1160.961
44.997,42.2636,0,-1019.987,1160.324
45.017,42.3069,0,-1019.526,1159.614
45.037,42.3501,0,-1019.066,1158.904
45.057,42.3933,0,-1018.605,1158.195
45.099,42.5217,0,-1017.634,1156.699
45.1215,42.5825,0,-1017.112,1155.896
45.144,42.6432,0,-1016.591,1155.092
45.1695,42.7071,0,-1015.998,1154.179
45.195,42.7711,0,-1015.406,1153.265
45.2175,42.835,2.0854314,-1014.881,1152.457
45.24,42.8989,4.170852,-1014.357,1151.649
45.261,42.9591,6.3936,-1013.866,1150.892
45.282,43.0192,8.616321,-1013.376,1150.135
45.3,43.062,10.18818,-1012.955,1149.484
45.318,43.1048,11.760066,-1012.535,1148.832
45.336,43.1477,13.331952,-1012.114,1148.181
45.366,43.2607,17.728632,-1011.414,1147.091
45.396,43.3187,12.809475,-1010.717,1145.995
45.426,43.3764,7.890345,-1010.021,1144.899
45.441,43.4386,3.945186,-1009.674,1144.347
45.456,43.5007,0,-1009.328,1143.796
45.486,43.5601,0,-1008.638,1142.687
45.516,43.6193,0,-1007.949,1141.578
45.5325,43.6813,0,-1007.57,1140.965
45.549,43.7433,0,-1007.192,1140.352
45.57,43.7861,0,-1006.711,1139.569
45.591,43.8289,0,-1006.23,1138.786
45.612,43.8717,0,-1005.749,1138.003
45.642,43.9888,0,-1005.062,1136.88
45.672,44.1036,0.8449353,-1004.374,1135.754
45.696,44.1423,2.3425551,-1003.823,1134.851
45.72,44.181,3.840183,-1003.272,1133.947
45.744,44.2197,5.337792,-1002.72,1133.044
45.761,44.264,6.733989,-1002.329,1132.401
45.778,44.3082,8.130186,-1001.938,1131.759
45.795,44.3523,9.526356,-1001.547,1131.116
45.8235,44.4153,10.332873,-1000.891,1130.034
45.852,44.4781,11.13939,-1000.236,1128.952
45.876,44.5395,5.569695,-999.685,1128.036
45.9,44.6008,0,-999.133,1127.12
45.924,44.6613,0,-998.582,1126.201
45.948,44.7218,0,-998.032,1125.282
45.969,44.7992,0,-997.549,1124.474
45.99,44.8767,0,-997.067,1123.666
46.011,44.9541,0,-996.585,1122.859
46.0335,45.0132,0,-996.067,1121.988
46.056,45.0724,0,-995.55,1121.118
46.0785,45.1315,0,-995.032,1120.248
46.101,45.1905,0,-994.515,1119.378
46.123,45.2339,0,-994.007,1118.523
46.145,45.2772,0,-993.5,1117.668
46.167,45.3206,0,-992.993,1116.813
46.1835,45.3778,0,-992.611,1116.169
46.2,45.435,0,-992.23,1115.526
46.225,45.4753,0,-991.65,1114.548
46.25,45.5156,0,-991.071,1113.571
46.275,45.5558,0,-990.491,1112.593
46.296,45.6116,0,-990.002,1111.769
46.317,45.6674,0,-989.514,1110.945
46.3395,45.731,0,-988.989,1110.06
46.362,45.7946,0,-988.464,1109.176
46.3785,45.852,0,-988.078,1108.525
46.395,45.9094,0,-987.692,1107.875
46.416,45.9703,0,-987.2,1107.046
46.437,46.0311,0,-986.708,1106.217
46.458,46.0667,0,-986.214,1105.385
46.479,46.1024,0,-985.72,1104.554
46.5,46.138,0,-985.226,1103.722
46.5225,46.2019,0,-984.696,1102.829
46.545,46.2657,0,-984.165,1101.935
46.572,46.321,0,-983.526,1100.86
46.599,46.3763,0,-982.887,1099.785
46.6215,46.4347,0,-982.353,1098.887
46.644,46.4932,0,-981.819,1097.989
46.662,46.619,0,-981.391,1097.27
46.686,46.6596,0,-980.818,1096.308
46.71,46.7002,0,-980.246,1095.347
46.734,46.7408,0,-979.673,1094.386
46.752,46.7982,0,-979.242,1093.662
46.77,46.8557,0,-978.811,1092.939
46.794,46.9143,1.8584127,-978.235,1091.973
46.818,46.9729,3.71682,-977.658,1091.007
46.836,47.0101,5.031828,-977.225,1090.28
46.854,47.0474,6.346809,-976.791,1089.554
46.872,47.0847,7.661817,-976.358,1088.828
46.8915,47.1428,9.501408,-975.888,1088.038
46.911,47.2009,11.340999,-975.418,1087.249
46.9395,47.2615,13.292586,-974.731,1086.091
46.968,47.322,15.244146,-974.045,1084.933
46.986,47.3726,17.06427,-973.613,1084.199
47.004,47.4231,18.884394,-973.181,1083.464
47.024,47.4588,20.172645,-972.703,1082.644
47.044,47.4944,21.460896,-972.226,1081.824
47.064,47.53,22.749174,-971.748,1081.003
47.0865,47.582,14.901678,-971.217,1080.074
47.109,47.6339,7.054209,-970.686,1079.145
47.133,47.6877,3.527118,-970.125,1078.148
47.157,47.7414,0,-969.564,1077.15
47.172,47.7766,0,-969.217,1076.523
47.187,47.8117,0,-968.87,1075.896
47.202,47.8468,0,-968.522,1075.269
47.226,47.8978,0,-967.97,1074.261
47.25,47.9488,0,-967.418,1073.253
47.2725,48.0123,0,-966.904,1072.303
47.295,48.0754,0,-966.39,1071.354
47.3205,48.1261,0,-965.81,1070.272
47.346,48.1765,0,-965.231,1069.191
47.361,48.2131,0,-964.89,1068.553
47.376,48.2497,0,-964.549,1067.915
47.391,48.2863,0,-964.208,1067.277
47.409,48.3915,0,-963.799,1066.51
47.435,48.4328,0,-963.207,1065.399
47.461,48.4739,0,-962.615,1064.288
47.487,48.5151,0,-962.022,1063.178
47.5065,48.568,0,-961.577,1062.342
47.526,48.6209,0,-961.132,1061.506
47.547,48.6749,0,-960.652,1060.604
47.568,48.7288,0,-960.171,1059.703
47.586,48.767,0,-959.759,1058.928
47.604,48.8051,0,-959.346,1058.153
47.622,48.8432,0,-958.934,1057.378
47.646,48.9318,0,-958.382,1056.343
47.668,48.9773,0,-957.876,1055.393
47.69,49.0226,0,-957.37,1054.442
47.712,49.0679,0,-956.864,1053.491
47.729,49.1044,0,-956.472,1052.754
47.746,49.1409,0,-956.079,1052.017
47.763,49.1774,0,-955.687,1051.281
47.7825,49.2357,0,-955.236,1050.434
47.802,49.294,0,-954.786,1049.587
47.829,49.3465,0,-954.161,1048.411
47.856,49.3989,0,-953.535,1047.235
47.877,49.5052,0,-953.049,1046.319
47.8927,49.5343,0,-952.683,1045.63
47.9085,49.5633,0,-952.317,1044.942
47.9242,49.5924,0,-951.951,1044.253
47.94,49.6214,0,-951.585,1043.565
47.9685,49.6581,0,-950.922,1042.316
47.997,49.6947,0,-950.258,1041.066
48.0165,49.7654,0,-949.803,1040.21
48.036,49.8358,0,-949.348,1039.354
48.057,49.8679,0,-948.856,1038.429
48.078,49.8999,0,-948.364,1037.504
48.099,49.9319,0,-947.873,1036.58
48.117,49.9909,0,-947.451,1035.785
48.135,50.0498,0,-947.029,1034.991
48.15,50.0842,0,-946.676,1034.328
48.165,50.1185,0,-946.324,1033.664
48.18,50.1528,0,-945.971,1033.001
48.207,50.2024,0,-945.335,1031.805
48.234,50.2519,0,-944.699,1030.608
48.255,50.3213,0,-944.203,1029.675
48.276,50.3906,0,-943.707,1028.742
48.297,50.46,0,-943.211,1027.81
48.3143,50.4884,0,-942.802,1027.041
48.3315,50.5169,0,-942.393,1026.272
48.3488,50.5454,0,-941.985,1025.504
48.366,50.5738,0,-941.576,1024.735
48.396,50.6657,0,-940.863,1023.395
48.4132,50.6957,0,-940.453,1022.623
48.4305,50.7257,0,-940.043,1021.851
48.4478,50.7557,0,-939.632,1021.079
48.465,50.7857,0,-939.222,1020.307
48.483,50.8312,0,-938.792,1019.5
48.501,50.8768,0,-938.363,1018.692
48.521,50.9144,0,-937.885,1017.793
48.541,50.952,0,-937.407,1016.894
48.561,50.9896,0,-936.93,1015.995
48.591,51.0931,0,-936.211,1014.644
48.609,51.1256,0,-935.78,1013.831
48.627,51.158,0,-935.348,1013.019
48.645,51.1905,0,-934.916,1012.207
48.666,51.2434,0,-934.412,1011.257
48.687,51.2963,0,-933.907,1010.308
48.706,51.3281,0,-933.449,1009.447
48.725,51.3599,0,-932.992,1008.586
48.744,51.3917,0,-932.534,1007.725
48.768,51.5076,0,-931.955,1006.635
48.7853,51.5277,0,-931.52,1005.817
48.8025,51.5477,0,-931.085,1004.998
48.8198,51.5678,0,-930.65,1004.179
48.837,51.5878,0,-930.215,1003.36
48.861,51.6481,0,-929.669,1002.334
48.885,51.7083,0,-929.124,1001.309
48.902,51.7402,0,-928.711,1000.532
48.919,51.7721,0,-928.298,999.755
48.936,51.804,0,-927.885,998.978
48.958,51.8713,0,-927.35,997.971
48.98,51.9387,0,-926.814,996.963
49.002,52.006,0,-926.278,995.956
49.0207,52.0314,0,-925.82,995.094
49.0395,52.0568,0,-925.362,994.233
49.0583,52.0822,0,-924.904,993.372
49.077,52.1076,0,-924.446,992.511
49.094,52.1411,0,-924.03,991.728
49.111,52.1746,0,-923.614,990.945
49.128,52.2082,0,-923.197,990.162
49.1475,52.259,0,-922.719,989.262
49.167,52.3098,0,-922.241,988.363
49.183,52.342,0,-921.848,987.623
49.199,52.3741,0,-921.454,986.884
49.215,52.4062,0,-921.061,986.144
49.2375,52.459,0,-920.507,985.102
49.26,52.5117,0,-919.953,984.06
49.277,52.5453,0,-919.534,983.272
49.294,52.5789,0,-919.114,982.483
49.311,52.6124,0,-918.694,981.694
49.332,52.658,0,-918.175,980.718
49.353,52.7037,0,-917.656,979.742
49.37,52.7393,0,-917.235,978.951
49.387,52.7749,0,-916.813,978.159
49.404,52.8106,0,-916.392,977.368
49.4265,52.8553,0,-915.833,976.318
49.449,52.9001,0,-915.275,975.269
49.466,52.9346,0,-914.852,974.474
49.483,52.9691,0,-914.429,973.68
49.5,53.0035,0,-914.006,972.885
49.533,53.1003,0,-913.184,971.34
49.549,53.1314,0,-912.784,970.59
49.565,53.1625,0,-912.385,969.84
49.581,53.1936,0,-911.985,969.09
49.602,53.2269,0,-911.46,968.103
49.623,53.2603,0,-910.935,967.117
49.644,53.2936,0,-910.409,966.13
49.6605,53.3412,0,-909.995,965.353
49.677,53.3888,0,-909.582,964.577
49.696,53.42,0,-909.105,963.681
49.715,53.4511,0,-908.628,962.785
49.734,53.4822,0,-908.151,961.889
49.752,53.5362,0,-907.698,961.038
49.77,53.59,0,-907.245,960.188
49.788,53.6388,1.270809,-906.791,959.336
49.806,53.6876,2.5416207,-906.338,958.485
49.8225,53.7106,3.219642,-905.921,957.703
49.839,53.7335,3.897639,-905.505,956.921
49.8555,53.7565,4.575663,-905.088,956.139
49.872,53.7795,5.25366,-904.672,955.356
49.8915,53.825,5.238189,-904.18,954.43
49.911,53.8706,5.222691,-903.687,953.503
49.9365,53.9174,2.6113455,-903.044,952.289
49.962,53.9642,0,-902.401,951.074
49.976,53.9942,-0.5944968,-902.047,950.406
49.99,54.0242,-1.1889909,-901.694,949.738
50.004,54.0542,-1.7834877,-901.341,949.069
50.023,54.0879,-2.731077,-900.862,948.16
50.042,54.1215,-3.678696,-900.382,947.251
50.061,54.1552,-4.626288,-899.903,946.342
50.0805,54.2003,-5.952933,-899.372,945.335
50.1,54.2453,-7.279578,-898.841,944.328
50.118,54.2781,-8.218827,-898.411,943.512
50.136,54.3109,-9.158076,-897.98,942.696
50.154,54.3437,-10.097298,-897.549,941.88
50.172,54.3911,-5.048649,-897.09,941.015
50.19,54.4384,0,-896.632,940.15
50.211,54.4699,0,-896.095,939.14
50.232,54.5014,0,-895.558,938.13
50.253,54.5328,0,-895.02,937.12
50.2695,54.577,0,-894.596,936.326
50.286,54.6212,0,-894.172,935.532
50.3055,54.6682,0,-893.669,934.593
50.325,54.7151,0,-893.166,933.654
50.341,54.7446,-0.4590378,-892.752,932.882
50.357,54.774,-0.9180729,-892.337,932.111
50.373,54.8035,-1.3771107,-891.923,931.34
50.392,54.8361,-2.2920597,-891.429,930.423
50.411,54.8687,-3.207006,-890.935,929.506
50.43,54.9013,-4.121955,-890.44,928.588
50.448,54.9906,-6.683985,-889.971,927.719
50.466,55.0132,-7.364277,-889.499,926.849
50.484,55.0358,-8.044596,-889.027,925.979
50.502,55.0583,-8.724888,-888.555,925.109
50.52,55.0809,-9.405207,-888.083,924.238
50.538,55.1232,-10.675503,-887.607,923.368
50.556,55.1655,-11.945772,-887.132,922.498
50.576,55.1957,-12.845412,-886.6,921.531
50.596,55.2259,-13.745052,-886.068,920.563
50.616,55.256,-14.644692,-885.536,919.597
50.631,55.2835,-15.540633,-885.133,918.872
50.646,55.3108,-16.436547,-884.729,918.147
50.661,55.3382,-17.332461,-884.326,917.423
50.6865,55.3798,-18.671121,-883.631,916.194
50.712,55.4213,-20.009754,-882.937,914.965
50.728,55.4464,-13.339836,-882.494,914.196
50.744,55.4715,-6.669918,-882.052,913.427
50.76,55.4965,0,-881.609,912.657
50.776,55.5249,0,-881.161,911.89
50.792,55.5533,0,-880.713,911.123
50.808,55.5818,0,-880.265,910.356
50.829,55.6225,0,-879.671,909.35
50.85,55.6632,0,-879.077,908.345
50.866,55.6913,0,-878.62,907.579
50.882,55.7193,0,-878.164,906.814
50.898,55.7473,0,-877.707,906.049
50.919,55.7944,0,-877.104,905.045
50.94,55.8414,0,-876.501,904.041
50.956,55.8703,-0.3808701,-876.038,903.276
50.972,55.8991,-0.7617375,-875.576,902.51
50.988,55.928,-1.1426076,-875.114,901.745
51.012,55.9729,-2.444499,-874.417,900.597
51.036,56.0178,-3.746385,-873.72,899.449
51.054,56.0481,-4.610655,-873.195,898.588
51.072,56.0783,-5.474898,-872.67,897.726
51.09,56.1085,-6.339168,-872.145,896.864
51.105,56.1493,-7.549551,-871.706,896.146
51.12,56.19,-8.759934,-871.267,895.428
51.141,56.2343,-10.045971,-870.65,894.422
51.162,56.2786,-11.332008,-870.033,893.415
51.1785,56.299,-11.932353,-869.544,892.625
51.195,56.3195,-12.532725,-869.056,891.835
51.2115,56.3399,-13.13307,-868.567,891.045
51.228,56.3602,-13.733415,-868.079,890.255
51.249,56.4027,-15.009111,-867.452,889.25
51.27,56.445,-16.284807,-866.824,888.246
51.285,56.4824,-17.476263,-866.372,887.53
51.3,56.5197,-18.667719,-865.92,886.813
51.32,56.5447,-19.511928,-865.311,885.861
51.34,56.5697,-20.35611,-864.702,884.908
51.36,56.5946,-21.200292,-864.093,883.955
51.3735,56.6121,-15.900219,-863.676,883.315
51.387,56.6296,-10.600146,-863.258,882.675
51.4005,56.647,-5.300073,-862.841,882.034
51.414,56.6644,0,-862.423,881.394
51.432,56.7412,0,-861.861,880.543
51.4507,56.7625,0,-861.269,879.658
51.4695,56.7839,0,-860.677,878.774
51.4883,56.8052,0,-860.085,877.89
51.507,56.8265,0,-859.493,877.005
51.524,56.8555,0,-858.949,876.206
51.541,56.8844,0,-858.405,875.407
51.558,56.9133,0,-857.861,874.608
51.582,56.9555,0,-857.086,873.482
51.606,56.9976,0,-856.311,872.356
51.619,57.0287,-0.6184323,-855.888,871.746
51.632,57.0598,-1.2368646,-855.465,871.137
51.645,57.0909,-1.8552969,-855.043,870.528
51.663,57.119,-2.6256069,-854.454,869.685
51.681,57.147,-3.395925,-853.865,868.842
51.699,57.1751,-4.166235,-853.276,867.999
51.726,57.2656,-6.621048,-852.388,866.735
51.741,57.2861,-7.194069,-851.893,866.033
51.756,57.3066,-7.76709,-851.398,865.331
51.771,57.3272,-8.340138,-850.902,864.628
51.786,57.3477,-8.913159,-850.407,863.926
51.816,57.4321,-11.348505,-849.411,862.523
51.8318,57.4523,-11.917044,-848.885,861.787
51.8475,57.4724,-12.485556,-848.359,861.05
51.8633,57.4926,-13.054095,-847.833,860.314
51.879,57.5127,-13.622607,-847.307,859.578
51.894,57.5529,-14.83083,-846.803,858.878
51.909,57.5931,-16.039026,-846.298,858.178
51.93,57.6186,-16.791273,-845.586,857.2
51.951,57.644,-17.54352,-844.874,856.222
51.972,57.6694,-18.295767,-844.161,855.244
51.985,57.6923,-19.045422,-843.716,854.641
51.998,57.7152,-19.795104,-843.27,854.037
52.011,57.738,-20.544759,-842.825,853.434
52.035,57.7739,-14.988213,-841.995,852.323
52.059,57.8097,-9.43164,-841.164,851.213
52.077,57.846,-4.71582,-840.536,850.384
52.095,57.8821,0,-839.907,849.554
52.109,57.9092,0,-839.413,848.911
52.123,57.9362,0,-838.92,848.268
52.137,57.9633,0,-838.426,847.625
52.1535,57.9855,0,-837.837,846.871
52.17,58.0076,0,-837.248,846.118
52.1865,58.0296,0,-836.658,845.364
52.203,58.0516,0,-836.069,844.61
52.22,58.0794,0,-835.454,843.837
52.237,58.1071,0,-834.84,843.064
52.254,58.1346,0,-834.225,842.291
52.2735,58.1754,-0.8794116,-833.516,841.406
52.293,58.2159,-1.7588232,-832.807,840.521
52.308,58.262,-2.927232,-832.26,839.84
52.323,58.308,-4.095657,-831.713,839.159
52.342,58.3389,-4.822686,-831.018,838.297
52.361,58.3698,-5.549715,-830.322,837.434
52.38,58.4007,-6.276771,-829.627,836.572
52.3958,58.4223,-6.819741,-829.047,835.857
52.4115,58.4439,-7.362711,-828.468,835.142
52.4272,58.4654,-7.905681,-827.888,834.427
52.443,58.487,-8.448651,-827.308,833.713
52.4595,58.5315,-9.602172,-826.699,832.964
52.476,58.576,-10.755693,-826.089,832.216
52.496,58.6024,-11.473758,-825.345,831.309
52.516,58.6287,-12.19185,-824.602,830.403
52.536,58.655,-12.909942,-823.859,829.497
52.5495,58.6965,-14.054418,-823.354,828.886
52.563,58.7379,-15.198921,-822.849,828.276
52.5795,58.7582,-13.748589,-822.228,827.531
52.596,58.7785,-12.298284,-821.607,826.787
52.6125,58.7988,-10.847952,-820.986,826.042
52.629,58.8191,-9.397647,-820.365,825.298
52.659,58.8997,0,-819.226,823.949
52.6748,58.9215,0,-818.623,823.243
52.6905,58.9434,0,-818.021,822.537
52.7062,58.9653,0,-817.418,821.832
52.722,58.9872,0,-816.816,821.126
52.7385,59.0319,0,-816.179,820.388
52.755,59.0766,0,-815.543,819.651
52.774,59.1048,0,-814.806,818.804
52.793,59.1329,0,-814.069,817.957
52.812,59.161,0,-813.332,817.11
52.829,59.192,0,-812.669,816.353
52.846,59.223,0,-812.006,815.596
52.863,59.2539,0,-811.343,814.839
52.877,59.2851,0,-810.794,814.216
52.891,59.3163,0,-810.246,813.593
52.905,59.3475,0,-809.698,812.969
52.923,59.3767,0,-808.991,812.168
52.941,59.4059,0,-808.285,811.366
52.959,59.4351,0,-807.578,810.564
52.977,59.5332,0,-806.87,809.762
52.992,59.557,0,-806.279,809.092
53.007,59.5808,0,-805.688,808.423
53.022,59.6046,0,-805.097,807.754
53.037,59.6284,0,-804.506,807.085
53.061,59.6742,0,-803.558,806.012
53.085,59.7199,0,-802.611,804.939
53.0955,59.7605,0,-802.196,804.469
53.106,59.8011,0,-801.781,804
53.1247,59.8246,-0.070875,-801.039,803.159
53.1435,59.8482,-0.14175,-800.297,802.319
53.1623,59.8717,-0.212625,-799.555,801.479
53.181,59.8952,-0.2835,-798.813,800.639
53.199,59.9457,-1.4175,-798.099,799.831
53.217,59.996,-2.5515,-797.386,799.023
53.2312,60.0193,-1.913625,-796.82,798.382
53.2455,60.0425,-1.27575,-796.254,797.741
53.2598,60.0658,-0.637875,-795.689,797.1
53.274,60.089,0,-795.123,796.46
53.29,60.1199,0,-794.486,795.739
53.306,60.1507,0,-793.849,795.019
53.322,60.1815,0,-793.212,794.299
53.338,60.2087,0,-792.574,793.577
53.354,60.2358,0,-791.936,792.856
53.37,60.2628,0,-791.298,792.134
53.389,60.2913,0,-790.54,791.276
53.408,60.3198,0,-789.781,790.418
53.427,60.3483,0,-789.022,789.56
53.4435,60.4007,0,-788.362,788.815
53.46,60.4528,0,-787.702,788.069
53.476,60.4839,0,-787.061,787.344
53.492,60.5148,0,-786.42,786.62
53.508,60.5458,0,-785.779,785.896
53.526,60.5755,0,-785.056,785.08
53.544,60.6052,0,-784.334,784.264
53.562,60.6349,0,-783.611,783.448
53.578,60.665,0,-782.967,782.722
53.594,60.695,0,-782.324,781.996
53.61,60.725,0,-781.68,781.269
53.628,60.8109,0,-780.956,780.451
53.6436,60.8304,0,-780.327,779.741
53.6592,60.8499,0,-779.698,779.03
53.6748,60.8693,0,-779.069,778.32
53.6904,60.8888,0,-778.44,777.61
53.706,60.9082,0,-777.812,776.9
53.724,60.9564,0,-777.085,776.079
53.742,61.0046,0,-776.358,775.258
53.757,61.026,0,-775.751,774.573
53.772,61.0473,0,-775.144,773.888
53.787,61.0687,0,-774.538,773.202
53.802,61.09,0,-773.931,772.517
53.8185,61.1362,0,-773.262,771.762
53.835,61.1824,0,-772.594,771.008
53.855,61.2125,0,-771.782,770.091
53.875,61.2426,0,-770.971,769.175
53.895,61.2727,0,-770.159,768.259
53.9115,61.3176,0,-769.489,767.502
53.928,61.3624,0,-768.818,766.745
53.944,61.3928,0,-768.167,766.01
53.96,61.4231,0,-767.516,765.275
53.976,61.4534,0,-766.865,764.54
53.99,61.4833,0,-766.295,763.896
54.004,61.5132,0,-765.724,763.252
54.018,61.5431,0,-765.154,762.608
54.0322,61.5664,0,-764.572,761.952
54.0465,61.5897,0,-763.991,761.295
54.0608,61.613,0,-763.409,760.639
54.075,61.6363,0,-762.827,759.982
54.093,61.7209,0,-762.092,759.152
54.1125,61.7448,0,-761.294,758.251
54.132,61.7688,0,-760.496,757.351
54.1515,61.7927,0,-759.698,756.45
54.171,61.8166,0,-758.9,755.549
54.184,61.8467,0,-758.367,754.948
54.197,61.8768,0,-757.834,754.346
54.21,61.9069,0,-757.301,753.745
54.226,61.9382,0,-756.644,753.003
54.242,61.9694,0,-755.987,752.262
54.258,62.0006,0,-755.33,751.521
54.275,62.0262,0,-754.631,750.732
54.292,62.0518,0,-753.932,749.943
54.309,62.0774,0,-753.233,749.154
54.33,62.1685,0,-752.369,748.178
54.3444,62.1858,0,-751.776,747.508
54.3588,62.2032,0,-751.183,746.838
54.3732,62.2205,0,-750.589,746.167
54.3876,62.2378,0,-749.996,745.497
54.402,62.2551,0,-749.403,744.827
54.418,62.2867,0,-748.742,744.081
54.434,62.3183,0,-748.082,743.335
54.45,62.3498,0,-747.422,742.589
54.467,62.3788,0,-746.719,741.795
54.484,62.4077,0,-746.016,741.002
54.501,62.4367,0,-745.314,740.208
54.516,62.4655,0,-744.693,739.506
54.531,62.4944,0,-744.072,738.805
54.546,62.5233,0,-743.451,738.103
54.564,62.5662,0,-742.706,737.26
54.582,62.6092,0,-741.96,736.417
54.598,62.6386,0,-741.297,735.666
54.614,62.668,0,-740.633,734.916
54.63,62.6975,0,-739.969,734.165
54.645,62.7207,0.3189375,-739.346,733.46
54.66,62.744,0.637875,-738.723,732.756
54.675,62.7673,0.9568125,-738.1,732.051
54.69,62.7906,1.27575,-737.477,731.346
54.7065,62.8282,2.40975,-736.791,730.57
54.723,62.8657,3.54375,-736.105,729.793
54.737,62.8961,4.2525,-735.523,729.133
54.751,62.9266,4.96125,-734.94,728.474
54.765,62.9571,5.67,-734.358,727.814
54.7815,62.9791,4.2525,-733.671,727.035
54.798,63.0011,2.835,-732.984,726.255
54.8145,63.0231,1.4175,-732.297,725.476
54.831,63.0451,0,-731.61,724.697
54.8475,63.091,0,-730.923,723.916
54.864,63.1368,0,-730.235,723.135
54.885,63.2186,0,-729.36,722.139
54.8995,63.2326,0,-728.756,721.45
54.914,63.2465,0,-728.151,720.761
54.9285,63.2605,0,-727.547,720.072
54.943,63.2744,0,-726.943,719.383
54.9575,63.2884,0,-726.338,718.694
54.972,63.3023,0,-725.734,718.006
54.988,63.33,0,-725.066,717.243
55.004,63.3578,0,-724.399,716.481
55.02,63.3855,0,-723.731,715.719
55.041,63.4259,0,-722.855,714.716
55.062,63.4663,0,-721.978,713.714
55.076,63.4963,0,-721.393,713.045
55.09,63.5263,0,-720.808,712.376
55.104,63.5564,0,-720.223,711.707
55.12,63.5809,0,-719.554,710.941
55.136,63.6055,0,-718.884,710.175
55.152,63.63,0,-718.215,709.409
55.173,63.7188,0,-717.336,708.403
55.1886,63.7368,0,-716.682,707.654
55.2042,63.7547,0,-716.028,706.906
55.2198,63.7726,0,-715.374,706.157
55.2354,63.7905,0,-714.72,705.409
55.251,63.8085,0,-714.066,704.66
55.263,63.8375,0,-713.563,704.083
55.275,63.8666,0,-713.059,703.507
55.287,63.8957,0,-712.555,702.93
55.308,63.9328,0,-711.672,701.919
55.329,63.9699,0,-710.79,700.908
55.3447,63.9917,0,-710.127,700.149
55.3605,64.0134,0,-709.464,699.39
55.3762,64.0351,0,-708.802,698.631
55.392,64.0569,0,-708.139,697.872
55.404,64.0843,0,-707.633,697.293
55.416,64.1116,0,-707.128,696.714
55.428,64.139,0,-706.622,696.134
55.443,64.1673,0,-705.989,695.41
55.458,64.1956,0,-705.356,694.685
55.473,64.2239,0,-704.723,693.96
55.49,64.2535,0,-704.005,693.138
55.507,64.2831,0,-703.287,692.315
55.524,64.3126,0,-702.569,691.493
55.539,64.3379,-0.51975,-701.935,690.766
55.554,64.3631,-1.0395,-701.3,690.039
55.569,64.3883,-1.55925,-700.666,689.312
55.588,64.4158,-2.31525,-699.861,688.391
55.607,64.4432,-3.07125,-699.056,687.469
55.626,64.4707,-3.82725,-698.251,686.547
55.6425,64.5109,-1.913625,-697.551,685.746
55.659,64.5512,0,-696.851,684.945
55.671,64.5795,0,-696.341,684.362
55.683,64.6077,0,-695.831,683.779
55.695,64.636,0,-695.321,683.196
55.7122,64.6538,0,-694.586,682.358
55.7295,64.6716,0,-693.851,681.519
55.7467,64.6894,0,-693.117,680.68
55.764,64.7071,0,-692.382,679.841
55.7775,64.7492,0,-691.806,679.185
55.791,64.7913,0,-691.23,678.528
55.8045,64.834,0,-690.653,677.871
55.818,64.8766,0,-690.076,677.214
55.836,64.8967,0,-689.306,676.337
55.854,64.9167,0,-688.535,675.46
55.872,64.9367,0,-687.765,674.583
55.89,64.9567,0,-686.994,673.707
55.903,64.9818,0,-686.437,673.073
55.916,65.007,0,-685.879,672.439
55.929,65.0321,0,-685.321,671.805
55.9425,65.0516,0,-684.741,671.146
55.956,65.071,0,-684.162,670.487
55.9695,65.0904,0,-683.582,669.828
55.983,65.1098,0,-683.002,669.169
56.007,65.1836,0,-681.97,667.996
56.0232,65.1977,0,-681.272,667.204
56.0394,65.2118,0,-680.574,666.411
56.0556,65.2258,0,-679.877,665.619
56.0718,65.2399,0,-679.179,664.826
56.088,65.254,0,-678.481,664.034
56.1,65.279,0,-677.964,663.446
56.112,65.304,0,-677.446,662.858
56.124,65.3291,0,-676.929,662.27
56.143,65.3559,0,-676.108,661.338
56.162,65.3826,0,-675.288,660.406
56.181,65.4094,0,-674.467,659.474
56.193,65.4269,0,-673.949,658.885
56.205,65.4445,0,-673.43,658.295
56.217,65.462,0,-672.911,657.706
56.229,65.4795,0,-672.392,657.117
56.246,65.5025,0,-671.657,656.281
56.263,65.5254,0,-670.921,655.445
56.28,65.5483,0,-670.185,654.609
56.295,65.5756,0,-669.535,653.87
56.31,65.6029,0,-668.886,653.132
56.325,65.6302,0,-668.236,652.393
56.343,65.6966,0,-667.455,651.506
56.3595,65.7155,0,-666.739,650.692
56.376,65.7344,0,-666.023,649.878
56.3925,65.7533,0,-665.307,649.065
56.409,65.7722,0,-664.591,648.251
56.424,65.8056,0,-663.939,647.51
56.439,65.839,0,-663.288,646.769
56.4516,65.8533,0,-662.74,646.146
56.4642,65.8677,0,-662.192,645.523
56.4768,65.882,0,-661.644,644.9
56.4894,65.8963,0,-661.096,644.277
56.502,65.9107,0,-660.549,643.654
56.5185,65.9472,0,-659.831,642.837
56.535,65.9837,0,-659.113,642.02
56.5508,66.0004,0,-658.427,641.239
56.5665,66.0171,0,-657.74,640.459
56.5822,66.0339,0,-657.054,639.678
56.598,66.0506,0,-656.368,638.898
56.6145,66.0863,0,-655.649,638.079
56.631,66.122,0,-654.929,637.26
56.6468,66.1386,0,-654.242,636.477
56.6625,66.1551,0,-653.555,635.695
56.6782,66.1716,0,-652.867,634.912
56.694,66.1882,0,-652.18,634.13
56.706,66.2099,0,-651.656,633.533
56.718,66.2316,0,-651.132,632.936
56.73,66.2533,0,-650.608,632.339
56.7458,66.2699,0,-649.919,631.554
56.7615,66.2865,0,-649.231,630.77
56.7772,66.3032,0,-648.542,629.985
56.793,66.3198,0,-647.853,629.201
56.811,66.3549,0,-647.066,628.303
56.829,66.3901,0,-646.278,627.406
56.844,66.4116,0,-645.621,626.657
56.859,66.4332,0,-644.964,625.908
56.874,66.4547,0,-644.307,625.16
56.8883,66.472,0,-643.682,624.447
56.9025,66.4893,0,-643.058,623.735
56.9167,66.5066,0,-642.433,623.023
56.931,66.5239,0,-641.808,622.311
56.949,66.5528,0,-641.019,621.41
56.967,66.5816,0,-640.229,620.51
56.982,66.6037,0,-639.57,619.759
56.997,66.6258,0,-638.912,619.008
57.012,66.6479,0,-638.253,618.257
57.0255,66.6644,0,-637.66,617.58
57.039,66.6809,0,-637.066,616.904
57.0525,66.6974,0,-636.473,616.227
57.066,66.7139,0,-635.88,615.55
57.084,66.7805,0,-635.088,614.647
57.098,66.7904,0,-634.472,613.944
57.112,66.8003,0,-633.856,613.241
57.126,66.8102,0,-633.24,612.537
57.14,66.8201,0,-632.623,611.834
57.154,66.83,0,-632.007,611.131
57.168,66.8399,0,-631.391,610.427
57.183,66.9013,0,-630.73,609.673
57.1986,66.9131,0,-630.043,608.888
57.2142,66.9249,0,-629.355,608.103
57.2298,66.9367,0,-628.667,607.317
57.2454,66.9485,0,-627.98,606.532
57.261,66.9603,0,-627.292,605.747
57.279,67.0188,0,-626.498,604.84
57.2948,67.0349,0,-625.803,604.046
57.3105,67.051,0,-625.107,603.252
57.3262,67.0671,0,-624.412,602.458
57.342,67.0832,0,-623.716,601.664
57.353,67.1029,0,-623.23,601.108
57.364,67.1227,0,-622.744,600.553
57.375,67.1424,0,-622.258,599.998
57.393,67.1548,0,-621.462,599.089
57.411,67.1673,0,-620.666,598.179
57.429,67.1797,0,-619.869,597.27
57.447,67.1921,0,-619.073,596.361
57.459,67.2106,0,-618.542,595.754
57.471,67.2291,0,-618.01,595.148
57.483,67.2476,0,-617.479,594.541
57.498,67.266,0,-616.814,593.782
57.513,67.2844,0,-616.149,593.023
57.528,67.3028,0,-615.485,592.264
57.5475,67.3293,0,-614.62,591.277
57.567,67.3559,0,-613.755,590.29
57.579,67.3748,0,-613.222,589.682
57.591,67.3938,0,-612.69,589.074
57.603,67.4128,0,-612.157,588.466
57.616,67.4285,0,-611.58,587.808
57.629,67.4443,0,-611.003,587.149
57.642,67.4601,0,-610.425,586.49
57.6582,67.4713,0,-609.705,585.668
57.6744,67.4825,0,-608.985,584.846
57.6906,67.4938,0,-608.265,584.024
57.7068,67.505,0,-607.544,583.202
57.723,67.5162,0,-606.824,582.38
57.739,67.5331,0,-606.112,581.568
57.755,67.5499,0,-605.4,580.755
57.771,67.5667,0,-604.688,579.943
57.784,67.5847,0,-604.108,579.282
57.797,67.6027,0,-603.529,578.621
57.81,67.6207,0,-602.95,577.961
57.825,67.6377,0,-602.282,577.198
57.84,67.6548,0,-601.613,576.435
57.855,67.6719,0,-600.944,575.672
57.871,67.6881,0,-600.231,574.858
57.887,67.7043,0,-599.517,574.044
57.903,67.7205,0,-598.803,573.23
57.918,67.7337,0,-598.134,572.466
57.933,67.7469,0,-597.464,571.702
57.948,67.76,0,-596.794,570.937
57.963,67.7733,0,-596.125,570.173
57.975,67.7903,0,-595.588,569.562
57.987,67.8073,0,-595.052,568.95
57.999,67.8243,0,-594.516,568.338
58.015,67.8415,0,-593.801,567.522
58.031,67.8587,0,-593.085,566.706
58.047,67.8759,0,-592.37,565.89
58.0605,67.8878,0,-591.766,565.201
58.074,67.8998,0,-591.162,564.511
58.0875,67.9117,0,-590.558,563.822
58.101,67.9237,0,-589.953,563.133
58.116,67.9405,-0.378,-589.282,562.367
58.131,67.9573,-0.756,-588.61,561.6
58.146,67.9741,-1.134,-587.938,560.834
58.164,68.0221,-3.26025,-587.132,559.914
58.1778,68.0327,-2.6082,-586.513,559.208
58.1916,68.0432,-1.95615,-585.894,558.502
58.2054,68.0537,-1.3041,-585.275,557.797
58.2192,68.0642,-0.65205,-584.656,557.091
58.233,68.0747,0,-584.037,556.385
58.2495,68.0995,0,-583.296,555.541
58.266,68.1242,0,-582.555,554.697
58.2825,68.1367,0,-581.812,553.853
58.299,68.1492,0,-581.069,553.009
58.3155,68.1617,0,-580.327,552.165
58.332,68.1742,0,-579.584,551.321
58.344,68.1858,0,-579.043,550.708
58.356,68.1973,0,-578.502,550.094
58.368,68.2088,0,-577.961,549.48
58.38,68.2204,0,-577.421,548.866
58.395,68.2366,0,-576.743,548.098
58.41,68.2528,0,-576.066,547.331
58.425,68.269,0,-575.389,546.563
58.4445,68.2937,0,-574.508,545.565
58.464,68.3184,0,-573.627,544.567
58.476,68.3307,0,-573.084,543.953
58.488,68.3431,0,-572.541,543.339
58.5,68.3555,0,-571.998,542.724
58.512,68.3679,0,-571.455,542.11
58.533,68.3909,0,-570.504,541.035
58.554,68.4138,0,-569.553,539.959
58.5675,68.4253,0,-568.941,539.268
58.581,68.4367,0,-568.329,538.576
58.5945,68.4482,0,-567.716,537.884
58.608,68.4597,0,-567.104,537.193
58.626,68.5016,0,-566.288,536.27
58.64,68.5107,0,-565.652,535.552
58.654,68.5197,0,-565.017,534.834
58.668,68.5287,0,-564.381,534.116
58.682,68.5378,0,-563.745,533.398
58.696,68.5468,0,-563.11,532.68
58.71,68.5558,0,-562.474,531.962
58.726,68.572,0,-561.747,531.141
58.742,68.5882,0,-561.019,530.319
58.758,68.6044,0,-560.292,529.498
58.772,68.6199,0,-559.655,528.779
58.786,68.6352,0,-559.018,528.059
58.8,68.6506,0,-558.382,527.34
58.8128,68.6622,0,-557.801,526.685
58.8255,68.6738,0,-557.221,526.029
58.8382,68.6854,0,-556.64,525.374
58.851,68.697,0,-556.06,524.719
58.869,68.7424,0,-555.24,523.793
58.884,68.7519,0,-554.556,523.021
58.899,68.7613,0,-553.873,522.249
58.914,68.7707,0,-553.189,521.477
58.929,68.7802,0,-552.505,520.706
58.944,68.7896,0,-551.822,519.934
58.962,68.8368,0,-551.001,519.007
58.9764,68.8456,0,-550.343,518.265
58.9908,68.8543,0,-549.686,517.523
59.0052,68.863,0,-549.029,516.781
59.0196,68.8717,0,-548.371,516.039
59.034,68.8805,0,-547.714,515.297
59.048,68.8963,0,-547.074,514.575
59.062,68.9122,0,-546.435,513.853
59.076,68.9281,0,-545.795,513.132
59.0887,68.9402,-0.567,-545.212,512.474
59.1015,68.9523,-1.134,-544.629,511.816
59.1143,68.9645,-1.701,-544.046,511.158
59.127,68.9766,-2.268,-543.463,510.5
59.143,68.9922,-2.97675,-542.731,509.674
59.159,69.0079,-3.6855,-541.998,508.849
59.175,69.0236,-4.39425,-541.266,508.023
59.193,69.0662,-6.5205,-540.441,507.094
59.2056,69.0748,-5.2164,-539.863,506.444
59.2182,69.0835,-3.9123,-539.285,505.793
59.2308,69.0921,-2.6081973,-538.706,505.143
59.2434,69.1007,-1.3041,-538.128,504.493
59.256,69.1093,0,-537.55,503.843
59.274,69.134,0,-536.722,502.914
59.292,69.1587,0,-535.894,501.986
59.3052,69.1684,0,-535.285,501.305
59.3184,69.178,0,-534.677,500.625
59.3316,69.1876,0,-534.068,499.944
59.3448,69.1972,0,-533.46,499.264
59.358,69.2068,0,-532.851,498.583
59.376,69.2308,0,-532.019,497.656
59.394,69.2548,0,-531.187,496.729
59.4066,69.263,0,-530.603,496.08
59.4192,69.2712,0,-530.019,495.431
59.4318,69.2794,0,-529.435,494.783
59.4444,69.2876,0,-528.851,494.134
59.457,69.2958,0,-528.268,493.485
59.4765,69.3184,0,-527.363,492.481
59.496,69.3409,0,-526.458,491.477
59.505,69.3651,0,-526.04,491.014
59.514,69.3894,0,-525.622,490.551
59.5298,69.4019,0,-524.889,489.74
59.5455,69.4144,0,-524.157,488.929
59.5612,69.4268,0,-523.424,488.118
59.577,69.4393,0,-522.692,487.307
59.593,69.4536,0,-521.947,486.483
59.609,69.4678,0,-521.202,485.658
59.625,69.482,0,-520.457,484.834
59.6376,69.4911,-0.3402,-519.87,484.185
59.6502,69.5003,-0.6804,-519.282,483.535
59.6628,69.5095,-1.0206,-518.695,482.886
59.6754,69.5186,-1.3608,-518.108,482.236
59.688,69.5278,-1.701,-517.521,481.587
59.703,69.551,-2.764125,-516.821,480.813
59.718,69.5742,-3.82725,-516.121,480.04
59.7315,69.5861,-4.39425,-515.491,479.344
59.745,69.598,-4.96125,-514.86,478.647
59.7585,69.6099,-5.52825,-514.229,477.951
59.772,69.6218,-6.09525,-513.599,477.255
59.79,69.6361,-6.804,-512.756,476.327
59.808,69.6504,-7.51275,-511.914,475.399
59.826,69.6647,-8.2215,-511.071,474.471
59.84,69.6792,-8.9775,-510.414,473.75
59.854,69.6936,-9.7335,-509.757,473.029
59.868,69.708,-10.4895,-509.1,472.308
59.8807,69.7187,-7.867125,-508.499,471.653
59.8935,69.7293,-5.24475,-507.897,470.998
59.9062,69.7398,-2.622375,-507.296,470.343
59.919,69.7504,0,-506.695,469.688
59.934,69.7647,0,-505.985,468.92
59.949,69.7789,0,-505.275,468.151
59.964,69.7932,0,-504.565,467.382
59.9767,69.8038,0,-503.923,466.693
59.9895,69.8144,0,-503.281,466.003
60.0023,69.825,0,-502.639,465.313
60.015,69.8356,0,-501.997,464.623
60.03,69.8561,0,-501.353,463.934
60.045,69.8765,0,-500.709,463.245
60.063,69.8925,0,-499.848,462.328
60.081,69.9085,0,-498.987,461.41
60.099,69.9244,0,-498.126,460.493
60.1117,69.9371,-0.14175,-497.515,459.844
60.1245,69.9497,-0.2835,-496.903,459.195
60.1373,69.9623,-0.42525,-496.292,458.546
60.15,69.9749,-0.567,-495.68,457.897
60.168,70.0238,-2.835,-494.815,456.981
60.1815,70.0311,-3.213,-494.165,456.295
60.195,70.0384,-3.591,-493.515,455.609
60.2085,70.0458,-3.969,-492.865,454.922
60.222,70.0531,-4.347,-492.215,454.236
60.2355,70.0604,-4.725,-491.565,453.549
60.249,70.0678,-5.103,-490.915,452.863
60.2625,70.0885,-6.166125,-490.264,452.177
60.276,70.1093,-7.22925,-489.612,451.491
60.291,70.1415,-4.8195,-488.839,450.679
60.306,70.1737,-2.4097473,-488.065,449.866
60.321,70.2059,0,-487.292,449.054
60.3356,70.212,0,-486.606,448.337
60.3501,70.2181,0,-485.919,447.619
60.3647,70.2242,0,-485.233,446.902
60.3793,70.2302,0,-484.547,446.185
60.3939,70.2363,0,-483.86,445.468
60.4084,70.2424,0,-483.174,444.751
60.423,70.2485,0,-482.488,444.034
60.438,70.2591,-0.1771875,-481.757,443.274
60.453,70.2698,-0.354375,-481.027,442.515
60.468,70.2804,-0.5315625,-480.296,441.755
60.483,70.2911,-0.70875,-479.566,440.995
60.492,70.3151,-1.771875,-479.127,440.54
60.501,70.3391,-2.835,-478.688,440.084
60.5166,70.3486,-3.2886,-477.925,439.295
60.5322,70.3582,-3.7422,-477.162,438.506
60.5478,70.3678,-4.1958,-476.4,437.717
60.5634,70.3773,-4.6494,-475.637,436.928
60.579,70.3869,-5.103,-474.875,436.139
60.591,70.4003,-5.81175,-474.286,435.532
60.603,70.4136,-6.5205,-473.698,434.926
60.615,70.4269,-7.22925,-473.11,434.319
60.6292,70.4382,-7.79625,-472.41,433.6
60.6435,70.4496,-8.36325,-471.71,432.881
60.6578,70.4609,-8.93025,-471.009,432.161
60.672,70.4722,-9.49725,-470.309,431.442
60.69,70.4921,-10.63125,-469.422,430.536
60.708,70.5119,-11.76525,-468.534,429.629
60.72,70.5243,-12.474,-467.941,429.026
60.732,70.5366,-13.18275,-467.347,428.422
60.744,70.5488,-13.8915,-466.754,427.819
60.7572,70.5564,-11.1132,-466.097,427.159
60.7704,70.564,-8.3349,-465.44,426.498
60.7836,70.5716,-5.5566,-464.784,425.838
60.7968,70.5792,-2.7783,-464.127,425.177
60.81,70.5867,0,-463.47,424.517
60.826,70.5989,0,-462.669,423.72
60.842,70.6111,0,-461.868,422.924
60.858,70.6232,0,-461.067,422.127
60.872,70.6311,-0.378,-460.363,421.433
60.886,70.6388,-0.756,-459.659,420.738
60.9,70.6466,-1.134,-458.954,420.044
60.918,70.5974,-2.197125,-458.047,419.154
60.936,70.5479,-3.26025,-457.139,418.264
60.948,70.5135,-4.01625,-456.483,417.623
60.96,70.479,-4.77225,-455.827,416.982
60.972,70.4444,-5.52825,-455.171,416.341
60.9858,70.4293,-5.9535,-454.504,415.693
60.9996,70.4141,-6.37875,-453.837,415.045
61.0134,70.3989,-6.804,-453.17,414.397
61.0272,70.3837,-7.22925,-452.503,413.749
61.041,70.3684,-7.6545,-451.837,413.101
61.058,70.3263,-8.4105,-450.976,412.271
61.075,70.2842,-9.1665,-450.116,411.442
61.092,70.242,-9.9225,-449.255,410.612
61.106,70.2441,-10.63125,-448.545,409.932
61.12,70.2461,-11.34,-447.834,409.252
61.134,70.2481,-12.04875,-447.124,408.572
61.1475,70.251,-12.61575,-446.435,407.92
61.161,70.2538,-13.18275,-445.747,407.267
61.1745,70.2566,-13.74975,-445.059,406.615
61.188,70.2594,-14.31675,-444.37,405.962
61.206,70.2682,-16.584777,-443.449,405.096
61.2185,70.2698,-16.939152,-442.805,404.498
61.231,70.2714,-17.293527,-442.161,403.9
61.2435,70.2729,-17.647902,-441.518,403.303
61.256,70.2744,-18.002277,-440.874,402.705
61.2685,70.2759,-18.356625,-440.23,402.107
61.281,70.2775,-18.711,-439.587,401.509
61.299,70.281,-19.774125,-438.652,400.656
61.317,70.2844,-20.83725,-437.718,399.803
61.331,70.2847,-21.59325,-436.987,399.144
61.345,70.2848,-22.34925,-436.256,398.485
61.359,70.2848,-23.10525,-435.526,397.825
61.371,70.2833,-23.636799,-434.895,397.265
61.383,70.2818,-24.168375,-434.264,396.705
61.395,70.2802,-24.699924,-433.633,396.145
61.407,70.2785,-25.231473,-433.002,395.585
61.424,70.2771,-16.821,-432.1,394.801
61.441,70.2756,-8.4105,-431.198,394.017
61.458,70.2739,0,-430.297,393.232
61.473,70.2765,0,-429.494,392.548
61.488,70.2792,0,-428.692,391.863
61.503,70.2818,0,-427.89,391.179
61.5157,70.2868,-0.5315625,-427.203,390.603
61.5285,70.2918,-1.063125,-426.516,390.027
61.5413,70.2968,-1.5946875,-425.829,389.451
61.554,70.3016,-2.12625,-425.142,388.875
61.57,70.3094,-2.835,-424.273,388.159
61.586,70.3169,-3.54375,-423.405,387.444
61.602,70.3242,-4.2525,-422.536,386.728
61.62,70.3546,-6.5205,-421.555,385.928
61.6338,70.3418,-6.94575,-420.799,385.319
61.6476,70.3289,-7.371,-420.043,384.71
61.6614,70.3161,-7.79625,-419.287,384.101
61.6752,70.3031,-8.2215,-418.53,383.492
61.689,70.2901,-8.64675,-417.774,382.883
61.7,70.2442,-9.45,-417.17,382.401
61.711,70.1982,-10.25325,-416.565,381.92
61.722,70.1523,-11.0565,-415.96,381.439
61.7393,70.121,-11.588076,-415.01,380.69
61.7565,70.0897,-12.119625,-414.059,379.942
61.7738,70.0584,-12.651201,-413.109,379.193
61.791,70.0271,-13.18275,-412.158,378.445
61.804,69.9828,-13.93875,-411.44,377.887
61.817,69.9386,-14.69475,-410.722,377.328
61.83,69.8943,-15.450777,-410.003,376.77
61.846,69.7713,-16.159527,-409.118,376.089
61.862,69.6483,-16.868277,-408.232,375.408
61.878,69.5252,-17.577027,-407.346,374.727
61.8915,69.3193,-18.144,-406.602,374.161
61.905,69.1133,-18.711,-405.858,373.596
61.9185,68.9072,-19.278,-405.113,373.031
61.932,68.7009,-19.845,-404.369,372.466
61.95,67.7982,-21.97125,-403.383,371.724
61.963,67.695,-22.34925,-402.677,371.2
61.976,67.5917,-22.72725,-401.971,370.675
61.989,67.4883,-23.10525,-401.264,370.151
62.002,67.3848,-23.48325,-400.558,369.626
62.015,67.2813,-23.86125,-399.852,369.102
62.028,67.1777,-24.23925,-399.146,368.577
62.0475,67.0963,-25.373223,-398.085,367.809
62.067,67.0137,-26.507223,-397.025,367.041
62.081,66.9644,-27.216,-396.261,366.497
62.095,66.915,-27.92475,-395.496,365.954
62.109,66.8656,-28.6335,-394.731,365.411
62.1255,66.7784,-29.7675,-393.826,364.779
62.142,66.6911,-30.9015,-392.921,364.148
62.1562,66.6491,-31.43313,-392.135,363.613
62.1705,66.607,-31.96449,-391.348,363.078
62.1847,66.5649,-32.49612,-390.562,362.544
62.199,66.5228,-33.02775,-389.776,362.009
62.213,66.4634,-33.7365,-388.999,361.495
62.227,66.4039,-34.44525,-388.222,360.981
62.241,66.3444,-35.154,-387.445,360.467
62.26,66.2804,-35.91,-386.383,359.786
62.279,66.2164,-36.666,-385.322,359.105
62.298,66.1521,-37.422,-384.261,358.424
62.307,66.0546,-38.48499,-383.757,358.107
62.316,65.9568,-39.54825,-383.252,357.79
62.3316,65.916,-39.9735,-382.372,357.255
62.3472,65.875,-40.39875,-381.492,356.719
62.3628,65.8341,-40.824,-380.612,356.183
62.3784,65.7931,-41.24925,-379.732,355.648
62.394,65.752,-41.6745,-378.853,355.112
62.4105,65.6492,-42.525,-377.916,354.563
62.427,65.5459,-43.3755,-376.979,354.014
62.4435,65.4939,-43.9425,-376.038,353.479
62.46,65.4418,-44.5095,-375.097,352.945
62.4765,65.3896,-45.0765,-374.155,352.41
62.493,65.3374,-45.6435,-373.214,351.876
62.506,65.2742,-46.35225,-372.468,351.467
62.519,65.2109,-47.061,-371.723,351.059
62.532,65.1474,-47.76975,-370.977,350.65
62.5515,65.0696,-44.793,-369.854,350.052
62.571,64.9916,-41.81625,-368.73,349.454
62.586,64.951,-28.20825,-367.862,349.006
62.601,64.9104,-14.600115,-366.994,348.557
62.616,64.8698,-0.992115,-366.126,348.109
62.633,64.8487,-0.6614109,-365.136,347.616
62.65,64.8276,-0.3307041,-364.146,347.123
62.667,64.8065,0,-363.156,346.63
62.682,64.7897,0,-362.278,346.207
62.697,64.7729,0,-361.399,345.785
62.712,64.756,0,-360.52,345.363
62.7248,64.7494,0,-359.769,345.015
62.7375,64.7428,0,-359.018,344.667
62.7503,64.736,0,-358.266,344.319
62.763,64.7292,0,-357.515,343.971
62.779,64.7242,0,-356.567,343.548
62.795,64.7189,0,-355.619,343.125
62.811,64.7135,0,-354.671,342.702
62.829,64.7167,0,-353.6,342.237
62.847,64.7222,0,-352.524,341.785
62.865,64.7273,0,-351.447,341.334
62.883,64.7322,0,-350.371,340.883
62.901,64.7366,0,-349.295,340.431
62.916,64.7461,0.14175,-348.392,340.069
62.931,64.7548,0.2835,-347.49,339.707
62.946,64.7628,0.42525,-346.587,339.345
62.9595,64.7756,0.99225,-345.771,339.029
62.973,64.7879,1.55925,-344.955,338.713
62.9865,64.7997,2.12625,-344.139,338.397
63,64.8111,2.69325,-343.323,338.081
63.0165,64.8343,3.756375,-342.321,337.704
63.033,64.8558,4.8195,-341.32,337.327
63.0525,64.8856,5.9535,-340.134,336.887
63.072,64.9139,7.0875,-338.947,336.448
63.0846,64.9255,7.5411,-338.179,336.167
63.0972,64.9369,7.9947,-337.41,335.887
63.1098,64.9482,8.4483,-336.642,335.607
63.1224,64.9593,8.9019,-335.873,335.326
63.135,64.9702,9.3555,-335.105,335.046
63.153,64.9954,5.103,-334.005,334.647
63.171,65.02,0.8505027,-332.906,334.247
63.1905,65.0442,0.42525,-331.715,333.813
63.21,65.0681,0,-330.524,333.379
63.2238,65.0781,0,-329.681,333.069
63.2376,65.088,0,-328.838,332.759
63.2514,65.0979,0,-327.995,332.449
63.2652,65.1078,0,-327.152,332.14
63.279,65.1177,0,-326.309,331.83
63.295,65.1336,0,-325.332,331.467
63.311,65.1495,0,-324.355,331.104
63.327,65.1654,0,-323.378,330.741
63.342,65.1813,-0.61425,-322.462,330.398
63.357,65.1973,-1.2285,-321.546,330.056
63.372,65.2131,-1.84275,-320.63,329.713
63.39,65.2385,-2.905875,-319.531,329.3
63.408,65.2639,-3.969,-318.432,328.888
63.424,65.282,-4.725,-317.455,328.519
63.44,65.3,-5.481,-316.477,328.151
63.456,65.3181,-6.237,-315.5,327.783
63.471,65.3308,-6.804,-314.583,327.438
63.486,65.3435,-7.371,-313.666,327.093
63.501,65.3561,-7.938,-312.748,326.748
63.516,65.3688,-8.505,-311.831,326.403
63.529,65.3842,-9.21375,-311.035,326.105
63.542,65.3995,-9.9225,-310.239,325.807
63.555,65.4148,-10.63125,-309.443,325.509
63.573,65.4296,-11.34,-308.338,325.1
63.591,65.4444,-12.04875,-307.234,324.69
63.609,65.4591,-12.7575,-306.13,324.281
63.624,65.4728,-8.505,-305.207,323.943
63.639,65.4863,-4.2525,-304.285,323.605
63.654,65.4998,0,-303.363,323.268
63.67,65.5161,0,-302.377,322.911
63.686,65.5324,0,-301.391,322.554
63.702,65.5488,0,-300.405,322.197
63.714,65.5604,0,-299.664,321.932
63.726,65.5721,0,-298.924,321.667
63.738,65.5837,0,-298.183,321.401
63.75,65.5953,0,-297.442,321.136
63.7665,65.6211,0,-296.422,320.774
63.783,65.6469,0,-295.401,320.412
63.799,65.6624,-0.42525,-294.41,320.063
63.815,65.678,-0.8505,-293.419,319.714
63.831,65.6935,-1.27575,-292.429,319.365
63.849,65.741,-3.54375,-291.313,318.974
63.8646,65.7505,-3.969,-290.344,318.636
63.8802,65.7601,-4.39425,-289.376,318.299
63.8958,65.7697,-4.8195,-288.408,317.961
63.9114,65.7792,-5.24475,-287.439,317.623
63.927,65.7888,-5.67,-286.471,317.286
63.94,65.8056,-6.426,-285.662,317.006
63.953,65.8224,-7.182,-284.854,316.726
63.966,65.8392,-7.938,-284.046,316.447
63.981,65.8498,-8.469549,-283.112,316.126
63.996,65.8604,-9.001125,-282.177,315.805
64.011,65.8709,-9.532674,-281.243,315.484
64.026,65.8814,-10.06425,-280.309,315.163
64.042,65.8954,-10.82025,-279.248,314.803
64.058,65.9093,-11.57625,-278.187,314.442
64.074,65.9232,-12.33225,-277.126,314.082
64.0935,65.9452,-13.46625,-276.001,313.705
64.113,65.967,-14.60025,-274.876,313.327
64.1273,65.9766,-15.16725,-273.983,313.033
64.1415,65.9862,-15.734277,-273.089,312.739
64.1557,65.9958,-16.301277,-272.196,312.445
64.17,66.0053,-16.868277,-271.303,312.151
64.1865,66.0203,-17.931402,-270.267,311.816
64.203,66.0351,-18.9945,-269.23,311.482
64.2173,66.0404,-19.526076,-268.332,311.199
64.2315,66.0456,-20.057625,-267.435,310.916
64.2458,66.0508,-20.589201,-266.537,310.633
64.26,66.056,-21.12075,-265.639,310.35
64.275,66.068,-10.560375,-264.692,310.06
64.29,66.0799,0,-263.744,309.769
64.3057,66.0881,0,-262.746,309.472
64.3215,66.0962,0,-261.748,309.175
64.3372,66.1043,0,-260.751,308.877
64.353,66.1125,0,-259.753,308.58
64.3695,66.1329,0,-258.705,308.276
64.386,66.1531,0,-257.656,307.973
64.401,66.1635,0,-256.702,307.702
64.416,66.1739,0,-255.747,307.431
64.431,66.1843,0,-254.792,307.16
64.446,66.1945,0,-253.837,306.889
64.46,66.2117,-0.33075,-252.943,306.641
64.474,66.2287,-0.6615,-252.05,306.393
64.488,66.2456,-0.99225,-251.157,306.145
64.502,66.2618,-1.74825,-250.262,305.899
64.516,66.2778,-2.50425,-249.368,305.654
64.53,66.2937,-3.26025,-248.473,305.408
64.546,66.309,-3.969,-247.449,305.131
64.562,66.3243,-4.67775,-246.425,304.854
64.578,66.3395,-5.3865,-245.401,304.576
64.595,66.354,-6.09525,-244.312,304.284
64.612,66.3685,-6.804,-243.222,303.992
64.629,66.383,-7.51275,-242.133,303.7
64.644,66.3976,-8.26875,-241.17,303.445
64.659,66.4123,-9.02475,-240.207,303.19
64.674,66.4269,-9.78075,-239.244,302.934
64.689,66.4414,-10.53675,-238.28,302.682
64.704,66.4558,-11.29275,-237.316,302.429
64.719,66.4703,-12.04875,-236.352,302.176
64.733,66.4849,-12.80475,-235.451,301.943
64.747,66.4995,-13.56075,-234.55,301.711
64.761,66.514,-14.31675,-233.649,301.478
64.7745,66.5221,-14.848326,-232.778,301.257
64.788,66.5302,-15.379875,-231.908,301.037
64.8015,66.5382,-15.911451,-231.037,300.817
64.815,66.5462,-16.443027,-230.167,300.596
64.836,66.5611,-17.577027,-228.81,300.261
64.857,66.5758,-18.711,-227.453,299.926
64.8698,66.5819,-19.242576,-226.627,299.728
64.8825,66.588,-19.774125,-225.801,299.53
64.8952,66.594,-20.305701,-224.976,299.333
64.908,66.6,-20.83725,-224.15,299.135
64.926,66.6178,-23.10525,-222.982,298.863
64.94,66.6206,-23.459625,-222.072,298.66
64.954,66.6234,-23.814,-221.161,298.457
64.968,66.6262,-24.168375,-220.251,298.255
64.982,66.629,-24.522723,-219.34,298.052
64.996,66.6317,-24.877098,-218.43,297.849
65.01,66.6344,-25.231473,-217.519,297.646
65.031,66.6449,-12.61575,-216.149,297.358
65.052,66.6552,0,-214.779,297.069
65.064,66.6599,0,-213.995,296.909
65.076,66.6646,0,-213.211,296.75
65.088,66.6692,0,-212.428,296.59
65.1,66.6738,0,-211.644,296.43
65.1195,66.6904,0,-210.367,296.179
65.139,66.7069,0,-209.091,295.929
65.154,66.7165,0,-208.106,295.745
65.169,66.7259,0,-207.122,295.561
65.184,66.7353,0,-206.138,295.378
65.199,66.7445,0,-205.154,295.194
65.214,66.7668,0,-204.168,295.018
65.229,66.7882,0,-203.182,294.842
65.244,66.798,0,-202.1948,294.671
65.259,66.8077,0,-201.2073,294.5
65.274,66.8173,0,-200.2199,294.33
65.289,66.8267,0,-199.2325,294.159
65.302,66.8436,0,-198.3756,294.014
65.315,66.8603,0,-197.5188,293.869
65.328,66.8769,0,-196.662,293.724
65.3423,66.8872,-0.14175,-195.7218,293.567
65.3565,66.8974,-0.2835,-194.7817,293.409
65.3708,66.9076,-0.42525,-193.8415,293.252
65.385,66.9178,-0.567,-192.9014,293.095
65.4,66.9347,-1.323,-191.9109,292.93
65.415,66.9514,-2.079,-190.9204,292.765
65.43,66.9682,-2.835,-189.9299,292.6
65.4495,66.9898,-3.898125,-188.6413,292.386
65.469,67.0113,-4.96125,-187.3527,292.172
65.483,67.0268,-5.71725,-186.427,292.018
65.497,67.0422,-6.47325,-185.5013,291.865
65.511,67.0577,-7.22925,-184.5755,291.712
65.524,67.0728,-7.98525,-183.7153,291.57
65.537,67.0878,-8.74125,-182.855,291.429
65.55,67.1028,-9.49725,-181.9948,291.287
65.5665,67.1135,-10.06425,-180.9017,291.11
65.583,67.1241,-10.63125,-179.8086,290.933
65.5995,67.1347,-11.19825,-178.7156,290.756
65.616,67.1453,-11.76525,-177.6225,290.578
65.631,67.1651,-12.89925,-176.6276,290.421
65.646,67.1848,-14.03325,-175.6327,290.263
65.658,67.1949,-14.742,-174.8361,290.139
65.67,67.2051,-15.450777,-174.0394,290.015
65.682,67.2152,-16.159527,-173.2428,289.892
65.697,67.2201,-16.584777,-172.2452,289.745
65.712,67.225,-17.010027,-171.2477,289.598
65.727,67.2298,-17.435277,-170.2501,289.451
65.742,67.2347,-17.8605,-169.2526,289.304
65.757,67.2395,-18.28575,-168.255,289.157
65.7765,67.2537,-19.41975,-166.956,288.976
65.796,67.2676,-20.55375,-165.6569,288.796
65.812,67.2747,-18.6165,-164.5899,288.652
65.828,67.2816,-16.67925,-163.523,288.509
65.844,67.2883,-14.742,-162.456,288.365
65.858,67.2891,-9.828,-161.5219,288.242
65.872,67.2896,-4.914,-160.5878,288.119
65.886,67.2899,0,-159.6537,287.995
65.8995,67.3076,0,-158.7523,287.879
65.913,67.3247,0,-157.8508,287.762
65.9265,67.341,0,-156.9494,287.646
65.94,67.3568,0,-156.048,287.529
65.9595,67.3734,0,-154.7437,287.369
65.979,67.3895,0,-153.4394,287.209
65.9925,67.3991,0,-152.5352,287.105
66.006,67.4078,0,-151.6311,287.001
66.0195,67.4159,0,-150.7269,286.897
66.033,67.4231,0,-149.8228,286.793
66.051,67.4027,0,-148.6166,286.657
66.0645,67.4167,0,-147.7122,286.556
66.078,67.4306,0,-146.8077,286.455
66.0915,67.4444,0,-145.9032,286.354
66.105,67.4582,0,-144.9987,286.253
66.1185,67.4718,0,-144.0943,286.152
66.132,67.4854,0,-143.1898,286.05
66.15,67.5284,0,-141.9816,285.918
66.168,67.5706,0,-140.7735,285.785
66.183,67.5815,0,-139.7656,285.676
66.198,67.5924,0,-138.7578,285.566
66.213,67.6033,0,-137.7499,285.457
66.228,67.6141,0,-136.7421,285.348
66.243,67.6306,0,-135.7338,285.237
66.258,67.6469,0,-134.7255,285.126
66.2706,67.6571,0,-133.8782,285.033
66.2832,67.6673,0,-133.0308,284.939
66.2958,67.6775,0,-132.1834,284.845
66.3084,67.6877,0,-131.3361,284.751
66.321,67.6979,0,-130.4887,284.658
66.336,67.717,0,-129.4792,284.546
66.351,67.736,0,-128.4697,284.434
66.3675,67.7474,-0.14175,-127.3587,284.311
66.384,67.7587,-0.2835,-126.2476,284.187
66.4005,67.77,-0.42525,-125.1366,284.064
66.417,67.7814,-0.567,-124.0256,283.941
66.432,67.8051,-1.630125,-123.0148,283.828
66.447,67.8288,-2.69325,-122.0041,283.716
66.462,67.8409,-3.26025,-120.9927,283.604
66.477,67.853,-3.82725,-119.9812,283.492
66.492,67.865,-4.39425,-118.9698,283.38
66.507,67.8771,-4.96125,-117.9583,283.268
66.519,67.8912,-5.71725,-117.1485,283.178
66.531,67.9054,-6.47325,-116.3387,283.089
66.543,67.9195,-7.22925,-115.5289,283
66.5625,67.9404,-8.36325,-114.2122,282.857
66.582,67.9613,-9.49725,-112.8954,282.714
66.597,67.97,-10.028799,-111.88155,282.607
66.612,67.9787,-10.560375,-110.86772,282.5
66.627,67.9874,-11.091951,-109.85389,282.392
66.642,67.996,-11.6235,-108.84006,282.285
66.651,68.015,-5.81175,-108.23131,282.222
66.66,68.0338,0,-107.62256,282.159
66.6768,68.0416,0,-106.48502,282.047
66.6936,68.0493,0,-105.34749,281.934
66.7104,68.057,0,-104.20995,281.822
66.7272,68.0647,0,-103.072416,281.71
66.744,68.0724,0,-101.934879,281.597
66.756,68.0861,0,-101.12137,281.521
66.768,68.0998,0,-100.30786,281.444
66.78,68.1135,0,-99.49435,281.368
66.7995,68.1315,0,-98.17152,281.247
66.819,68.1495,0,-96.8487,281.125
66.834,68.1616,0,-95.83029,281.035
66.849,68.1735,0,-94.81189,280.944
66.864,68.1855,0,-93.79349,280.853
66.879,68.1974,0,-92.77508,280.763
66.891,68.2074,0,-91.9595,280.692
66.903,68.2173,0,-91.1438,280.622
66.915,68.2272,0,-90.3282,280.552
66.927,68.2371,0,-89.5126,280.481
66.939,68.247,0,-88.697,280.411
66.9555,68.2665,0,-87.5746,280.316
66.972,68.286,0,-86.4523,280.221
66.9915,68.3048,0,-85.1252,280.11
67.011,68.3237,0,-83.798,279.999
67.0238,68.3333,0,-82.9298,279.927
67.0365,68.3429,0,-82.0615,279.855
67.0492,68.3526,0,-81.1933,279.783
67.062,68.3622,0,-80.325,279.711
67.075,68.3778,0,-79.4391,279.638
67.088,68.3933,0,-78.5533,279.565
67.101,68.4089,0,-77.6674,279.492
67.119,68.4288,0,-76.4402,279.391
67.137,68.4487,0,-75.213,279.291
67.1514,68.4564,0,-74.2305,279.21
67.1658,68.4642,0,-73.2481,279.13
67.1802,68.4719,0,-72.2656,279.049
67.1946,68.4796,0,-71.2832,278.969
67.209,68.4873,0,-70.3007,278.888
67.224,68.5014,0,-69.2766,278.804
67.239,68.5155,0,-68.2524,278.721
67.254,68.5295,0,-67.2282,278.637
67.2667,68.5387,0,-66.3572,278.566
67.2795,68.5479,0,-65.4861,278.494
67.2923,68.557,0,-64.615,278.423
67.305,68.5661,0,-63.7439,278.352
67.326,68.5808,0,-62.3085,278.236
67.347,68.5953,0,-60.8731,278.119
67.359,68.6057,0,-60.0524,278.053
67.371,68.616,0,-59.2317,277.986
67.383,68.6264,0,-58.4111,277.92
67.395,68.6367,0,-57.5904,277.853
67.409,68.656,0,-56.6323,277.776
67.423,68.6752,0,-55.6742,277.698
67.437,68.6942,0,-54.7161,277.62
67.455,68.7099,0,-53.4834,277.52
67.473,68.7256,0,-52.2507,277.42
67.491,68.7412,0,-51.0179,277.32
67.503,68.7516,0,-50.1955,277.253
67.515,68.7619,0,-49.3732,277.186
67.527,68.7723,0,-48.5508,277.119
67.539,68.7826,0,-47.7284,277.0523
67.557,68.8027,0,-46.4941,276.9514
67.575,68.8226,0,-45.2599,276.8505
67.591,68.835,0.378,-44.1622,276.7605
67.607,68.8473,0.756,-43.0646,276.6706
67.623,68.8596,1.134,-41.967,276.5806
67.6365,68.8701,1.6655625,-41.0403,276.5044
67.65,68.8805,2.197125,-40.1136,276.4283
67.6635,68.891,2.728674,-39.1869,276.3521
67.677,68.9015,3.26025,-38.2602,276.2759
67.6935,68.9249,4.39425,-37.1269,276.1821
67.71,68.9483,5.52825,-35.9936,276.0884
67.724,68.9625,6.28425,-35.0317,276.008
67.738,68.9766,7.04025,-34.0697,275.9276
67.752,68.9908,7.79625,-33.1077,275.8472
67.7652,68.9988,6.237,-32.2002,275.7697
67.7784,69.0069,4.67775,-31.2927,275.6922
67.7916,69.0149,3.1185,-30.3852,275.6147
67.8048,69.023,1.55925,-29.4777,275.5372
67.818,69.031,0,-28.5702,275.4597
67.835,69.045,0,-27.4009,275.3575
67.852,69.059,0,-26.2314,275.2553
67.869,69.0729,0,-25.0621,275.1531
67.883,69.0854,0,-24.0986,275.0671
67.897,69.0979,0,-23.1351,274.9812
67.911,69.1104,0,-22.1717,274.8953
67.923,69.1232,0,-21.3456,274.8204
67.935,69.136,0,-20.5195,274.7456
67.947,69.1488,0,-19.6933,274.6708
67.9665,69.1682,0,-18.3504,274.5478
67.986,69.1877,0,-17.0075,274.4249
67.9995,69.197,0,-16.0773,274.339
68.013,69.2063,0,-15.1472,274.2532
68.0265,69.2156,0,-14.217,274.1673
68.04,69.2249,0,-13.2868,274.0815
68.0535,69.237,0,-12.3561,273.995
68.067,69.2491,0,-11.4254,273.9085
68.0805,69.2612,0,-10.4948,273.822
68.094,69.2732,0,-9.5641,273.7355
68.112,69.3187,0,-8.32249999999999,273.6196
68.127,69.3268,0,-7.2872,273.5227
68.142,69.3348,0,-6.2518,273.4257
68.157,69.3428,0,-5.2165,273.3288
68.172,69.3508,0,-4.18119999999999,273.2318
68.187,69.3588,0,-3.1459,273.1348
68.202,69.3668,0,-2.11099999999999,273.0379
68.2125,69.3843,0,-1.38499999999999,272.9698
68.223,69.4019,0,-0.659999999999997,272.9017
68.2368,69.4114,0,0.293000000000006,272.8121
68.2506,69.4209,0,1.247,272.7224
68.2644,69.4304,0,2.20100000000001,272.6327
68.2782,69.4399,0,3.15400000000001,272.543
68.292,69.4493,0,4.108,272.4533
68.307,69.469,0,5.14500000000001,272.3556
68.322,69.4886,0,6.182,272.2579
68.3385,69.4986,-0.0354375,7.324,272.1503
68.355,69.5087,-0.070875,8.465,272.0426
68.3715,69.5187,-0.1063125,9.607,271.935
68.388,69.5288,-0.14175,10.749,271.8274
68.399,69.5406,-0.8505,11.51,271.7555
68.41,69.5525,-1.55925,12.272,271.6836
68.421,69.5643,-2.268,13.033,271.6117
68.436,69.5745,-2.835,14.072,271.5139
68.451,69.5847,-3.402,15.111,271.4161
68.466,69.5949,-3.969,16.15,271.3183
68.481,69.605,-4.536,17.189,271.2205
68.496,69.6193,-3.024,18.229,271.1233
68.511,69.6335,-1.512,19.269,271.0262
68.526,69.6477,0,20.309,270.9291
68.539,69.6604,0,21.21,270.8454
68.552,69.673,0,22.112,270.7618
68.565,69.6857,0,23.014,270.6781
68.582,69.6998,0,24.194,270.5695
68.599,69.7138,0,25.373,270.4608
68.616,69.7279,0,26.553,270.3522
68.6265,69.7479,0,27.282,270.2855
68.637,69.7678,0,28.011,270.2188
68.6532,69.7758,-0.2268,29.137,270.1169
68.6694,69.7839,-0.4536,30.263,270.0149
68.6856,69.7919,-0.6804,31.388,269.913
68.7018,69.8,-0.9072,32.514,269.8111
68.718,69.808,-1.134,33.64,269.7091
68.729,69.8204,-1.89,34.405,269.6405
68.74,69.8328,-2.646,35.17,269.572
68.751,69.8452,-3.402,35.934,269.5034
68.772,69.8783,-5.52825,37.395,269.373
68.785,69.8859,-5.90625,38.3,269.2932
68.798,69.8936,-6.28425,39.205,269.2134
68.811,69.9013,-6.66225,40.11,269.1335
68.824,69.9089,-7.04025,41.015,269.0537
68.837,69.9165,-7.41825,41.92,268.9739
68.85,69.9241,-7.79625,42.825,268.8941
68.8695,69.9425,-3.898125,44.183,268.7771
68.889,69.9608,0,45.542,268.6602
68.9022,69.9683,0,46.462,268.5836
68.9154,69.9759,0,47.383,268.507
68.9286,69.9834,0,48.303,268.4303
68.9418,69.9909,0,49.224,268.3537
68.955,69.9984,0,50.144,268.2771
68.9715,70.0154,0,51.296,268.1838
68.988,70.0323,0,52.447,268.0906
69.006,70.0716,0,53.704,267.9902
69.0195,70.0783,0,54.647,267.9166
69.033,70.0849,0,55.59,267.843
69.0465,70.0915,0,56.533,267.7693
69.06,70.0981,0,57.476,267.6957
69.0735,70.1047,0,58.419,267.6221
69.087,70.1113,0,59.362,267.5485
69.1035,70.1317,0,60.516,267.4607
69.12,70.1521,0,61.67,267.3729
69.132,70.1591,0,62.509,267.31
69.144,70.1661,0,63.349,267.2471
69.156,70.173,0,64.188,267.1841
69.168,70.18,0,65.028,267.1212
69.18,70.187,0,65.867,267.0582
69.194,70.1995,0,66.847,266.9855
69.208,70.212,0,67.828,266.9129
69.222,70.2245,0,68.808,266.8402
69.24,70.238,-0.51975,70.069,266.7471
69.258,70.2514,-1.0395,71.329,266.654
69.276,70.2649,-1.55925,72.59,266.5609
69.287,70.2771,-2.268,73.361,266.5042
69.298,70.2893,-2.97675,74.132,266.4475
69.309,70.3015,-3.6855,74.903,266.3908
69.33,70.3389,-5.9535,76.375,266.2829
69.343,70.3452,-4.96125,77.287,266.2169
69.356,70.3514,-3.969,78.199,266.1509
69.369,70.3577,-2.97675,79.111,266.085
69.382,70.364,-1.9845,80.023,266.019
69.395,70.3702,-0.99225,80.935,265.953
69.408,70.3764,0,81.847,265.8871
69.426,70.3944,0,83.111,265.7972
69.444,70.4122,0,84.375,265.7073
69.4572,70.4201,0,85.302,265.6423
69.4704,70.4279,0,86.229,265.5774
69.4836,70.4357,0,87.157,265.5125
69.4968,70.4435,0,88.084,265.4475
69.51,70.4513,0,89.011,265.3826
69.5265,70.4696,0,90.171,265.3027
69.543,70.4878,0,91.331,265.2228
69.558,70.4973,0,92.386,265.1513
69.573,70.5068,0,93.441,265.0797
69.588,70.5163,0,94.496,265.0081
69.603,70.5258,0,95.551,264.9366
69.614,70.5372,0,96.326,264.8848
69.625,70.5487,0,97.1,264.8329
69.636,70.5601,0,97.874,264.7811
69.654,70.5791,0,99.141,264.697
69.672,70.5982,0,100.409,264.6129
69.684,70.6052,0,101.254,264.5572
69.696,70.6123,0,102.099,264.5016
69.708,70.6194,0,102.945,264.4459
69.72,70.6264,0,103.79,264.3903
69.732,70.6335,0,104.636,264.3346
69.747,70.6521,0,105.693,264.2654
69.762,70.6707,0,106.75,264.1962
69.7777,70.6803,0,107.861,264.1239
69.7935,70.6899,0,108.972,264.0515
69.8092,70.6995,0,110.082,263.9792
69.825,70.7091,0,111.193,263.9068
69.8415,70.728,0,112.357,263.8312
69.858,70.7469,0,113.522,263.7556
69.8706,70.7542,0,114.411,263.6978
69.8832,70.7614,0,115.301,263.6401
69.8958,70.7687,0,116.19,263.5823
69.9084,70.776,0,117.08,263.5246
69.921,70.7832,0,117.969,263.4668
69.939,70.803,0,119.241,263.3843
69.957,70.8228,0,120.512,263.3017
69.9702,70.8301,0.0567,121.445,263.2411
69.9834,70.8374,0.1134,122.378,263.1805
69.9966,70.8447,0.1701,123.311,263.1199
70.0098,70.852,0.2268,124.244,263.0593
70.023,70.8593,0.2835,125.177,262.9987
70.0395,70.8768,1.346625,126.344,262.9228
70.056,70.8943,2.40975,127.511,262.8469
70.0703,70.9034,2.97675,128.519,262.7809
70.0845,70.9125,3.54375,129.527,262.715
70.0987,70.9216,4.11075,130.535,262.6491
70.113,70.9307,4.67775,131.544,262.5832
70.127,70.9425,5.3865,132.535,262.5175
70.141,70.9542,6.09525,133.526,262.4518
70.155,70.9659,6.804,134.517,262.3862
70.168,70.9785,4.536,135.437,262.3239
70.181,70.991,2.268,136.358,262.2617
70.194,71.0035,0,137.278,262.1995
70.206,71.0103,0,138.128,262.1402
70.218,71.017,0,138.978,262.081
70.23,71.0237,0,139.828,262.0217
70.242,71.0304,0,140.678,261.9625
70.254,71.0371,0,141.529,261.9032
70.272,71.0486,0,142.804,261.8114
70.29,71.0602,0,144.08,261.7196
70.308,71.0717,0,145.356,261.6277
70.317,71.09,0,145.994,261.581
70.326,71.1083,0,146.632,261.5342
70.341,71.1153,0,147.695,261.4546
70.356,71.1223,0,148.759,261.375
70.371,71.1293,0,149.823,261.2954
70.386,71.1363,0,150.887,261.2158
70.401,71.1433,0,151.95,261.1362
70.417,71.1559,0.189,153.086,261.0493
70.433,71.1685,0.378,154.221,260.9624
70.449,71.1811,0.567,155.356,260.8755
70.461,71.1935,1.37025,156.208,260.8096
70.473,71.2058,2.1735,157.06,260.7437
70.485,71.2181,2.97675,157.911,260.6778
70.4993,71.2285,3.650049,158.923,260.5985
70.5135,71.2389,4.323375,159.935,260.5192
70.5277,71.2493,4.996674,160.947,260.44
70.542,71.2596,5.67,161.959,260.3607
70.5563,71.2689,4.2525,162.971,260.2799
70.5705,71.2781,2.835,163.984,260.1991
70.5847,71.2873,1.4175,164.996,260.1183
70.599,71.2965,0,166.009,260.0375
70.612,71.3086,0,166.933,259.9625
70.625,71.3207,0,167.857,259.8874
70.638,71.3328,0,168.781,259.8124
70.6515,71.3415,0,169.74,259.7332
70.665,71.3503,0,170.7,259.6539
70.6785,71.359,0,171.66,259.5747
70.692,71.3677,0,172.62,259.4954
70.706,71.3795,0,173.616,259.4118
70.72,71.3913,0,174.612,259.3283
70.734,71.4031,0,175.607,259.2447
70.7475,71.411,0,176.568,259.1631
70.761,71.419,0,177.529,259.0815
70.7745,71.4269,0,178.489,258.9998
70.788,71.4349,0,179.45,258.9182
70.803,71.4469,0.23625,180.518,258.8266
70.818,71.459,0.4725,181.586,258.735
70.833,71.4711,0.70875,182.654,258.6434
70.846,71.4827,1.46475,183.579,258.5634
70.859,71.4944,2.22075,184.505,258.4835
70.872,71.5061,2.97675,185.431,258.4035
70.887,71.5182,3.73275,186.5,258.3105
70.902,71.5303,4.48875,187.568,258.2174
70.917,71.5424,5.24475,188.637,258.1243
70.9305,71.5502,5.776299,189.599,258.0392
70.944,71.5579,6.307875,190.561,257.9541
70.9575,71.5657,6.839424,191.524,257.8691
70.971,71.5734,7.371,192.486,257.784
70.987,71.5839,8.127,193.627,257.6812
71.003,71.5943,8.883,194.767,257.5784
71.019,71.6048,9.639,195.908,257.4756
71.034,71.6351,9.21375,196.978,257.3775
71.0465,71.6406,7.678125,197.869,257.2929
71.059,71.6461,6.1425,198.761,257.2083
71.0715,71.6516,4.606875,199.652,257.1237
71.084,71.657,3.07125,200.543,257.0391
71.0965,71.6625,1.535625,201.435,256.9545
71.109,71.6679,0,202.326,256.8699
71.125,71.6777,0,203.468,256.7562
71.141,71.6875,0,204.609,256.6426
71.157,71.6973,0,205.75,256.5289
71.178,71.7271,0,207.248,256.3758
71.1905,71.7327,0,208.14,256.2821
71.203,71.7384,0,209.032,256.1884
71.2155,71.744,0,209.923,256.0948
71.228,71.7496,0,210.815,256.001
71.2405,71.7552,0,211.707,255.9073
71.253,71.7608,0,212.599,255.8136
71.271,71.7781,0,213.883,255.6753
71.289,71.7952,0,215.168,255.5369
71.301,71.802,0,216.024,255.4431
71.313,71.8088,0,216.881,255.3493
71.325,71.8156,0,217.737,255.2555
71.337,71.8223,0,218.594,255.1618
71.349,71.829,0,219.45,255.068
71.3655,71.846,0,220.629,254.9374
71.382,71.8629,0,221.807,254.8069
71.4,71.8933,0,223.092,254.6639
71.4135,71.899,0.2835,224.057,254.5561
71.427,71.9046,0.567,225.022,254.4484
71.4405,71.9102,0.8505,225.986,254.3406
71.454,71.9158,1.134,226.951,254.2328
71.4675,71.9215,1.4175,227.915,254.125
71.481,71.9271,1.701,228.88,254.0173
71.496,71.9448,2.764125,229.952,253.897
71.511,71.9625,3.82725,231.024,253.7768
71.523,71.9694,3.0618,231.882,253.6801
71.535,71.9762,2.29635,232.741,253.5834
71.547,71.9831,1.5309,233.599,253.4866
71.559,71.99,0.76545,234.457,253.3899
71.571,71.9968,0,235.315,253.2932
71.5845,72.012,0,236.281,253.184
71.598,72.0273,0,237.247,253.0747
71.6138,72.0356,0,238.374,252.9468
71.6295,72.0439,0,239.501,252.8188
71.6452,72.0522,0,240.628,252.6909
71.661,72.0605,0,241.756,252.5629
71.672,72.072,0,242.543,252.4732
71.683,72.0835,0,243.331,252.3835
71.694,72.095,0,244.118,252.2937
71.7084,72.1015,-0.3402,245.15,252.1757
71.7228,72.1079,-0.6804,246.181,252.0577
71.7372,72.1144,-1.0206,247.213,251.9397
71.7516,72.1208,-1.3608,248.245,251.8217
71.766,72.1273,-1.701,249.276,251.7037
71.784,72.161,-1.204875,250.566,251.556
71.802,72.1946,-0.7087473,251.856,251.4083
71.8157,72.1988,-0.6074973,252.84,251.2963
71.8294,72.203,-0.5062473,253.823,251.1843
71.8431,72.2073,-0.4049973,254.807,251.0723
71.8569,72.2114,-0.30375,255.791,250.9603
71.8706,72.2156,-0.20249919,256.774,250.8483
71.8843,72.2198,-0.10124973,257.758,250.7363
71.898,72.224,0,258.741,250.6243
71.91,72.2315,0,259.603,250.5272
71.922,72.2391,0,260.464,250.43
71.934,72.2466,0,261.326,250.3329
71.946,72.2541,0,262.187,250.2358
71.959,72.2657,-0.0945,263.12,250.1313
71.972,72.2773,-0.189,264.054,250.0268
71.985,72.2888,-0.2835,264.988,249.9223
71.9993,72.2969,-0.8150625,266.012,249.8087
72.0135,72.305,-1.346625,267.036,249.6951
72.0277,72.3131,-1.8781875,268.06,249.5815
72.042,72.3213,-2.40975,269.084,249.4679
72.06,72.3531,-4.67775,270.378,249.3255
72.0744,72.3589,-3.7422,271.414,249.213
72.0888,72.3646,-2.80665,272.449,249.1005
72.1032,72.3704,-1.8711,273.485,248.988
72.1176,72.3762,-0.93555,274.521,248.8755
72.132,72.382,0,275.557,248.763
72.143,72.3932,0,276.349,248.6784
72.154,72.4045,0,277.14,248.5938
72.165,72.4157,0,277.932,248.5092
72.1793,72.4241,0,278.958,248.4008
72.1935,72.4325,0,279.985,248.2924
72.2077,72.4409,0,281.011,248.184
72.222,72.4493,0,282.037,248.0756
72.237,72.4641,0,283.118,247.9627
72.252,72.4788,0,284.199,247.8499
72.2677,72.4877,0,285.335,247.7328
72.2835,72.4965,0,286.47,247.6158
72.2993,72.5053,0,287.606,247.4987
72.315,72.5141,0,288.741,247.3816
72.325,72.5246,0,289.463,247.308
72.335,72.5351,0,290.184,247.2344
72.345,72.5455,0,290.906,247.1608
72.3607,72.5529,-0.14175,292.043,247.0457
72.3765,72.5603,-0.2835,293.179,246.9306
72.3923,72.5676,-0.42525,294.316,246.8155
72.408,72.575,-0.567,295.453,246.7004
72.423,72.5911,-1.630125,296.536,246.5914
72.438,72.6072,-2.69325,297.619,246.4824
72.4506,72.6139,-3.14685,298.53,246.3913
72.4632,72.6207,-3.60045,299.44,246.3003
72.4758,72.6274,-4.05405,300.35,246.2092
72.4884,72.6341,-4.50765,301.261,246.1182
72.501,72.6408,-4.96125,302.171,246.0272
72.5175,72.6554,-2.480625,303.364,245.9091
72.534,72.6699,0,304.557,245.791
72.5466,72.676,0,305.468,245.7016
72.5592,72.6822,0,306.379,245.6123
72.5718,72.6883,0,307.291,245.5229
72.5844,72.6945,0,308.202,245.4335
72.597,72.7006,0,309.113,245.3441
72.609,72.7108,0,309.982,245.2597
72.621,72.7209,0,310.85,245.1753
72.633,72.731,0,311.719,245.0908
72.6495,72.7393,0,312.913,244.9757
72.666,72.7476,0,314.108,244.8606
72.6825,72.7559,0,315.303,244.7454
72.699,72.7642,0,316.497,244.6303
72.708,72.7796,0,317.149,244.5679
72.717,72.7949,0,317.801,244.5056
72.7327,72.8029,0,318.943,244.3971
72.7485,72.8109,0,320.084,244.2885
72.7643,72.8188,0,321.226,244.18
72.78,72.8268,0,322.367,244.0715
72.7943,72.8345,-0.2835,323.4,243.974
72.8085,72.8422,-0.567,324.434,243.8765
72.8227,72.8498,-0.8505,325.467,243.779
72.837,72.8575,-1.134,326.5,243.6815
72.848,72.8687,-1.89,327.298,243.6065
72.859,72.8798,-2.646,328.096,243.5316
72.87,72.891,-3.402,328.894,243.4566
72.8856,72.9005,-2.7216,330.07,243.347
72.9012,72.91,-2.0412,331.246,243.2374
72.9168,72.9194,-1.3608,332.422,243.1278
72.9324,72.9289,-0.6804,333.598,243.0182
72.948,72.9384,0,334.774,242.9086
72.9612,72.9496,0,335.69,242.8242
72.9744,72.9609,0,336.605,242.7397
72.9876,72.9722,0,337.52,242.6553
73.0008,72.9835,0,338.436,242.5708
73.014,72.9948,0,339.351,242.4864
73.0278,73.0006,0,340.354,242.3947
73.0416,73.0064,0,341.358,242.303
73.0554,73.0123,0,342.361,242.2114
73.0692,73.0181,0,343.364,242.1197
73.083,73.0239,0,344.367,242.028
73.093,73.0345,0,345.094,241.962
73.103,73.0451,0,345.822,241.896
73.113,73.0557,0,346.549,241.8299
73.128,73.063,0,347.641,241.7313
73.143,73.0704,0,348.732,241.6327
73.158,73.0778,0,349.823,241.534
73.173,73.0852,0,350.915,241.4354
73.1865,73.1015,0,352.007,241.337
73.2,73.1178,0,353.099,241.2387
73.2157,73.1252,0,354.191,241.1405
73.2315,73.1325,0,355.283,241.0423
73.2473,73.1399,0,356.376,240.9441
73.263,73.1472,0,357.468,240.8459
73.273,73.1579,0,358.197,240.7805
73.283,73.1686,0,358.925,240.7151
73.293,73.1793,0,359.654,240.6497
73.3087,73.1863,0,360.802,240.5467
73.3245,73.1933,0,361.95,240.4437
73.3403,73.2002,0,363.098,240.3407
73.356,73.2072,0,364.246,240.2377
73.367,73.2178,0.189,365.048,240.1657
73.378,73.2284,0.378,365.85,240.0938
73.389,73.239,0.567,366.652,240.0218
73.4028,73.2448,0.99225,367.659,239.9315
73.4166,73.2506,1.4175,368.665,239.8412
73.4304,73.2564,1.84275,369.672,239.7509
73.4442,73.2623,2.268,370.679,239.6606
73.458,73.2681,2.69325,371.686,239.5702
73.4745,73.2834,3.82725,372.89,239.4617
73.491,73.2987,4.96125,374.094,239.3532
73.506,73.3141,6.09525,375.189,239.254
73.521,73.3295,7.22925,376.284,239.1548
73.5345,73.334,6.024375,377.27,239.0638
73.548,73.3385,4.8195,378.256,238.9729
73.5615,73.3429,3.614625,379.241,238.882
73.575,73.3474,2.4097473,380.227,238.7911
73.5885,73.3519,1.204875,381.213,238.7002
73.602,73.3564,0,382.199,238.6092
73.615,73.3662,0,383.148,238.5199
73.628,73.376,0,384.098,238.4306
73.641,73.3859,0,385.048,238.3413
73.655,73.3956,0,386.071,238.2438
73.669,73.4054,0,387.093,238.1462
73.683,73.4152,0,388.116,238.0487
73.6965,73.423,0,389.103,237.9533
73.71,73.4309,0,390.09,237.8578
73.7235,73.4388,0,391.076,237.7623
73.737,73.4466,0,392.063,237.6668
73.746,73.4607,0,392.721,237.6025
73.755,73.4747,0,393.379,237.5382
73.7694,73.481,0,394.432,237.4343
73.7838,73.4872,0,395.484,237.3305
73.7982,73.4935,0,396.537,237.2266
73.8126,73.4998,0,397.59,237.1228
73.827,73.5061,0,398.643,237.0189
73.845,73.5208,0,399.96,236.888
73.863,73.5355,0,401.277,236.7571
73.8744,73.5412,0,402.111,236.6738
73.8858,73.547,0,402.945,236.5904
73.8972,73.5527,0,403.779,236.5071
73.9086,73.5584,0,404.613,236.4238
73.92,73.5641,0,405.448,236.3405
73.9335,73.5713,0,406.436,236.2415
73.947,73.5785,0,407.424,236.1424
73.9605,73.5856,0,408.413,236.0434
73.974,73.5928,0,409.401,235.9444
73.989,73.602,0,410.499,235.8341
74.004,73.6112,0,411.598,235.7239
74.019,73.6204,0,412.696,235.6137
74.033,73.6308,-0.378,413.722,235.5107
74.047,73.6412,-0.756,414.748,235.4077
74.061,73.6515,-1.134,415.773,235.3047
74.0737,73.6586,-1.6655625,416.708,235.2109
74.0865,73.6658,-2.197125,417.642,235.1171
74.0993,73.6729,-2.728674,418.577,235.0234
74.112,73.68,-3.26025,419.511,234.9296
74.127,73.6897,-2.1735,420.611,234.8196
74.142,73.6995,-1.08675,421.711,234.7096
74.157,73.7092,0,422.811,234.5996
74.171,73.7192,0,423.838,234.4973
74.185,73.7291,0,424.865,234.395
74.199,73.7391,0,425.892,234.2927
74.2103,73.7457,0,426.717,234.2108
74.2215,73.7523,0,427.543,234.1289
74.2327,73.7589,0,428.369,234.047
74.244,73.7656,0,429.194,233.965
74.259,73.7733,0,430.295,233.8562
74.274,73.7811,0,431.397,233.7474
74.289,73.7889,0,432.498,233.6386
74.304,73.7967,0,433.599,233.5297
74.3205,73.8106,0,434.811,233.4104
74.337,73.8246,0,436.023,233.2911
74.349,73.8335,0,436.905,233.2046
74.361,73.8423,0,437.786,233.118
74.373,73.8512,0,438.668,233.0315
74.3868,73.8571,0,439.683,232.9322
74.4006,73.8629,0,440.697,232.833
74.4144,73.8688,0,441.711,232.7338
74.4282,73.8747,0,442.726,232.6345
74.442,73.8806,0,443.74,232.5353
74.457,73.8911,0,444.843,232.4276
74.472,73.9017,0,445.946,232.3198
74.487,73.9122,0,447.049,232.2121
74.5,73.9204,0,448.006,232.1187
74.513,73.9286,0,448.962,232.0253
74.526,73.9368,0,449.919,231.9319
74.5374,73.943,0,450.758,231.85
74.5488,73.9492,0,451.597,231.7682
74.5602,73.9554,0,452.436,231.6863
74.5716,73.9616,0,453.275,231.6044
74.583,73.9677,0,454.114,231.5225
74.601,73.9917,0,455.439,231.3933
74.6142,73.9976,0,456.411,231.2985
74.6274,74.0034,0,457.383,231.2038
74.6406,74.0093,0,458.355,231.109
74.6538,74.0151,0,459.328,231.0142
74.667,74.021,0,460.3,230.9195
74.682,74.0367,0,461.405,230.8118
74.697,74.0524,0,462.51,230.704
74.7096,74.0581,0,463.439,230.6135
74.7222,74.0638,0,464.367,230.523
74.7348,74.0695,0,465.296,230.4324
74.7474,74.0752,0,466.225,230.3419
74.76,74.0808,0,467.153,230.2513
74.775,74.0929,0,468.259,230.1435
74.79,74.1049,0,469.365,230.0357
74.8032,74.1109,0,470.339,229.9409
74.8164,74.1169,0,471.313,229.846
74.8296,74.1228,0,472.286,229.7512
74.8428,74.1288,0,473.26,229.6564
74.856,74.1348,0,474.233,229.5615
74.8725,74.1305,0,475.451,229.4428
74.889,74.1262,0,476.669,229.3241
74.901,74.0997,0,477.553,229.2378
74.913,74.0731,0,478.438,229.1515
74.925,74.0465,0,479.323,229.0651
74.937,74.0199,0,480.208,228.9788
74.949,73.9933,0,481.093,228.8925
74.965,73.9513,0,482.271,228.7777
74.981,73.9092,0,483.448,228.6628
74.997,73.8671,0,484.626,228.5479
75.011,73.8229,0,485.654,228.4476
75.025,73.7786,0,486.683,228.3472
75.039,73.7344,0,487.712,228.2468
75.0525,73.7015,0,488.702,228.1501
75.066,73.6685,0,489.692,228.0535
75.0795,73.6356,0,490.682,227.9569
75.093,73.6027,0,491.672,227.8602
75.105,73.4334,0,492.551,227.7744
75.117,73.264,0,493.43,227.6887
75.1308,73.0955,0,494.434,227.5906
75.1446,72.9268,0,495.438,227.4926
75.1584,72.7582,0,496.443,227.3945
75.1722,72.5894,0,497.447,227.2965
75.186,72.4207,0,498.452,227.1984
75.198,72.1991,0,499.312,227.1144
75.21,71.9775,0,500.172,227.0304
75.222,71.7559,0,501.032,226.9464
75.234,71.5342,0,501.893,226.8624
75.248,71.2206,0,502.884,226.7657
75.262,70.907,0,503.876,226.6689
75.276,70.5935,0,504.867,226.5721
75.294,70.1534,0,506.128,226.4491
75.312,69.7133,0,507.389,226.326
75.325,69.3161,0,508.291,226.238
75.338,68.9189,0,509.192,226.15
75.351,68.5216,0,510.093,226.062
75.365,68.406,0,511.047,225.9688
75.379,68.2904,0,512.001,225.8756
75.393,68.1747,0,512.955,225.7824
75.407,68.0591,0,513.909,225.6891
75.421,67.9434,0,514.863,225.5959
75.435,67.8278,0,515.817,225.5027
75.45,67.793,0,516.829,225.4035
75.465,67.758,0,517.841,225.3043
75.48,67.723,0,518.853,225.2052
75.501,67.6676,0,520.267,225.0662
75.522,67.6121,0,521.682,224.9272
75.5348,67.5838,0,522.539,224.8427
75.5475,67.5555,0,523.397,224.7582
75.5602,67.5272,0,524.254,224.6737
75.573,67.4989,0,525.112,224.5892
75.591,67.3967,0,526.321,224.4697
75.606,67.3783,0,527.327,224.3701
75.621,67.36,0,528.333,224.2705
75.636,67.3417,0,529.339,224.1708
75.651,67.3234,0,530.345,224.0712
75.666,67.3051,0,531.351,223.9716
75.681,67.2663,0,532.355,223.872
75.696,67.2274,0,533.36,223.7724
75.7117,67.2141,0,534.413,223.6678
75.7275,67.2007,0,535.466,223.5633
75.7433,67.1874,0,536.52,223.4587
75.759,67.174,0,537.573,223.3541
75.7725,67.1723,0,538.476,223.2645
75.786,67.1706,0,539.378,223.1748
75.801,67.1771,0,540.381,223.075
75.816,67.1836,0,541.383,222.9753
75.831,67.1901,0,542.386,222.8755
75.846,67.1966,0,543.389,222.7758
75.861,67.2126,0,544.392,222.6759
75.876,67.2285,0,545.395,222.576
75.889,67.2339,0,546.264,222.4894
75.902,67.2393,0,547.134,222.4028
75.915,67.2447,0,548.004,222.3162
75.928,67.2501,0,548.874,222.2296
75.941,67.2555,0,549.743,222.143
75.954,67.2609,0,550.613,222.0564
75.969,67.3015,0,551.617,221.9564
75.9847,67.3107,0,552.672,221.8513
76.0005,67.32,0,553.727,221.7462
76.0163,67.3293,0,554.782,221.6411
76.032,67.3385,0,555.836,221.5361
76.0485,67.3591,0,556.942,221.4259
76.065,67.3797,0,558.048,221.3158
76.0807,67.3894,0,559.104,221.2105
76.0965,67.3991,0,560.16,221.1052
76.1123,67.4089,0,561.216,220.9999
76.128,67.4186,0,562.272,220.8946
76.139,67.4329,0,563.01,220.8209
76.15,67.4473,0,563.748,220.7473
76.161,67.4616,0,564.486,220.6736
76.1775,67.4713,0,565.593,220.5631
76.194,67.4811,0,566.701,220.4525
76.2105,67.4908,0,567.809,220.3419
76.227,67.5005,0,568.916,220.2314
76.242,67.523,0,569.924,220.1309
76.257,67.5454,0,570.932,220.0303
76.2735,67.5562,0,572.041,219.9196
76.29,67.567,0,573.15,219.8089
76.3065,67.5777,0,574.259,219.6982
76.323,67.5885,0,575.368,219.5875
76.335,67.6034,0,576.176,219.5068
76.347,67.6183,0,576.983,219.4261
76.359,67.6332,0,577.79,219.3455
76.374,67.6439,0,578.8,219.2446
76.389,67.6545,0,579.809,219.1437
76.404,67.6651,0,580.819,219.0427
76.419,67.6757,0,581.829,218.9418
76.431,67.6961,0,582.637,218.8611
76.443,67.7164,0,583.445,218.7804
76.4595,67.7043,0,584.557,218.6693
76.476,67.6921,0,585.668,218.5582
76.4925,67.6799,0,586.78,218.4472
76.509,67.6677,0,587.892,218.3361
76.525,67.6247,0,588.968,218.2285
76.541,67.5816,0,590.045,218.1209
76.557,67.5386,0,591.121,218.0133
76.572,67.5043,0,592.129,217.9126
76.587,67.47,0,593.136,217.8118
76.602,67.4356,0,594.143,217.7111
76.617,67.4013,0,595.151,217.6103
76.6275,67.3445,0,595.855,217.5399
76.638,67.2877,0,596.559,217.4695
76.6536,67.213,0,597.603,217.3651
76.6692,67.1383,0,598.647,217.2607
76.6848,67.0636,0,599.691,217.1564
76.7004,66.9889,0,600.735,217.052
76.716,66.9142,0,601.779,216.9476
76.7325,66.5106,0,602.874,216.838
76.749,66.1068,0,603.969,216.7284
76.7633,65.8724,0,604.903,216.6349
76.7775,65.6381,0,605.837,216.5413
76.7917,65.4037,0,606.771,216.4478
76.806,65.1692,0,607.705,216.3543
76.821,64.8647,0,608.674,216.2573
76.836,64.5603,0,609.642,216.1603
76.851,64.2558,0,610.611,216.0633
76.867,63.981,0,611.63,215.9611
76.883,63.7062,0,612.649,215.8589
76.899,63.4313,0,613.668,215.7568
76.917,63.1385,0,614.798,215.6432
76.935,62.8457,0,615.927,215.5296
76.953,62.553,0,617.057,215.4161
76.968,62.2581,0,617.985,215.3226
76.983,61.9632,0,618.913,215.2291
76.998,61.6684,0,619.841,215.1356
77.013,61.3809,0,620.756,215.0432
77.028,61.0934,0,621.671,214.9507
77.043,60.8059,0,622.586,214.8583
77.061,60.5043,0,623.668,214.7486
77.079,60.2026,0,624.749,214.6388
77.097,59.9009,0,625.83,214.5291
77.111,59.6337,0,626.659,214.4446
77.125,59.3664,0,627.488,214.36
77.139,59.0992,0,628.316,214.2755
77.1585,58.6714,0,629.457,214.1586
77.178,58.2436,0,630.597,214.0418
77.194,57.9345,0,631.52,213.9467
77.21,57.6254,0,632.443,213.8516
77.226,57.3164,0,633.366,213.7565
77.245,57.0451,0,634.443,213.6447
77.264,56.7739,0,635.52,213.533
77.283,56.5026,0,636.597,213.4213
77.2995,56.1097,0,637.519,213.325
77.316,55.7168,0,638.442,213.2288
77.334,55.4518,0,639.435,213.1245
77.352,55.1868,0,640.428,213.0202
77.37,54.9218,0,641.422,212.9159
77.391,54.4775,0,642.562,212.7953
77.412,54.0331,0,643.703,212.6747
77.43,53.7492,0,644.665,212.5725
77.448,53.4653,0,645.626,212.4702
77.466,53.1814,0,646.588,212.3679
77.49,52.3207,0,647.852,212.2327
77.5072,52.1491,0,648.747,212.1361
77.5245,51.9775,0,649.642,212.0395
77.5417,51.8059,0,650.538,211.9429
77.559,51.6343,0,651.433,211.8464
77.5755,51.257,0,652.276,211.7546
77.592,50.8796,0,653.119,211.6628
77.612,50.6292,0,654.126,211.5526
77.632,50.3788,0,655.134,211.4423
77.652,50.1284,0,656.141,211.3321
77.676,49.7058,0,657.328,211.201
77.7,49.2831,0,658.515,211.0699
77.721,48.5195,0,659.541,210.9557
77.7405,48.3254,0,660.479,210.85
77.76,48.1312,0,661.417,210.7444
77.7795,47.937,0,662.355,210.6388
77.799,47.7429,0,663.293,210.5331
77.8185,46.9654,0,664.212,210.4284
77.838,46.1878,0,665.131,210.3237
77.8613,46.0053,0,666.201,210.2003
77.8845,45.8227,0,667.272,210.077
77.9077,45.6402,0,668.342,209.9536
77.931,45.4576,0,669.412,209.8302
77.9505,45.0714,0,670.289,209.728
77.97,44.6851,0,671.166,209.6258
77.991,44.4376,0,672.093,209.5169
78.012,44.19,0,673.02,209.408
78.033,43.9424,0,673.948,209.2991
78.069,43.2579,0,675.51,209.1143
78.087,42.8983,0,676.281,209.0225
78.105,42.5387,0,677.052,208.9308
78.128,42.31,1.5310242,678.019,208.8146
78.151,42.0813,3.062043,678.987,208.6984
78.174,41.8526,4.593078,679.954,208.5823
78.204,41.0761,9.654444,681.193,208.4318
78.234,40.7045,4.827222,682.409,208.2815
78.264,40.3329,0,683.626,208.1312
78.279,40.0032,0,684.224,208.0562
78.294,39.6735,0,684.822,207.9811
78.327,39.3674,0,686.117,207.8165
78.36,39.0613,0,687.411,207.652
78.3765,38.7146,0,688.047,207.5703
78.393,38.3679,0,688.683,207.4885
78.4215,38.0071,0,689.762,207.3485
78.45,37.6464,0,690.841,207.2085
78.492,37.5764,0,692.407,207.0028
78.5205,37.5617,0,693.468,206.8615
78.549,37.5469,0,694.529,206.7202
78.5715,37.5302,0,695.366,206.6076
78.594,37.5135,0,696.203,206.495
78.6135,37.48,0,696.927,206.397
78.633,37.4465,0,697.652,206.299
78.681,37.3982,5.295348,699.432,206.0574
78.702,37.3618,10.978011,700.211,205.9513
78.726,37.3453,13.002498,701.099,205.8285
78.75,37.3288,15.026985,701.987,205.7057
78.774,37.3122,17.051499,702.875,205.5829
78.801,37.2866,19.904616,703.872,205.4403
78.828,37.261,22.757733,704.869,205.2977
78.87,37.203,28.85868,706.416,205.0671
78.8895,37.1728,31.91697,707.132,204.9553
78.909,37.1424,34.97526,707.849,204.8434
78.945,37.0814,40.72437,709.168,204.627
78.972,37.0492,43.41627,710.153,204.4503
78.999,37.0169,46.10817,711.138,204.2735
79.026,36.9846,48.7998,712.123,204.0968
79.0425,36.946,51.69447,712.721,203.979
79.059,36.9073,54.58914,713.32,203.8613
79.098,36.8148,60.78591,714.729,203.5668
79.1325,36.7646,63.89658,715.967,203.2835
79.167,36.714,67.00698,717.205,203.0001
79.191,36.6605,69.9354,718.059,202.7846
79.215,36.6066,72.86382,718.913,202.5691
79.236,36.5452,75.80574,719.654,202.3672
79.257,36.4834,78.74766,720.396,202.1653
79.302,36.3402,85.05702,721.971,201.7041
79.326,36.2647,73.48725,722.803,201.4412
79.35,36.1889,61.91748,723.635,201.1783
79.3755,36.1229,42.78096,724.508,200.88
79.401,36.0566,23.644845,725.382,200.5817
79.428,35.9954,11.822409,726.296,200.2453
79.455,35.9339,0,727.21,199.909
79.485,35.8305,0,728.216,199.5186
79.515,35.7809,0,729.211,199.1102
79.545,35.7312,0,730.207,198.7019
79.578,35.6544,0,731.29,198.2326
79.608,35.6262,0,732.264,197.7883
79.638,35.5972,0,733.238,197.344
79.653,35.5829,0,733.72,197.1137
79.668,35.5676,0,734.202,196.8833
79.701,35.5725,1.6377228,735.253,196.3592
79.734,35.5763,3.275451,736.303,195.835
79.764,35.6567,9.81639,737.252,195.3445
79.7925,35.7154,12.869955,738.151,194.8684
79.821,35.7736,15.923547,739.05,194.3923
79.857,35.9011,21.998844,740.184,193.7791
79.875,36.0402,28.44261,740.751,193.4695
79.905,36.0864,30.57777,741.695,192.9424
79.935,36.1326,32.7132,742.639,192.4153
79.965,36.1788,34.84836,743.583,191.8882
79.9845,36.2473,38.03193,744.195,191.5357
80.004,36.3159,41.2155,744.807,191.1831
80.049,36.3143,47.55672,746.216,190.3522
80.0775,36.2791,50.53617,747.099,189.8134
80.106,36.2437,53.51562,747.981,189.2747
80.127,36.1465,60.69141,748.626,188.8701
80.151,36.1203,62.42535,749.353,188.3962
80.175,36.094,64.15902,750.079,187.9224
80.199,36.0675,65.89296,750.806,187.4485
80.244,35.968,71.91639,752.143,186.53063
80.262,35.9116,75.14289,752.669,186.15506
80.28,35.8549,78.36912,753.196,185.77949
80.319,35.7519,84.66066,754.312,184.93875
80.358,35.6473,90.95247,755.428,184.09802
80.384,35.6195,93.12948,756.147,183.5131
80.41,35.5916,95.30676,756.867,182.92818
80.436,35.5635,97.48377,757.587,182.34325
80.457,35.5537,100.55124,758.154,181.85548
80.478,35.5437,103.61844,758.72,181.36771
80.514,35.5811,110.15703,759.677,180.51399
80.544,35.6016,113.41971,760.46,179.78472
80.574,35.6221,116.68239,761.243,179.05545
80.616,35.66,113.91408,762.317,178.008702
80.643,35.6858,93.50208,762.994,177.320398
80.67,35.7115,73.09008,763.671,176.632095
80.688,35.7421,53.95383,764.114,176.163446
80.706,35.7727,34.81758,764.556,175.6948
80.757,35.8591,0,765.786,174.33997
80.7765,35.9123,0,766.247,173.81139
80.796,35.9654,0,766.708,173.28281
80.8245,36.0288,3.005019,767.367,172.49415
80.853,36.0916,6.010011,768.027,171.70549
80.895,36.2299,12.390246,768.977,170.51914
80.9205,36.2967,15.365376,769.542,169.78568
80.946,36.3625,18.340506,770.107,169.05222
80.967,36.4326,21.497211,770.563,168.43805
80.988,36.5019,24.653943,771.02,167.82388
81.03,36.6402,30.53916,771.917,166.5784
81.0585,36.7138,33.65928,772.515,165.7206
81.087,36.7873,36.77913,773.114,164.8628
81.105,36.9231,42.9813,773.487,164.3154
81.131,36.9658,44.90856,774.018,163.5145
81.157,37.0086,46.83555,774.548,162.7136
81.183,37.0513,48.76281,775.079,161.9127
81.222,37.1803,54.89505,775.857,160.6922
81.258,37.2958,60.61338,776.562,159.5536
81.284,37.2275,64.68444,777.055,158.7197
81.31,37.1589,68.7555,777.548,157.8858
81.336,37.0901,72.82629,778.041,157.0519
81.363,37.0517,74.74815,778.521,156.1733
81.39,37.0131,76.66974,779.001,155.2946
81.417,36.9744,78.5916,779.481,154.416
81.45,36.8414,84.77244,780.038,153.3313
81.4785,36.7693,87.87987,780.498,152.388
81.507,36.6968,90.9873,780.958,151.4447
81.5295,36.623,93.91761,781.302,150.6947
81.552,36.5487,96.84792,781.647,149.9446
81.5775,36.465,99.99342,782.016,149.0896
81.603,36.3808,103.13865,782.386,148.2345
81.636,36.2228,109.07379,782.84,147.1228
81.6645,36.1331,112.2606,783.211,146.1587
81.693,36.0431,115.44714,783.582,145.1946
81.723,35.8656,121.46517,783.95,144.1763
81.753,35.7724,124.69842,784.295,143.1551
81.783,35.6789,127.93167,784.64,142.1339
81.816,35.5063,134.03853,784.993,141.0078
81.839,35.447,136.2258,785.218,140.2215
81.862,35.3876,138.41307,785.444,139.4352
81.885,35.3283,140.60061,785.67,138.649
81.924,35.1656,147.20994,786.017,137.3135
81.945,35.0984,150.32844,786.189,136.5937
81.966,35.0313,153.44667,786.361,135.8739
82.02,34.9497,160.13349,786.759,134.02
82.041,34.9363,166.41801,786.9,133.2975
82.0755,34.9504,169.7706,787.106,132.1066
82.11,34.9641,173.12346,787.312,130.9157
82.134,34.987,176.47335,787.433,130.0831
82.158,35.0093,179.82297,787.553,129.2506
82.185,35.0328,182.95956,787.668,128.3103
82.212,35.0557,186.09615,787.782,127.37
82.248,35.1172,192.77676,787.909,126.1122
82.2675,35.1477,195.90147,787.968,125.4291
82.287,35.1776,199.02618,788.026,124.746
82.317,35.2084,202.35231,788.095,123.6918
82.347,35.2389,205.67817,788.163,122.6377
82.395,35.3577,218.51964,788.236,120.9459
82.4227,35.3799,220.78818,788.247,119.9644
82.4505,35.4021,223.05672,788.258,118.9829
82.4782,35.4244,225.32526,788.27,118.0014
82.506,35.4466,227.59353,788.281,117.0198
82.524,35.4939,233.76222,788.273,116.3816
82.5585,35.5174,236.84022,788.236,115.1572
82.593,35.5408,239.91849,788.2,113.9328
82.617,35.5946,243,788.159,113.0804
82.643,35.6058,243,788.095,112.1567
82.669,35.6171,243,788.032,111.233
82.695,35.6284,243,787.968,110.3093
82.743,35.4731,236.85696,787.806,108.6096
82.7625,35.3824,233.55675,787.728,107.9235
82.782,35.2918,230.25654,787.65,107.2375
82.836,35.1298,231.51366,787.395,105.3517
82.851,35.0433,234.86112,787.316,104.8314
82.866,34.9569,238.20885,787.236,104.3112
82.911,34.7747,243,786.971,102.7605
82.9425,34.6931,243,786.762,101.6859
82.974,34.6115,243,786.553,100.6113
82.998,34.5249,243,786.374,99.8013
83.022,34.4384,243,786.196,98.9914
83.061,34.2876,243,785.882,97.687
83.0835,34.2222,243,785.687,96.9408
83.106,34.1568,243,785.492,96.1946
83.145,34.0646,243,785.132,94.9117
83.1765,34.0396,243,784.82,93.8849
83.208,34.0145,243,784.507,92.8582
83.241,34.0378,243,784.158,91.7906
83.271,34.056,230.2425,783.821,90.8258
83.301,34.0741,217.485,783.483,89.861
83.337,34.1211,176.66073,783.054,88.7108
83.367,34.1499,157.52448,782.676,87.7585
83.397,34.1786,138.38823,782.298,86.8062
83.418,34.2196,117.97623,782.018,86.1438
83.439,34.2605,97.56423,781.739,85.4815
83.4645,34.3034,77.15223,781.383,84.6821
83.49,34.3462,56.74023,781.028,83.8827
83.532,34.4693,15.916338,780.416,82.5737
83.556,34.5348,8.171577,780.053,81.829
83.58,34.6003,0.4267917,779.689,81.0842
83.628,34.7382,6.809265,778.936,79.5999
83.6475,34.8154,10.192905,778.621,78.9986
83.667,34.8922,13.576545,778.306,78.3974
83.7045,35.0427,20.070369,777.68,77.2448
83.742,35.1922,26.56422,777.053,76.092
83.765,35.2428,28.77768,776.653,75.388
83.788,35.2933,30.99087,776.254,74.683
83.811,35.3438,33.20433,775.854,73.979
83.8365,35.4216,16.602165,775.398,73.2
83.862,35.4994,0,774.942,72.421
83.901,35.6484,0,774.231,71.23
83.9265,35.7303,0,773.761,70.451
83.952,35.8122,0,773.29,69.672
83.982,35.9653,0,772.731,68.753
84.0165,36.0453,0,772.081,67.695
84.051,36.1253,0,771.431,66.636
84.066,36.208,2.1901779,771.147,66.174
84.081,36.2906,4.380345,770.862,65.712
84.111,36.3648,7.350102,770.288,64.786
84.141,36.4389,10.319886,769.715,63.859
84.171,36.5999,16.613667,769.138,62.93
84.201,36.6797,19.738836,768.554,61.998
84.231,36.7594,22.864005,767.971,61.067
84.261,36.9033,28.68534,767.381,60.135
84.282,36.9524,30.7422,766.962,59.483
84.303,37.0014,32.79906,766.543,58.831
84.324,37.0504,34.85592,766.123,58.178
84.357,37.1868,40.6053,765.452,57.156
84.387,37.2517,43.46352,764.829,56.23
84.417,37.3165,46.32147,764.205,55.304
84.4425,37.3821,49.35276,763.66,54.522
84.468,37.4475,52.38378,763.116,53.74
84.489,37.5034,55.21041,762.656,53.101
84.51,37.5592,58.03704,762.196,52.462
84.546,37.6783,29.01852,761.383,51.378
84.582,37.7963,0,760.57,50.294
84.606,37.845,0,760.009,49.581
84.63,37.8937,0,759.447,48.867
84.654,37.9424,0,758.886,48.153
84.6735,38.0169,0,758.419,47.578
84.693,38.091,0,757.952,47.003
84.7215,38.1694,0,757.256,46.167
84.75,38.2473,0,756.561,45.331
84.7695,38.3268,0,756.078,44.762
84.789,38.406,0,755.596,44.192
84.831,38.5522,0,754.545,42.966
84.857,38.6539,1.1872035,753.889,42.207
84.883,38.7555,2.3744097,753.232,41.447
84.909,38.8571,3.561624,752.575,40.687
84.934,38.9051,5.332959,751.939,39.953
84.959,38.9531,7.104294,751.301,39.219
84.984,39.0012,8.875629,750.665,38.485
85.002,39.0799,11.691243,750.203,37.955
85.02,39.1587,14.50683,749.741,37.425
85.059,39.3149,20.099529,748.735,36.275
85.082,39.3615,21.835872,748.135,35.597
85.105,39.408,23.572188,747.535,34.919
85.128,39.4546,25.308504,746.935,34.241
85.152,39.5275,28.0692,746.301,33.536
85.176,39.6004,30.82995,745.666,32.831
85.197,39.6699,33.57342,745.103,32.216
85.218,39.7393,36.31662,744.541,31.602
85.242,39.8026,38.87352,743.888,30.905
85.266,39.8659,41.43042,743.235,30.208
85.2885,39.9301,44.1423,742.613,29.56
85.311,39.9942,46.85391,741.99,28.912
85.335,40.0514,49.55121,741.315,28.228
85.359,40.1084,52.24824,740.639,27.545
85.383,40.1604,54.76437,739.95,26.871
85.407,40.2122,57.2805,739.262,26.196
85.446,40.314,62.62299,738.124,25.115
85.473,40.3603,46.53747,737.321,24.378
85.5,40.4064,30.45222,736.518,23.641
85.518,40.509,0,735.975,23.156
85.543,40.5508,0,735.209,22.492
85.568,40.5926,0,734.443,21.827
85.593,40.6344,0,733.677,21.163
85.6155,40.7028,0,732.974,20.576
85.638,40.7711,0,732.271,19.989
85.6605,40.8387,0,731.559,19.409
85.683,40.9058,0,730.846,18.829
85.71,40.9812,0,729.979,18.142
85.737,41.0559,0,729.111,17.455
85.755,41.2079,1.2826566,728.528,17
85.778,41.2588,2.985849,727.776,16.423
85.801,41.3095,4.689009,727.025,15.845
85.824,41.3602,6.392196,726.273,15.268
85.857,41.4994,11.15154,725.185,14.443
85.879,41.5488,12.8331,724.454,13.894
85.901,41.5981,14.51466,723.724,13.345
85.923,41.6474,16.196193,722.993,12.797
85.947,41.7928,21.207771,722.191,12.2
85.969,41.8395,22.86765,721.45,11.655
85.991,41.8861,24.527556,720.709,11.109
86.013,41.9327,26.187435,719.969,10.564
86.043,42.0703,31.13613,718.95,9.82499999999999
86.064,42.1117,32.67378,718.23,9.31299999999999
86.085,42.1531,34.21143,717.511,8.80000000000001
86.106,42.1944,35.74881,716.791,8.28800000000001
86.139,42.3187,40.64121,715.648,7.49199999999999
86.159,42.3534,42.16212,714.947,7.017
86.179,42.388,43.6833,714.247,6.541
86.199,42.4226,45.20421,713.546,6.066
86.232,42.5277,49.74534,712.377,5.29400000000001
86.255,42.5573,42.69429,711.551,4.76900000000001
86.278,42.5868,35.64324,710.726,4.24299999999999
86.301,42.6163,28.59219,709.9,3.71699999999998
86.316,42.6716,14.296041,709.355,3.38200000000001
86.331,42.7266,0,708.81,3.047
86.361,42.7853,0,707.707,2.38900000000001
86.391,42.8439,0,706.605,1.732
86.406,42.9115,0,706.048,1.40899999999999
86.421,42.9788,0,705.492,1.08600000000001
86.451,43.1181,0,704.371,0.448000000000008
86.476,43.1657,0,703.428,-0.0749999999999886
86.501,43.2131,0,702.485,-0.597000000000008
86.526,43.2602,0,701.543,-1.12
86.547,43.3277,0.4362174,700.743,-1.553
86.568,43.3949,0.8724348,699.944,-1.98599999999999
86.588,43.4435,2.4174396,699.178,-2.39699999999999
86.608,43.4921,3.962439,698.412,-2.80699999999999
86.628,43.5406,5.50746,697.646,-3.21700000000001
86.661,43.6808,10.11285,696.376,-3.892
86.679,43.8151,14.404041,695.681,-4.25999999999999
86.705,43.8606,15.920415,694.673,-4.78899999999999
86.731,43.9061,17.436816,693.664,-5.31800000000001
86.757,43.9517,18.953217,692.656,-5.846
86.7735,44.0202,21.213873,692.012,-6.18000000000001
86.79,44.0886,23.474556,691.368,-6.51300000000001
86.811,44.1286,24.879258,690.543,-6.93299999999999
86.832,44.1686,26.28396,689.717,-7.35400000000001
86.853,44.2085,27.68877,688.892,-7.774
86.883,44.3308,32.15916,687.706,-8.36699999999999
86.908,44.3713,33.64119,686.709,-8.852
86.933,44.4117,35.12295,685.712,-9.33799999999999
86.958,44.452,36.60498,684.715,-9.82300000000001
86.976,44.5537,40.7511,683.991,-10.165
86.998,44.5868,42.21828,683.1,-10.574
87.02,44.6197,43.68573,682.209,-10.984
87.042,44.6526,45.15291,681.318,-11.393
87.0585,44.6982,47.34396,680.644,-11.691
87.075,44.7436,49.53501,679.97,-11.989
87.097,44.7693,49.95783,679.062,-12.373
87.119,44.7948,50.38038,678.155,-12.756
87.141,44.8202,50.8032,677.248,-13.14
87.18,44.9057,9.979173,675.624,-13.793
87.196,44.9374,6.652773,674.953,-14.052
87.212,44.9691,3.3264,674.282,-14.311
87.228,45.0008,0,673.611,-14.57
87.2535,45.0552,0,672.533,-14.968
87.279,45.1096,0,671.456,-15.367
87.297,45.236,0,670.691,-15.641
87.318,45.2681,0,669.792,-15.949
87.339,45.3,0,668.892,-16.258
87.36,45.3317,0,667.993,-16.567
87.381,45.3632,0,667.094,-16.875
87.417,45.4928,0,665.54,-17.384
87.436,45.5389,0,664.716,-17.647
87.455,45.5849,0,663.891,-17.91
87.474,45.6305,0,663.067,-18.172
87.507,45.76,1.30734,661.628,-18.621
87.524,45.8049,2.6961849,660.884,-18.85
87.541,45.8498,4.085019,660.14,-19.079
87.558,45.8946,5.473872,659.396,-19.308
87.5805,45.9581,7.415415,658.407,-19.61
87.603,46.0216,9.356958,657.419,-19.911
87.63,46.0843,11.28735,656.228,-20.27
87.657,46.1469,13.217715,655.037,-20.63
87.6795,46.2131,15.264774,654.041,-20.926
87.702,46.2792,17.311833,653.045,-21.223
87.719,46.323,18.668367,652.289,-21.444
87.736,46.3668,20.024901,651.532,-21.665
87.753,46.4105,21.381435,650.776,-21.887
87.774,46.4715,23.404491,649.838,-22.155
87.795,46.5323,25.42752,648.9,-22.423
87.8205,46.5887,27.31401,647.756,-22.74
87.846,46.645,29.20023,646.611,-23.058
87.8685,46.7027,31.20174,645.596,-23.329
87.891,46.7602,33.20352,644.581,-23.6
87.909,46.8584,36.93762,643.766,-23.811
87.927,46.883,37.92879,642.947,-24.013
87.945,46.9075,38.91996,642.128,-24.215
87.963,46.932,39.91113,641.308,-24.418
87.981,46.9564,40.90257,640.489,-24.62
88.023,47.0414,44.60346,638.566,-25.063
88.039,47.0692,40.31991,637.83,-25.222
88.055,47.0968,36.03663,637.093,-25.381
88.071,47.1244,31.75335,636.357,-25.54
88.0965,47.1681,15.876702,635.177,-25.776
88.122,47.2115,0,633.998,-26.013
88.14,47.316,0,633.162,-26.172
88.159,47.3548,0,632.277,-26.331
88.178,47.3936,0,631.393,-26.49
88.197,47.4322,0,630.508,-26.65
88.22,47.4741,0,629.43,-26.825
88.243,47.5157,0,628.352,-27.001
88.266,47.5571,0,627.275,-27.177
88.284,47.618,0,626.427,-27.303
88.302,47.6782,0,625.58,-27.43
88.322,47.7221,0,624.635,-27.563
88.342,47.7657,0,623.69,-27.695
88.362,47.809,0,622.744,-27.827
88.386,47.875,0,621.606,-27.978
88.41,47.9407,0,620.467,-28.129
88.431,48.0672,0,619.468,-28.259
88.454,48.1094,0.702459,618.371,-28.399
88.477,48.1516,1.404918,617.274,-28.538
88.5,48.1938,2.107377,616.177,-28.678
88.517,48.2349,3.350592,615.363,-28.78
88.534,48.2761,4.593807,614.549,-28.882
88.551,48.3172,5.837022,613.736,-28.984
88.572,48.3817,7.575066,612.727,-29.109
88.593,48.4462,9.31311,611.719,-29.234
88.617,48.5109,11.156022,610.564,-29.375
88.641,48.5757,12.998907,609.408,-29.516
88.6635,48.637,14.716674,608.322,-29.645
88.686,48.6983,16.434441,607.236,-29.774
88.704,48.8161,20.078523,606.365,-29.875
88.726,48.8574,21.286557,605.297,-29.994
88.748,48.8986,22.494618,604.23,-30.112
88.77,48.9398,23.702652,603.163,-30.231
88.7895,48.996,25.504605,602.213,-30.329
88.809,49.0521,27.30645,601.264,-30.427
88.8255,49.0785,28.14696,600.457,-30.502
88.842,49.1049,28.9872,599.651,-30.577
88.8585,49.1312,29.82771,598.845,-30.652
88.875,49.1575,30.66822,598.039,-30.727
88.908,49.2609,28.68804,596.421,-30.86
88.928,49.2915,19.125342,595.438,-30.93
88.948,49.322,9.562671,594.454,-31
88.968,49.3525,0,593.471,-31.07
88.992,49.4127,0,592.287,-31.142
89.016,49.4729,0,591.104,-31.213
89.034,49.5356,0,590.213,-31.26
89.052,49.5981,0,589.323,-31.306
89.072,49.6384,0,588.331,-31.35
89.092,49.6785,0,587.34,-31.393
89.112,49.7185,0,586.348,-31.437
89.1315,49.7809,0,585.378,-31.472
89.151,49.8431,0,584.408,-31.507
89.169,49.884,0,583.511,-31.534
89.187,49.9249,0,582.613,-31.561
89.205,49.9656,0,581.715,-31.588
89.223,50.0284,0,580.815,-31.612
89.241,50.091,0,579.916,-31.636
89.26,50.1323,0,578.963,-31.66
89.279,50.1736,0,578.011,-31.683
89.298,50.2149,0,577.059,-31.707
89.3175,50.2796,0,576.079,-31.73
89.337,50.3442,0,575.1,-31.754
89.364,50.4043,0,573.74,-31.785
89.391,50.4644,0,572.38,-31.817
89.4105,50.525,0,571.395,-31.84
89.43,50.5855,0,570.41,-31.863
89.449,50.6298,0,569.449,-31.885
89.468,50.6741,0,568.487,-31.908
89.487,50.7183,0,567.525,-31.93
89.5065,50.7773,0,566.535,-31.953
89.526,50.8362,0,565.546,-31.976
89.544,50.8791,0,564.63,-31.997
89.562,50.922,0,563.715,-32.018
89.58,50.9649,0,562.799,-32.04
89.604,51.0262,0,561.575,-32.068
89.628,51.0875,0,560.351,-32.097
89.6475,51.1473,0,559.354,-32.12
89.667,51.2071,0,558.357,-32.143
89.684,51.2519,0,557.486,-32.164
89.701,51.2966,0,556.615,-32.184
89.718,51.3414,0,555.744,-32.205
89.736,51.4603,1.8122724,554.82,-32.226
89.757,51.5001,2.881359,553.74,-32.252
89.778,51.5399,3.950451,552.66,-32.277
89.799,51.5797,5.019516,551.58,-32.302
89.816,51.6234,6.082506,550.703,-32.322
89.833,51.6671,7.145469,549.826,-32.342
89.85,51.7108,8.208459,548.949,-32.361
89.868,51.7722,9.793548,547.941,-32.383
89.886,51.8336,11.37861,546.933,-32.404
89.909,51.8703,12.363813,545.792,-32.425
89.932,51.9069,13.349016,544.651,-32.447
89.955,51.9435,14.334219,543.511,-32.468
89.9685,51.9982,11.684007,542.81,-32.478
89.982,52.0527,9.033795,542.108,-32.489
90.004,52.0949,6.022539,540.962,-32.501
90.026,52.1369,3.011256,539.817,-32.513
90.048,52.1789,0,538.671,-32.525
90.065,52.22,0,537.783,-32.53
90.082,52.2612,0,536.895,-32.534
90.099,52.3023,0,536.007,-32.539
90.1215,52.3608,0,534.829,-32.541
90.144,52.4192,0,533.651,-32.542
90.165,52.4801,0,532.549,-32.54
90.186,52.541,0,531.447,-32.538
90.204,52.5828,0,530.501,-32.534
90.222,52.6247,0,529.554,-32.529
90.24,52.6665,0,528.607,-32.525
90.258,52.7247,0.18908613,527.659,-32.519
90.276,52.7829,0.3781728,526.71,-32.513
90.294,52.8208,1.3207698,525.759,-32.505
90.312,52.8587,2.2633668,524.808,-32.498
90.33,52.8966,3.205953,523.858,-32.49
90.3525,52.9594,4.799277,522.666,-32.48
90.375,53.0221,6.392601,521.475,-32.469
90.393,53.0599,7.324776,520.52,-32.459
90.411,53.0977,8.256978,519.564,-32.449
90.429,53.1355,9.18918,518.609,-32.439
90.4455,53.1974,10.67229,517.732,-32.428
90.462,53.2593,12.1554,516.854,-32.417
90.481,53.2968,13.07718,515.842,-32.401
90.5,53.3342,13.99896,514.829,-32.385
90.519,53.3716,14.920713,513.817,-32.369
90.537,53.4226,16.388271,512.856,-32.35
90.555,53.4735,17.855802,511.895,-32.331
90.576,53.5336,19.315773,510.772,-32.304
90.597,53.5934,20.775744,509.649,-32.277
90.6143,53.6196,15.581808,508.724,-32.247
90.6315,53.6458,10.387872,507.8,-32.217
90.6488,53.672,5.193936,506.875,-32.187
90.666,53.6981,0,505.95,-32.157
90.696,53.81,0,504.339,-32.094
90.716,53.8475,0,503.263,-32.046
90.736,53.885,0,502.187,-31.998
90.756,53.9224,0,501.111,-31.95
90.772,53.9629,0,500.249,-31.906
90.788,54.0032,0,499.386,-31.862
90.804,54.0436,0,498.524,-31.818
90.822,54.1589,0,497.552,-31.766
90.8392,54.1881,0,496.619,-31.713
90.8565,54.2173,0,495.686,-31.66
90.8737,54.2464,0,494.753,-31.608
90.891,54.2755,0,493.82,-31.555
90.921,54.3946,0,492.194,-31.459
90.9375,54.4232,0,491.298,-31.405
90.954,54.4517,0,490.402,-31.351
90.9705,54.4802,0,489.505,-31.297
90.987,54.5087,0,488.609,-31.243
91.0095,54.5708,0,487.384,-31.169
91.032,54.6329,0,486.159,-31.094
91.045,54.6693,0,485.45,-31.05
91.058,54.7057,0,484.74,-31.006
91.071,54.7421,0,484.031,-30.963
91.0965,54.7985,0,482.637,-30.876
91.122,54.8549,0,481.243,-30.79
91.14,54.9766,0,480.258,-30.73
91.1574,54.9984,0,479.303,-30.671
91.1748,55.0202,0,478.348,-30.612
91.1922,55.042,0,477.393,-30.553
91.2096,55.0637,0,476.438,-30.493
91.227,55.0855,0,475.484,-30.434
91.242,55.2033,0,474.659,-30.383
91.2607,55.2331,0,473.625,-30.32
91.2795,55.2629,0,472.592,-30.256
91.2982,55.2926,0,471.558,-30.192
91.317,55.3224,0,470.525,-30.128
91.332,55.3592,0,469.696,-30.077
91.347,55.3959,0,468.867,-30.026
91.362,55.4326,0,468.038,-29.974
91.383,55.4892,0,466.876,-29.902
91.404,55.5458,0,465.713,-29.83
91.421,55.5868,0,464.77,-29.772
91.438,55.6278,0,463.827,-29.714
91.455,55.6688,0,462.884,-29.656
91.4775,55.7227,0,461.633,-29.578
91.5,55.7766,0,460.382,-29.5
91.518,55.8148,0.10895283,459.379,-29.438
91.536,55.8531,0.21790566,458.376,-29.376
91.554,55.8914,0.3268593,457.373,-29.314
91.569,55.931,1.1415546,456.536,-29.262
91.584,55.9705,1.9562472,455.698,-29.21
91.599,56.0101,2.770956,454.86,-29.157
91.617,56.1137,5.363766,453.854,-29.095
91.635,56.1411,4.022811,452.846,-29.031
91.653,56.1685,2.6818776,451.837,-28.967
91.671,56.1959,1.3409388,450.829,-28.903
91.689,56.2233,0,449.821,-28.839
91.7085,56.2823,0,448.726,-28.768
91.728,56.3413,0,447.631,-28.698
91.7445,56.3931,0,446.703,-28.637
91.761,56.4448,0,445.776,-28.577
91.779,56.4713,0,444.761,-28.51
91.797,56.4978,0,443.747,-28.443
91.815,56.5243,0,442.733,-28.377
91.833,56.5508,0,441.718,-28.31
91.848,56.6304,0,440.871,-28.253
91.863,56.71,0,440.024,-28.197
91.878,56.7896,0,439.176,-28.14
91.8997,56.8162,0,437.944,-28.057
91.9215,56.8428,0,436.712,-27.974
91.9432,56.8694,0,435.48,-27.891
91.965,56.896,0,434.248,-27.808
91.977,56.9346,0,433.566,-27.762
91.989,56.9733,0,432.885,-27.716
92.001,57.0119,0,432.204,-27.67
92.022,57.0477,0,431.009,-27.589
92.043,57.0835,0,429.813,-27.508
92.064,57.1193,0,428.618,-27.428
92.079,57.1737,0,427.763,-27.37
92.094,57.2281,0,426.908,-27.312
92.115,57.2653,0,425.708,-27.231
92.136,57.3026,0,424.509,-27.15
92.157,57.3398,0,423.309,-27.069
92.172,57.3899,0,422.45,-27.011
92.187,57.44,0,421.592,-26.954
92.202,57.4687,0.5299101,420.732,-26.895
92.217,57.4975,1.0598202,419.872,-26.837
92.232,57.5262,1.5897303,419.012,-26.778
92.247,57.5549,2.1196431,418.152,-26.72
92.277,57.6543,4.379508,416.429,-26.601
92.2943,57.6795,4.979286,415.436,-26.53
92.3115,57.7046,5.579064,414.444,-26.46
92.3288,57.7297,6.178815,413.451,-26.39
92.346,57.7549,6.778593,412.459,-26.319
92.361,57.8126,7.972263,411.508,-26.249
92.376,57.8703,9.16596,410.557,-26.179
92.3918,57.8931,9.722592,409.691,-26.113
92.4075,57.9158,10.279251,408.825,-26.047
92.4232,57.9385,10.83591,407.959,-25.981
92.439,57.9611,11.392569,407.093,-25.915
92.4615,58.0133,5.696298,405.792,-25.811
92.484,58.0653,0,404.491,-25.707
92.498,58.1033,0,403.681,-25.639
92.512,58.1413,0,402.87,-25.571
92.526,58.1792,0,402.059,-25.503
92.544,58.23,0,401.016,-25.413
92.562,58.2808,0,399.972,-25.323
92.58,58.3312,0,398.927,-25.231
92.598,58.3815,0,397.883,-25.139
92.6175,58.4316,0,396.749,-25.037
92.637,58.4816,0,395.616,-24.936
92.6526,58.5037,0,394.707,-24.853
92.6682,58.5258,0,393.799,-24.77
92.6838,58.548,0,392.89,-24.686
92.6994,58.5701,0,391.982,-24.603
92.715,58.5922,0,391.073,-24.52
92.731,58.6244,0,390.139,-24.434
92.747,58.6567,0,389.205,-24.347
92.763,58.6889,0,388.272,-24.26
92.781,58.7924,0,387.22,-24.162
92.8005,58.818,0,386.078,-24.056
92.82,58.8436,0,384.937,-23.949
92.8395,58.8692,0,383.795,-23.842
92.859,58.8948,0,382.654,-23.736
92.877,58.943,0,381.598,-23.637
92.895,58.9911,0,380.542,-23.538
92.9108,59.0156,0,379.617,-23.45
92.9265,59.04,0,378.691,-23.363
92.9422,59.0645,0,377.766,-23.276
92.958,59.0889,0,376.84,-23.189
92.982,59.1871,0,375.428,-23.056
92.9958,59.2073,0,374.615,-22.979
93.0096,59.2274,0,373.801,-22.902
93.0234,59.2476,0,372.988,-22.825
93.0372,59.2677,0,372.174,-22.748
93.051,59.2878,0,371.361,-22.671
93.072,59.3798,0,370.121,-22.554
93.0885,59.4037,0,369.146,-22.462
93.105,59.4276,0,368.17,-22.369
93.1215,59.4515,0,367.195,-22.277
93.138,59.4753,0,366.219,-22.185
93.153,59.5238,0,365.331,-22.1
93.168,59.5723,0,364.442,-22.016
93.19,59.6035,0,363.137,-21.892
93.212,59.6347,0,361.832,-21.767
93.234,59.666,0,360.527,-21.643
93.249,59.7127,0,359.636,-21.558
93.264,59.7595,0,358.745,-21.474
93.2805,59.7848,0,357.763,-21.38
93.297,59.81,0,356.781,-21.286
93.3135,59.8353,0,355.799,-21.193
93.33,59.8606,0,354.817,-21.099
93.345,59.9058,0,353.923,-21.014
93.36,59.951,0,353.029,-20.928
93.3757,59.9737,0,352.089,-20.839
93.3915,59.9963,0,351.148,-20.749
93.4072,60.0189,0,350.208,-20.659
93.423,60.0415,0,349.268,-20.569
93.4395,60.0901,0,348.191,-20.466
93.456,60.1386,0,347.115,-20.363
93.476,60.169,0,345.977,-20.254
93.496,60.1995,0,344.839,-20.145
93.516,60.2299,0,343.702,-20.036
93.532,60.2604,0,342.742,-19.943
93.548,60.291,0,341.782,-19.85
93.564,60.3216,0,340.822,-19.758
93.579,60.3542,0,339.921,-19.671
93.594,60.3868,0,339.019,-19.584
93.609,60.4194,0,338.118,-19.498
93.627,60.4643,0,337.035,-19.393
93.645,60.5092,0,335.953,-19.289
93.6645,60.5561,0,334.778,-19.175
93.684,60.603,0,333.604,-19.061
93.7,60.5832,0,332.639,-18.967
93.716,60.5635,0,331.674,-18.874
93.732,60.5437,0,330.709,-18.78
93.7464,60.5274,0.08505,329.842,-18.696
93.7608,60.5111,0.1701,328.974,-18.612
93.7752,60.4947,0.25515,328.107,-18.529
93.7896,60.4784,0.3402,327.239,-18.445
93.804,60.4621,0.42525,326.372,-18.361
93.822,60.4382,1.55925,325.289,-18.256
93.84,60.4143,2.69325,324.206,-18.151
93.855,60.3812,3.402,323.304,-18.064
93.87,60.3481,4.11075,322.402,-17.976
93.885,60.3149,4.8195,321.501,-17.889
93.903,60.318,3.73275,320.42,-17.783
93.921,60.3211,2.6459973,319.34,-17.678
93.939,60.3241,1.5592473,318.26,-17.572
93.957,60.3904,0,317.179,-17.466
93.975,60.4057,0,316.097,-17.358
93.993,60.421,0,315.015,-17.25
94.011,60.4363,0,313.934,-17.142
94.029,60.4516,0,312.852,-17.034
94.043,60.4749,0,312.009,-16.949
94.057,60.4982,0,311.167,-16.864
94.071,60.5214,0,310.325,-16.778
94.089,60.5445,0,309.241,-16.668
94.107,60.5676,0,308.156,-16.558
94.125,60.5907,0,307.072,-16.447
94.1415,60.6287,0,306.077,-16.346
94.158,60.6666,0,305.082,-16.244
94.1738,60.6846,0,304.132,-16.146
94.1895,60.7026,0,303.181,-16.048
94.2052,60.7206,0,302.23,-15.95
94.221,60.7386,0,301.279,-15.853
94.2375,60.7768,0,300.282,-15.75
94.254,60.815,0,299.285,-15.647
94.269,60.8332,0,298.377,-15.553
94.284,60.8515,0,297.469,-15.459
94.299,60.8697,0,296.562,-15.365
94.314,60.8879,0,295.654,-15.271
94.335,60.9251,0,294.381,-15.139
94.356,60.9623,0,293.109,-15.006
94.37,60.9868,0,292.26,-14.918
94.384,61.0114,0,291.411,-14.829
94.398,61.0359,0,290.561,-14.741
94.416,61.0619,0,289.468,-14.627
94.434,61.0879,0,288.375,-14.513
94.452,61.1139,0,287.282,-14.398
94.47,61.1952,0,286.188,-14.284
94.4844,61.2096,0,285.311,-14.192
94.4988,61.2239,0,284.435,-14.1
94.5132,61.2382,0,283.559,-14.009
94.5276,61.2525,0,282.682,-13.917
94.542,61.2668,0,281.806,-13.825
94.5615,61.3065,0,280.617,-13.701
94.581,61.3462,0,279.428,-13.577
94.6,61.3709,0,278.269,-13.455
94.619,61.3956,0,277.109,-13.333
94.638,61.4203,0,275.95,-13.212
94.652,61.4464,0,275.094,-13.122
94.666,61.4725,0,274.239,-13.032
94.68,61.4986,0,273.383,-12.942
94.6995,61.5385,0,272.19,-12.817
94.719,61.5784,0,270.997,-12.692
94.7333,61.5983,0,270.124,-12.6
94.7475,61.6182,0,269.251,-12.508
94.7617,61.6382,0,268.379,-12.416
94.776,61.6581,0,267.506,-12.323
94.793,61.68,0,266.463,-12.213
94.81,61.702,0,265.42,-12.103
94.827,61.7239,0,264.378,-11.993
94.843,61.7519,0,263.395,-11.889
94.859,61.7798,0,262.412,-11.785
94.875,61.8078,0,261.43,-11.681
94.889,61.8323,0,260.569,-11.589
94.903,61.8569,0,259.708,-11.498
94.917,61.8815,0,258.847,-11.407
94.9365,61.9184,0,257.647,-11.28
94.956,61.9553,0,256.446,-11.154
94.973,61.9818,0,255.399,-11.043
94.99,62.0082,0,254.351,-10.933
95.007,62.0347,0,253.303,-10.822
95.021,62.0596,0,252.44,-10.731
95.035,62.0845,0,251.576,-10.64
95.049,62.1094,0,250.712,-10.549
95.064,62.1268,0,249.785,-10.451
95.079,62.1442,0,248.858,-10.353
95.094,62.1616,0,247.932,-10.256
95.109,62.179,0,247.005,-10.158
95.1285,62.2168,0,245.798,-10.031
95.148,62.2546,0,244.592,-9.904
95.1623,62.2751,0,243.709,-9.81
95.1765,62.2957,0,242.827,-9.71700000000001
95.1908,62.3162,0,241.944,-9.62299999999999
95.205,62.3368,0,241.062,-9.53
95.223,62.3726,0,239.945,-9.411
95.241,62.4084,0,238.829,-9.292
95.26,62.4332,-0.23625,237.65,-9.166
95.279,62.4579,-0.4725,236.47,-9.03999999999999
95.298,62.4827,-0.70875,235.29,-8.91399999999999
95.312,62.5064,-1.4175,234.42,-8.821
95.326,62.5302,-2.12625,233.55,-8.72800000000001
95.34,62.554,-2.835,232.68,-8.63499999999999
95.3595,62.5899,-3.898125,231.466,-8.506
95.379,62.6259,-4.96125,230.253,-8.37700000000001
95.394,62.6507,-3.3075,229.319,-8.27799999999999
95.409,62.6756,-1.65375,228.384,-8.179
95.424,62.7005,0,227.45,-8.08099999999999
95.4375,62.7192,0,226.608,-7.99199999999999
95.451,62.7379,0,225.765,-7.904
95.4645,62.7567,0,224.923,-7.816
95.478,62.7754,0,224.081,-7.72800000000001
95.494,62.7998,0,223.082,-7.624
95.51,62.8242,0,222.082,-7.52000000000001
95.526,62.8485,0,221.083,-7.416
95.544,62.9171,0,219.957,-7.30000000000001
95.5628,62.9361,0,218.784,-7.179
95.5815,62.9552,0,217.61,-7.05799999999999
95.6003,62.9742,0,216.436,-6.93700000000001
95.619,62.9933,0,215.263,-6.816
95.631,63.0179,0,214.511,-6.739
95.643,63.0426,0,213.758,-6.66200000000001
95.655,63.0672,0,213.006,-6.58500000000001
95.67,63.0928,0,212.065,-6.488
95.685,63.1184,0,211.124,-6.392
95.7,63.144,0,210.182,-6.29499999999999
95.7225,63.1786,0,208.769,-6.15000000000001
95.745,63.2132,0,207.356,-6.005
95.7593,63.2322,0,206.459,-5.91300000000001
95.7735,63.2511,0,205.563,-5.81999999999999
95.7878,63.2701,0,204.667,-5.72800000000001
95.802,63.289,0,203.771,-5.636
95.817,63.3128,0,202.826,-5.53899999999999
95.832,63.3366,0,201.882,-5.44200000000001
95.847,63.3604,0,200.937,-5.345
95.864,63.3844,0,199.865,-5.23500000000001
95.881,63.4084,0,198.793,-5.125
95.898,63.4324,0,197.721,-5.01500000000001
95.919,63.508,0,196.396,-4.87899999999999
95.934,63.5231,0,195.449,-4.78100000000001
95.949,63.5381,0,194.501,-4.684
95.964,63.5532,0,193.553,-4.58600000000001
95.979,63.5683,0,192.606,-4.489
95.994,63.5833,0,191.658,-4.392
96.0075,63.6181,0,190.804,-4.304
96.021,63.6529,0,189.949,-4.21600000000001
96.0345,63.6876,0,189.095,-4.12800000000001
96.048,63.7224,0,188.241,-4.03999999999999
96.0654,63.7361,0,187.138,-3.92699999999999
96.0828,63.7498,0,186.035,-3.81299999999999
96.1002,63.7635,0,184.932,-3.69999999999999
96.1176,63.7773,0,183.83,-3.58600000000001
96.135,63.791,0,182.727,-3.47200000000001
96.152,63.8163,0,181.648,-3.36099999999999
96.169,63.8416,0,180.568,-3.249
96.186,63.8669,0,179.489,-3.13800000000001
96.2,63.8894,0,178.599,-3.04599999999999
96.214,63.9118,0,177.709,-2.95400000000001
96.228,63.9343,0,176.82,-2.86199999999999
96.245,63.9582,0,175.738,-2.75
96.262,63.9821,0,174.656,-2.63800000000001
96.279,64.006,0,173.575,-2.52600000000001
96.293,64.0281,0,172.683,-2.43299999999999
96.307,64.0503,0,171.791,-2.34100000000001
96.321,64.0724,0,170.9,-2.249
96.337,64.096,0,169.879,-2.143
96.353,64.1195,0,168.859,-2.03700000000001
96.369,64.1431,0,167.839,-1.93199999999999
96.383,64.168,0,166.945,-1.839
96.397,64.1929,0,166.052,-1.74700000000001
96.411,64.2177,0,165.158,-1.654
96.429,64.2414,0,164.008,-1.535
96.447,64.265,0,162.858,-1.416
96.465,64.2887,0,161.707,-1.297
96.477,64.3121,0,160.94,-1.21700000000001
96.489,64.3355,0,160.172,-1.13800000000001
96.501,64.3589,0,159.404,-1.05799999999999
96.52,64.3823,0,158.188,-0.931999999999988
96.539,64.4056,0,156.971,-0.806000000000012
96.558,64.4289,0,155.754,-0.679000000000002
96.571,64.4501,0,154.921,-0.592999999999989
96.584,64.4712,0,154.087,-0.506
96.597,64.4924,0,153.254,-0.419000000000011
96.615,64.5176,0,152.099,-0.298000000000002
96.633,64.5428,0,150.944,-0.176999999999992
96.651,64.568,0,149.789,-0.0569999999999879
96.667,64.5927,0,148.761,0.0509999999999877
96.683,64.6174,0,147.733,0.157999999999987
96.699,64.6421,0,146.705,0.264999999999986
96.712,64.6646,0,145.869,0.353000000000009
96.725,64.687,0,145.032,0.439999999999998
96.738,64.7095,0,144.196,0.527999999999992
96.7575,64.7433,0,142.941,0.659999999999997
96.777,64.7771,0,141.686,0.792000000000002
96.792,64.8011,0,140.72,0.893000000000001
96.807,64.8252,0,139.753,0.995000000000005
96.822,64.8493,0,138.787,1.09700000000001
96.8378,64.8668,0,137.771,1.20400000000001
96.8535,64.8844,0,136.755,1.31200000000001
96.8692,64.9019,0,135.739,1.41900000000001
96.885,64.9194,0,134.723,1.52600000000001
96.898,64.9405,0,133.883,1.61500000000001
96.911,64.9616,0,133.044,1.703
96.924,64.9827,0,132.204,1.792
96.942,65.0502,0,131.041,1.91499999999999
96.9582,65.0648,0,129.993,2.02600000000001
96.9744,65.0793,0,128.945,2.137
96.9906,65.0939,0,127.897,2.24799999999999
97.0068,65.1085,0,126.849,2.35900000000001
97.023,65.123,0,125.801,2.46899999999999
97.036,65.1462,0,124.959,2.559
97.049,65.1694,0,124.117,2.648
97.062,65.1926,0,123.274,2.73699999999999
97.077,65.2086,0,122.302,2.839
97.092,65.2247,0,121.329,2.94200000000001
97.107,65.2408,0,120.356,3.04499999999999
97.122,65.2569,0,119.383,3.14699999999999
97.138,65.2801,0,118.344,3.25700000000001
97.154,65.3033,0,117.305,3.36599999999999
97.17,65.3265,0,116.266,3.47499999999999
97.185,65.3968,0,115.291,3.577
97.2006,65.4095,0,114.277,3.684
97.2162,65.4222,0,113.262,3.78999999999999
97.2318,65.4348,0,112.247,3.89599999999999
97.2474,65.4475,0,111.232,4.00200000000001
97.263,65.4602,0,110.217,4.108
97.278,65.5286,0,109.241,4.21100000000001
97.2945,65.5444,0,108.165,4.32300000000001
97.311,65.5603,0,107.09,4.435
97.3275,65.5761,0,106.014,4.547
97.344,65.5919,0,104.939,4.65899999999999
97.355,65.6146,0,104.221,4.733
97.366,65.6373,0,103.503,4.80799999999999
97.377,65.6601,0,102.785,4.88200000000001
97.3935,65.6765,0,101.708,4.994
97.41,65.693,0,100.63,5.107
97.4265,65.7095,0,99.552,5.21899999999999
97.443,65.726,0,98.474,5.33099999999999
97.461,65.7583,0,97.297,5.45400000000001
97.479,65.7907,0,96.12,5.57599999999999
97.494,65.8132,0,95.138,5.679
97.509,65.8357,0,94.156,5.78100000000001
97.524,65.8582,0,93.175,5.88300000000001
97.5375,65.8758,0,92.29,5.976
97.551,65.8933,0,91.406,6.06800000000001
97.5645,65.9108,0,90.521,6.161
97.578,65.9284,0,89.637,6.25399999999999
97.599,65.9927,0,88.26,6.398
97.6146,66.0051,0,87.236,6.506
97.6302,66.0176,0,86.212,6.614
97.6458,66.03,0,85.188,6.72200000000001
97.6614,66.0424,0,84.164,6.83000000000001
97.677,66.0548,0,83.14,6.93799999999999
97.6898,66.0727,-0.14175,82.302,7.02699999999999
97.7025,66.0905,-0.2835,81.464,7.11500000000001
97.7152,66.1083,-0.42525,80.626,7.20400000000001
97.728,66.1261,-0.567,79.788,7.29300000000001
97.7475,66.1603,-1.701,78.505,7.429
97.767,66.1945,-2.835,77.223,7.565
97.7835,66.2244,-3.898125,76.136,7.68000000000001
97.8,66.2543,-4.96125,75.05,7.79499999999999
97.8135,66.2715,-3.720924,74.16,7.88900000000001
97.827,66.2886,-2.480625,73.271,7.982
97.8405,66.3058,-1.2403125,72.381,8.07599999999999
97.854,66.323,0,71.491,8.16999999999999
97.8682,66.3395,0,70.551,8.268
97.8825,66.3561,0,69.611,8.36699999999999
97.8968,66.3726,0,68.671,8.465
97.911,66.3892,0,67.73,8.56299999999999
97.9275,66.4214,0,66.64,8.67699999999999
97.944,66.4536,0,65.551,8.78999999999999
97.9597,66.4702,0,64.509,8.898
97.9755,66.4867,0,63.468,9.006
97.9913,66.5033,0,62.427,9.114
98.007,66.5198,0,61.385,9.22200000000001
98.022,66.5505,0,60.392,9.32400000000001
98.037,66.5811,0,59.4,9.42699999999999
98.0502,66.5945,0,58.525,9.517
98.0634,66.6079,0,57.651,9.607
98.0766,66.6214,0,56.776,9.697
98.0898,66.6348,0,55.901,9.78700000000001
98.103,66.6482,0,55.027,9.87700000000001
98.121,66.6814,0,53.833,10
98.139,66.7147,0,52.639,10.122
98.153,66.7353,0,51.71,10.217
98.167,66.7558,0,50.78,10.313
98.181,66.7764,0,49.851,10.408
98.197,66.7984,0,48.788,10.516
98.213,66.8204,0,47.725,10.625
98.229,66.8425,0,46.662,10.734
98.246,66.8628,-0.0945,45.531,10.85
98.263,66.8831,-0.189,44.401,10.965
98.28,66.9034,-0.2835,43.27,11.081
98.2935,66.9188,-0.8505,42.371,11.173
98.307,66.9342,-1.4175,41.472,11.265
98.3205,66.9496,-1.9845,40.573,11.357
98.334,66.965,-2.5515,39.675,11.449
98.355,67.0225,-4.67775,38.275,11.592
98.3694,67.0351,-3.7422,37.315,11.69
98.3838,67.0477,-2.80665,36.355,11.787
98.3982,67.0603,-1.8711,35.394,11.885
98.4126,67.0729,-0.93555,34.434,11.982
98.427,67.0855,0,33.473,12.08
98.4435,67.1177,0,32.272,12.201
98.46,67.1499,0,31.07,12.322
98.4705,67.1798,0,30.469,12.382
98.481,67.2098,0,29.867,12.442
98.4966,67.2209,0,28.824,12.546
98.5122,67.2321,0,27.781,12.65
98.5278,67.2433,0,26.738,12.754
98.5434,67.2544,0,25.694,12.858
98.559,67.2656,0,24.651,12.962
98.572,67.2843,0,23.781,13.048
98.585,67.303,0,22.91,13.133
98.598,67.3218,0,22.04,13.219
98.6138,67.3365,0,20.985,13.323
98.6295,67.3512,0,19.929,13.426
98.6452,67.3659,0,18.874,13.53
98.661,67.3806,0,17.818,13.634
98.676,67.3989,0,16.812,13.732
98.691,67.4173,0,15.805,13.83
98.706,67.4357,0,14.799,13.929
98.722,67.4559,0,13.725,14.033
98.738,67.4761,0,12.65,14.138
98.754,67.4963,0,11.576,14.242
98.768,67.5156,0,10.635,14.333
98.782,67.5349,0,9.694,14.424
98.796,67.5542,0,8.754,14.515
98.8095,67.569,-0.3189375,7.845,14.603
98.823,67.5837,-0.637875,6.937,14.692
98.8365,67.5985,-0.9568125,6.02900000000001,14.78
98.85,67.6133,-1.27575,5.12100000000001,14.868
98.868,67.6415,-2.338875,3.91000000000001,14.985
98.886,67.6697,-3.402,2.69800000000001,15.102
98.8995,67.6842,-3.969,1.78800000000001,15.19
98.913,67.6986,-4.536,0.879000000000005,15.278
98.9265,67.7131,-5.103,-0.0309999999999917,15.366
98.94,67.7276,-5.67,-0.939999999999998,15.453
98.954,67.7459,-3.78,-1.88499999999999,15.543
98.968,67.7641,-1.89,-2.8287,15.633
98.982,67.7824,0,-3.77279999999999,15.723
99,67.8026,0,-4.988,15.837
99.018,67.8227,0,-6.20309999999999,15.951
99.036,67.8429,0,-7.4182,16.065
99.051,67.8678,0,-8.43169999999999,16.159
99.066,67.8928,0,-9.4451,16.253
99.0792,67.9043,0,-10.3378,16.335
99.0924,67.9158,0,-11.2305,16.416
99.1056,67.9273,0,-12.1231,16.498
99.1188,67.9388,0,-13.0158,16.579
99.132,67.9503,0,-13.9084,16.661
99.15,67.9777,0,-15.127,16.771
99.168,68.005,0,-16.3455,16.88
99.18,68.0236,0,-17.1585,16.953
99.192,68.0422,0,-17.9714,17.025
99.204,68.0608,0,-18.7843,17.098
99.2213,68.0744,0,-19.9541,17.201
99.2385,68.088,0,-21.1238,17.304
99.2558,68.1016,0,-22.2935,17.408
99.273,68.1152,0,-23.4632,17.511
99.2843,68.1429,0,-24.2268,17.578
99.2955,68.1706,0,-24.9904,17.645
99.3067,68.1983,0,-25.754,17.712
99.318,68.226,0,-26.5176,17.78
99.333,68.2343,0,-27.571,17.872
99.348,68.2426,0,-28.6244,17.965
99.363,68.2509,0,-29.6777,18.057
99.378,68.2593,0,-30.7311,18.149
99.393,68.2676,0,-31.7844,18.242
99.408,68.2759,0,-32.8378,18.334
99.4245,68.3031,0,-33.8582,18.424
99.441,68.3303,0,-34.8786,18.514
99.455,68.3478,0,-35.8316,18.598
99.469,68.3654,0,-36.7845,18.682
99.483,68.3829,0,-37.7374,18.766
99.4995,68.3968,0,-38.8615,18.866
99.516,68.4106,0,-39.9856,18.965
99.5325,68.4244,0,-41.1096,19.065
99.549,68.4382,0,-42.2337,19.164
99.564,68.4565,0,-43.2566,19.255
99.579,68.4748,0,-44.2794,19.346
99.594,68.4931,0,-45.3023,19.436
99.609,68.5092,0,-46.3259,19.527
99.624,68.5254,0,-47.3495,19.618
99.639,68.5415,0,-48.3731,19.708
99.651,68.5554,0,-49.1926,19.781
99.663,68.5694,0,-50.0121,19.854
99.675,68.5833,0,-50.8316,19.926
99.687,68.5973,0,-51.6511,19.999
99.705,68.613,0,-52.8814,20.108
99.723,68.6287,0,-54.1116,20.218
99.741,68.6445,0,-55.3419,20.327
99.755,68.6632,0.4725,-56.2995,20.413
99.769,68.682,0.945,-57.2571,20.498
99.783,68.7007,1.4175,-58.2147,20.583
99.792,68.7255,2.480625,-58.8306,20.638
99.801,68.7504,3.54375,-59.4465,20.693
99.8166,68.7606,3.99735,-60.5148,20.789
99.8322,68.7708,4.45095,-61.583,20.885
99.8478,68.7811,4.90455,-62.6513,20.981
99.8634,68.7913,5.35815,-63.7196,21.077
99.879,68.8015,5.81175,-64.7879,21.173
99.897,68.8554,0,-66.0214,21.285
99.9128,68.8667,0,-67.1013,21.384
99.9285,68.878,0,-68.1812,21.484
99.9443,68.8893,0,-69.261,21.583
99.96,68.9006,0,-70.3409,21.683
99.971,68.9195,0,-71.0956,21.753
99.982,68.9385,0,-71.8502,21.824
99.993,68.9574,0,-72.6049,21.895
100.009,68.9685,0,-73.7376,22.003
100.026,68.9796,0,-74.8703,22.11
100.042,68.9907,0,-76.003,22.218
100.059,69.0018,0,-77.1357,22.326
100.071,69.0192,0,-77.96,22.406
100.083,69.0366,0,-78.7843,22.486
100.095,69.0539,0,-79.6086,22.566
100.111,69.0657,0,-80.6912,22.672
100.126,69.0775,0,-81.7738,22.779
100.142,69.0893,0,-82.8563,22.885
100.158,69.101,0,-83.9389,22.992
100.171,69.119,0,-84.8331,23.081
100.184,69.137,0,-85.7272,23.169
100.197,69.1549,0,-86.6214,23.258
100.214,69.1828,0,-87.7569,23.371
100.23,69.2107,0,-88.8925,23.484
100.243,69.22,0,-89.8015,23.575
100.256,69.2294,0,-90.7106,23.666
100.27,69.2387,0,-91.6197,23.757
100.283,69.248,0,-92.5288,23.848
100.296,69.2573,0,-93.43789,23.939
100.311,69.2745,0,-94.47179,24.043
100.326,69.2917,0,-95.50569,24.146
100.341,69.3089,0,-96.5396,24.25
100.356,69.3328,0,-97.57409,24.354
100.371,69.3567,0,-98.60859,24.458
100.385,69.366,0,-99.60241,24.558
100.4,69.3753,0,-100.59622,24.658
100.414,69.3846,0,-101.590043,24.758
100.429,69.3938,0,-102.583861,24.858
100.443,69.4031,0,-103.57768,24.958
100.46,69.4287,0,-104.71733,25.073
100.476,69.4542,0,-105.85698,25.188
100.486,69.4774,0,-106.58252,25.261
100.497,69.5006,0,-107.30806,25.334
100.513,69.5102,0,-108.38677,25.443
100.528,69.5197,0,-109.46548,25.553
100.544,69.5292,0,-110.54418,25.662
100.559,69.5387,0,-111.62289,25.771
100.575,69.5482,0,-112.7016,25.88
100.587,69.5658,0,-113.532,25.964
100.599,69.5833,0,-114.3625,26.048
100.611,69.6009,0,-115.193,26.132
100.627,69.6125,-0.567,-116.2838,26.243
100.643,69.6241,-1.134,-117.3746,26.353
100.658,69.6357,-1.701,-118.4654,26.463
100.674,69.6473,-2.268,-119.5562,26.574
100.687,69.6639,-3.024,-120.4572,26.665
100.7,69.6804,-3.78,-121.3582,26.756
100.713,69.697,-4.536,-122.2592,26.847
100.728,69.7088,-3.402,-123.2997,26.952
100.743,69.7207,-2.268,-124.3401,27.056
100.758,69.7325,-1.134,-125.3806,27.161
100.773,69.7443,0,-126.421,27.266
100.788,69.7674,0,-127.4622,27.37
100.803,69.7905,0,-128.5034,27.474
100.818,69.8032,0,-129.5454,27.578
100.833,69.8158,0,-130.5873,27.681
100.848,69.8285,0,-131.6292,27.785
100.863,69.8412,0,-132.6711,27.888
100.88,69.8618,0,-133.8181,28.002
100.896,69.8824,0,-134.9651,28.115
100.908,69.8923,0,-135.7998,28.196
100.92,69.9021,0,-136.6346,28.278
100.932,69.9119,0,-137.4694,28.36
100.944,69.9217,0,-138.3042,28.442
100.956,69.9315,0,-139.1389,28.523
100.971,69.9471,0,-140.1832,28.625
100.986,69.9627,0,-141.2275,28.726
101.001,69.9783,0,-142.2718,28.828
101.014,69.9942,0,-143.1775,28.916
101.027,70.0101,0,-144.0832,29.003
101.04,70.0261,0,-144.9889,29.091
101.056,70.0406,0,-146.1043,29.198
101.072,70.0551,0,-147.2197,29.306
101.088,70.0696,0,-148.3351,29.413
101.109,70.1164,0,-149.7998,29.554
101.122,70.1244,0,-150.7071,29.641
101.135,70.1324,0,-151.6144,29.729
101.148,70.1403,0,-152.5217,29.816
101.161,70.1483,0,-153.429,29.904
101.174,70.1562,0,-154.3363,29.991
101.187,70.1642,0,-155.2437,30.079
101.202,70.1858,0,-156.2914,30.18
101.217,70.2073,0,-157.339,30.281
101.231,70.2162,0,-158.3036,30.374
101.245,70.225,0,-159.2681,30.467
101.258,70.2339,0,-160.2326,30.561
101.272,70.2428,0,-161.1971,30.654
101.286,70.2516,0,-162.1616,30.747
101.303,70.276,0,-163.3157,30.858
101.319,70.3005,0,-164.4697,30.97
101.332,70.3142,0,-165.3794,31.057
101.345,70.328,0,-166.2891,31.145
101.358,70.3417,0,-167.1988,31.233
101.372,70.3539,0,-168.1966,31.329
101.387,70.366,0,-169.1944,31.426
101.401,70.3782,0,-170.1922,31.522
101.415,70.3904,0,-171.19,31.619
101.428,70.4012,0,-172.136,31.71
101.442,70.412,0,-173.0821,31.802
101.456,70.4228,0,-174.0281,31.893
101.469,70.4337,0,-174.9741,31.984
101.485,70.4485,0,-176.0961,32.093
101.501,70.4633,0,-177.218,32.202
101.517,70.4782,0,-178.34,32.31
101.532,70.4929,-0.378,-179.3925,32.412
101.547,70.5076,-0.756,-180.4449,32.515
101.562,70.5223,-1.134,-181.4974,32.617
101.575,70.5344,-1.701,-182.3925,32.704
101.587,70.5465,-2.268,-183.2877,32.791
101.6,70.5587,-2.835,-184.1829,32.877
101.613,70.5708,-3.402,-185.0781,32.964
101.628,70.5839,-3.213,-186.1319,33.066
101.643,70.5971,-3.024,-187.1858,33.168
101.658,70.6102,-2.835,-188.2397,33.27
101.671,70.6255,-1.8899973,-189.1536,33.358
101.684,70.6407,-0.945,-190.0675,33.446
101.697,70.6559,0,-190.9814,33.534
101.713,70.6697,0,-192.1069,33.641
101.729,70.6834,0,-193.2325,33.748
101.745,70.6972,0,-194.358,33.856
101.756,70.6982,0,-195.097,33.926
101.766,70.6992,0,-195.836,33.996
101.781,70.6776,0,-196.8916,34.095
101.796,70.656,0,-197.9472,34.193
101.811,70.6345,0,-199.0028,34.292
101.826,70.6129,0,-200.0584,34.391
101.841,70.5913,0,-201.114,34.49
101.854,70.5649,0,-202.0274,34.575
101.867,70.5384,0,-202.941,34.66
101.88,70.5119,0,-203.854,34.745
101.894,70.4755,0,-204.837,34.836
101.908,70.439,0,-205.82,34.926
101.922,70.4026,0,-206.802,35.017
101.94,70.368,0,-208.064,35.133
101.958,70.3334,0,-209.326,35.249
101.976,70.2988,0,-210.587,35.365
101.988,70.3033,0,-211.427,35.442
102,70.3079,0,-212.267,35.519
102.012,70.3124,0,-213.108,35.596
102.024,70.3169,0,-213.948,35.673
102.039,70.3336,0,-214.998,35.769
102.054,70.3503,0,-216.049,35.865
102.069,70.3669,0,-217.099,35.961
102.083,70.3696,0,-218.057,36.049
102.096,70.3723,0,-219.014,36.136
102.11,70.375,0,-219.972,36.223
102.124,70.3777,0,-220.929,36.311
102.137,70.3803,0,-221.887,36.398
102.151,70.383,0,-222.845,36.486
102.165,70.3857,0,-223.802,36.573
102.178,70.3884,0,-224.76,36.661
102.192,70.3911,0,-225.717,36.748
102.212,70.4048,0,-227.084,36.873
102.231,70.4185,0,-228.452,36.998
102.243,70.4328,0,-229.293,37.075
102.255,70.447,0,-230.135,37.152
102.268,70.4526,0,-231.047,37.235
102.281,70.4582,0,-231.959,37.318
102.294,70.4638,0,-232.871,37.402
102.307,70.4693,0,-233.783,37.485
102.32,70.4749,0,-234.695,37.568
102.333,70.4804,0,-235.607,37.651
102.354,70.4939,0,-237.081,37.786
102.375,70.5073,0,-238.555,37.921
102.388,70.5186,0,-239.468,38.005
102.401,70.53,0,-240.381,38.089
102.414,70.5414,0,-241.294,38.172
102.426,70.548,0,-242.137,38.25
102.438,70.5547,0,-242.98,38.327
102.45,70.5614,0,-243.823,38.404
102.462,70.5681,0,-244.666,38.481
102.48,70.5792,0,-245.931,38.597
102.498,70.5904,0,-247.197,38.713
102.516,70.6015,0,-248.462,38.829
102.529,70.6123,0,-249.376,38.912
102.542,70.6231,0,-250.29,38.996
102.555,70.6339,0,-251.204,39.08
102.568,70.6416,0,-252.101,39.162
102.581,70.6493,0,-252.998,39.244
102.593,70.6571,0,-253.895,39.326
102.606,70.6648,0,-254.792,39.408
102.62,70.6748,0,-255.777,39.499
102.634,70.6847,0,-256.762,39.589
102.648,70.6947,0,-257.748,39.679
102.661,70.7022,0,-258.698,39.766
102.675,70.7098,0,-259.649,39.853
102.689,70.7173,0,-260.599,39.94
102.702,70.7249,0,-261.55,40.027
102.718,70.7378,0,-262.677,40.131
102.734,70.7507,0,-263.804,40.234
102.75,70.7636,0,-264.931,40.337
102.768,70.7923,0,-266.199,40.453
102.781,70.7977,0,-267.081,40.534
102.793,70.8032,0,-267.962,40.615
102.805,70.8086,0,-268.843,40.696
102.818,70.8141,0,-269.724,40.777
102.831,70.8196,0,-270.606,40.858
102.843,70.825,0,-271.487,40.939
102.859,70.8472,0,-272.651,41.046
102.876,70.8693,0,-273.814,41.153
102.889,70.874,0,-274.788,41.242
102.902,70.8787,0,-275.762,41.332
102.916,70.8833,0,-276.736,41.421
102.929,70.888,0,-277.71,41.511
102.942,70.8927,0,-278.684,41.6
102.958,70.9101,0,-279.743,41.697
102.975,70.9276,0,-280.802,41.794
102.988,70.9334,0,-281.734,41.88
103.001,70.9393,0,-282.666,41.966
103.015,70.9452,0,-283.599,42.052
103.028,70.9511,0,-284.531,42.137
103.041,70.9569,0,-285.463,42.223
103.055,70.9685,0,-286.453,42.314
103.069,70.9801,0,-287.442,42.405
103.083,70.9917,0,-288.431,42.496
103.098,71.0014,0,-289.492,42.594
103.113,71.0111,0,-290.552,42.691
103.128,71.0209,0,-291.613,42.789
103.141,71.0292,0,-292.568,42.877
103.155,71.0376,0,-293.522,42.965
103.169,71.0459,0,-294.477,43.053
103.182,71.0542,0,-295.432,43.142
103.203,71.0859,0,-296.918,43.279
103.217,71.0917,0,-297.895,43.369
103.231,71.0976,0,-298.872,43.459
103.244,71.1034,0,-299.848,43.549
103.258,71.1093,0,-300.825,43.639
103.272,71.1151,0,-301.802,43.729
103.286,71.1264,0,-302.794,43.821
103.3,71.1377,0,-303.785,43.912
103.314,71.1489,0,-304.777,44.004
103.329,71.156,0,-305.839,44.102
103.344,71.163,0,-306.902,44.2
103.359,71.17,0,-307.965,44.298
103.374,71.1771,0,-309.028,44.396
103.387,71.1931,0,-309.985,44.484
103.401,71.2091,0,-310.942,44.572
103.416,71.2169,0,-312.005,44.67
103.431,71.2246,0,-313.069,44.768
103.446,71.2324,0,-314.133,44.866
103.461,71.2402,0,-315.197,44.964
103.471,71.2509,0,-315.906,45.029
103.481,71.2617,0,-316.615,45.095
103.491,71.2724,0,-317.325,45.16
103.506,71.2798,0,-318.389,45.258
103.521,71.2872,0,-319.454,45.357
103.536,71.2946,0,-320.519,45.455
103.551,71.302,0,-321.583,45.554
103.566,71.3164,0,-322.648,45.652
103.581,71.3309,0,-323.713,45.751
103.594,71.3376,0,-324.608,45.834
103.606,71.3444,0,-325.503,45.917
103.619,71.3511,0,-326.398,45.999
103.631,71.3578,0,-327.293,46.082
103.644,71.3645,0,-328.188,46.165
103.66,71.3783,0,-329.36,46.275
103.677,71.3922,0,-330.533,46.384
103.69,71.3987,0,-331.471,46.471
103.703,71.4052,0,-332.41,46.558
103.717,71.4117,0,-333.348,46.646
103.73,71.4182,0,-334.286,46.733
103.743,71.4247,0,-335.225,46.82
103.759,71.4386,0,-336.398,46.93
103.776,71.4526,0,-337.572,47.039
103.789,71.4591,0.3402,-338.511,47.126
103.802,71.4656,0.6804,-339.45,47.214
103.816,71.4721,1.0206,-340.389,47.301
103.829,71.4786,1.3608,-341.329,47.389
103.842,71.4851,1.701,-342.268,47.476
103.857,71.4966,2.457,-343.336,47.576
103.872,71.5081,3.213,-344.403,47.676
103.887,71.5196,3.969,-345.471,47.776
103.902,71.5297,4.725,-346.539,47.877
103.917,71.5398,5.481,-347.608,47.977
103.932,71.5499,6.237,-348.676,48.078
103.949,71.564,7.300125,-349.851,48.19
103.965,71.578,8.36325,-351.027,48.301
103.979,71.5853,8.894799,-351.988,48.395
103.992,71.5926,9.426375,-352.95,48.489
104.005,71.5998,9.957924,-353.912,48.582
104.019,71.607,10.4895,-354.874,48.676
104.031,71.614,7.867125,-355.729,48.762
104.043,71.6209,5.24475,-356.584,48.848
104.055,71.6278,2.622375,-357.439,48.935
104.067,71.6347,0,-358.294,49.021
104.081,71.6423,0,-359.256,49.122
104.094,71.6499,0,-360.218,49.222
104.107,71.6575,0,-361.18,49.322
104.121,71.665,0,-362.142,49.423
104.139,71.6787,0,-363.425,49.559
104.153,71.6892,0,-364.409,49.666
104.167,71.6995,0,-365.392,49.772
104.18,71.7098,0,-366.376,49.879
104.194,71.7201,0,-367.359,49.985
104.208,71.7303,0,-368.343,50.092
104.226,71.7434,0,-369.626,50.234
104.244,71.7563,0,-370.91,50.376
104.256,71.7631,0,-371.765,50.473
104.268,71.7699,0,-372.621,50.57
104.28,71.7767,0,-373.477,50.666
104.292,71.7834,0,-374.333,50.763
104.304,71.7902,0,-375.188,50.86
104.319,71.8053,0,-376.258,50.983
104.334,71.8202,0,-377.328,51.106
104.348,71.8245,0.2835,-378.313,51.22
104.362,71.8287,0.567,-379.297,51.334
104.375,71.8329,0.8505,-380.282,51.448
104.389,71.8371,1.134,-381.266,51.563
104.403,71.8413,1.4175,-382.251,51.677
104.415,71.8642,2.622375,-383.107,51.777
104.427,71.8869,3.82725,-383.963,51.876
104.441,71.8923,4.22415,-384.992,51.997
104.456,71.8978,4.62105,-386.02,52.117
104.47,71.9032,5.01795,-387.048,52.238
104.485,71.9086,5.41485,-388.076,52.358
104.499,71.914,5.81175,-389.104,52.479
104.514,71.9317,6.94575,-390.176,52.606
104.529,71.9494,8.07975,-391.247,52.733
104.544,71.9548,8.611299,-392.318,52.862
104.559,71.9602,9.142875,-393.39,52.991
104.574,71.9655,9.674424,-394.462,53.12
104.589,71.9708,10.206,-395.533,53.25
104.602,71.9791,10.962,-396.462,53.364
104.615,71.9874,11.718,-397.391,53.478
104.628,71.9955,12.474,-398.319,53.592
104.643,72.0027,13.005576,-399.391,53.73
104.658,72.0098,13.537125,-400.462,53.868
104.673,72.0168,14.068701,-401.533,54.006
104.688,72.0237,14.60025,-402.605,54.144
104.699,72.0284,10.8675,-403.39,54.25
104.71,72.0329,7.134777,-404.175,54.357
104.721,72.0374,3.402027,-404.96,54.463
104.735,72.0423,2.5515135,-405.977,54.607
104.749,72.0472,1.7010081,-406.993,54.752
104.764,72.0521,0.8505054,-408.01,54.896
104.778,72.0569,0,-409.026,55.04
104.793,72.0788,0,-410.096,55.198
104.808,72.1005,0,-411.165,55.355
104.823,72.1222,0,-412.235,55.513
104.836,72.1273,0,-413.182,55.658
104.85,72.1323,0,-414.129,55.803
104.863,72.1374,0,-415.076,55.949
104.876,72.1424,0,-416.023,56.094
104.889,72.1474,0,-416.97,56.24
104.903,72.1524,0,-417.917,56.385
104.916,72.1573,0,-418.864,56.53
104.929,72.1668,0,-419.791,56.678
104.942,72.1762,0,-420.717,56.825
104.955,72.1855,0,-421.644,56.972
104.97,72.1938,0,-422.713,57.145
104.985,72.202,0,-423.782,57.318
105,72.2102,0,-424.851,57.491
105.015,72.2183,0,-425.92,57.665
105.03,72.2304,0.189,-426.989,57.842
105.045,72.2424,0.378,-428.058,58.019
105.06,72.2545,0.567,-429.127,58.196
105.075,72.2758,2.69325,-430.196,58.374
105.087,72.2807,3.07125,-431.052,58.518
105.099,72.2855,3.44925,-431.907,58.661
105.111,72.2904,3.82725,-432.762,58.805
105.123,72.2952,4.20525,-433.618,58.948
105.135,72.3,4.58325,-434.473,59.092
105.147,72.3049,4.96125,-435.329,59.235
105.163,72.3202,5.71725,-436.469,59.429
105.179,72.3354,6.47325,-437.61,59.622
105.195,72.3504,7.22925,-438.751,59.816
105.209,72.3591,7.938,-439.75,59.987
105.223,72.3677,8.64675,-440.748,60.159
105.237,72.3762,9.3555,-441.746,60.33
105.25,72.3828,9.9225,-442.655,60.49
105.262,72.3893,10.4895,-443.564,60.649
105.275,72.3957,11.0565,-444.473,60.808
105.288,72.4022,11.6235,-445.383,60.967
105.303,72.4295,13.8915,-446.452,61.157
105.316,72.4319,14.245875,-447.378,61.328
105.329,72.4342,14.60025,-448.304,61.499
105.342,72.4366,14.954625,-449.23,61.67
105.355,72.4389,15.309027,-450.156,61.841
105.368,72.4412,15.663402,-451.081,62.012
105.381,72.4434,16.017777,-452.007,62.183
105.396,72.4488,17.151777,-453.074,62.389
105.411,72.454,18.28575,-454.141,62.595
105.425,72.4572,18.711,-455.121,62.795
105.439,72.4603,19.13625,-456.101,62.995
105.452,72.4634,19.5615,-457.081,63.195
105.466,72.4665,19.98675,-458.061,63.395
105.48,72.4697,20.412,-459.041,63.594
105.496,72.4713,21.168,-460.175,63.837
105.512,72.4729,21.924,-461.309,64.08
105.528,72.4745,22.68,-462.443,64.323
105.542,72.4753,23.38875,-463.434,64.541
105.556,72.4759,24.0975,-464.425,64.759
105.57,72.4764,24.806223,-465.416,64.977
105.583,72.4776,18.604674,-466.317,65.183
105.596,72.4786,12.403125,-467.218,65.39
105.608,72.4794,6.201549,-468.119,65.597
105.621,72.4799,0,-469.02,65.803
105.636,72.4831,0,-470.077,66.059
105.651,72.4862,0,-471.134,66.315
105.666,72.4893,0,-472.191,66.57
105.679,72.4966,0,-473.087,66.799
105.691,72.5034,0,-473.983,67.028
105.704,72.51,0,-474.879,67.257
105.717,72.5162,0,-475.775,67.486
105.732,72.528,0,-476.827,67.763
105.747,72.5384,0,-477.879,68.04
105.76,72.5525,0,-478.79,68.283
105.773,72.5663,0,-479.701,68.527
105.786,72.5799,0,-480.612,68.771
105.801,72.5893,0,-481.662,69.057
105.816,72.5985,0,-482.713,69.344
105.831,72.6077,0,-483.763,69.63
105.846,72.6168,0,-484.814,69.916
105.859,72.6247,0,-485.759,70.177
105.873,72.6326,0,-486.704,70.437
105.887,72.6405,0,-487.649,70.698
105.9,72.6483,0,-488.594,70.959
105.918,72.6895,0,-489.855,71.307
105.929,72.6952,0,-490.66,71.531
105.941,72.701,0,-491.465,71.755
105.952,72.7067,0,-492.271,71.979
105.964,72.7124,0,-493.076,72.203
105.976,72.7181,0,-493.881,72.427
105.987,72.7238,0,-494.687,72.651
106.003,72.7394,0.921375,-495.842,72.975
106.02,72.755,1.84275,-496.997,73.299
106.034,72.7616,2.29635,-498.005,73.585
106.049,72.7682,2.74995,-499.013,73.871
106.063,72.7748,3.20355,-500.021,74.157
106.078,72.7813,3.65715,-501.03,74.443
106.092,72.7879,4.11075,-502.038,74.728
106.105,72.7979,4.86675,-502.947,74.989
106.118,72.8079,5.62275,-503.857,75.25
106.131,72.8179,6.37875,-504.767,75.511
106.145,72.8267,6.94575,-505.711,75.784
106.158,72.8355,7.51275,-506.656,76.057
106.171,72.8442,8.07975,-507.601,76.33
106.185,72.853,8.64675,-508.545,76.603
106.2,72.8672,9.709875,-509.594,76.909
106.215,72.8813,10.773,-510.644,77.2142
106.228,72.8887,11.2266,-511.566,77.4877
106.241,72.8961,11.6802,-512.489,77.7613
106.255,72.9034,12.1338,-513.411,78.0348
106.268,72.9107,12.5874,-514.334,78.3084
106.281,72.9179,13.041,-515.256,78.5819
106.292,72.927,14.175,-516.093,78.836
106.302,72.9358,15.309027,-516.931,79.09
106.319,72.9445,15.840576,-518.08,79.4477
106.337,72.9532,16.372152,-519.229,79.8053
106.354,72.9619,16.903701,-520.378,80.163
106.371,72.9706,17.435277,-521.528,80.5206
106.385,72.9482,18.56925,-522.467,80.8185
106.398,72.9257,19.70325,-523.406,81.1164
106.411,72.9365,15.7626,-524.322,81.4117
106.424,72.947,11.82195,-525.238,81.7071
106.438,72.9573,7.8813,-526.155,82.0025
106.451,72.9673,3.94065,-527.071,82.2979
106.464,72.977,0,-527.987,82.5933
106.479,72.9646,0,-529.025,82.9426
106.494,72.9509,0,-530.062,83.2919
106.507,72.9569,0,-530.929,83.5989
106.519,72.9619,0,-531.795,83.9059
106.532,72.9658,0,-532.662,84.2128
106.544,72.9686,0,-533.529,84.5198
106.557,72.9704,0,-534.395,84.8268
106.572,72.9453,0,-535.424,85.2004
106.587,72.9169,0,-536.453,85.574
106.6,72.8976,0,-537.357,85.9027
106.613,72.8781,0,-538.262,86.2314
106.627,72.8586,0,-539.166,86.5601
106.64,72.839,0,-540.07,86.8888
106.653,72.8193,0,-540.975,87.2176
106.667,72.8991,0,-541.934,87.5664
106.681,72.9769,0,-542.893,87.9153
106.695,73.0528,0,-543.853,88.2642
106.708,73.0625,0.0945,-544.745,88.5897
106.721,73.0714,0.189,-545.637,88.9153
106.734,73.0796,0.2835,-546.529,89.2408
106.747,73.086,0.8150625,-547.456,89.5805
106.761,73.0922,1.346625,-548.382,89.9202
106.775,73.0983,1.8781875,-549.309,90.2598
106.788,73.1042,2.40975,-550.235,90.5995
106.806,73.1246,4.67775,-551.47,91.0532
106.818,73.1251,5.05575,-552.293,91.3581
106.83,73.1256,5.43375,-553.116,91.6631
106.842,73.126,5.81175,-553.938,91.9681
106.854,73.1265,6.18975,-554.761,92.273
106.866,73.127,6.56775,-555.584,92.578
106.878,73.1275,6.94575,-556.407,92.883
106.897,73.1445,8.07975,-557.741,93.3859
106.917,73.1613,9.21375,-559.075,93.8889
106.93,73.1655,9.639,-559.936,94.2178
106.942,73.1697,10.06425,-560.797,94.5467
106.955,73.1739,10.4895,-561.658,94.8756
106.967,73.1781,10.91475,-562.519,95.2045
106.98,73.1822,11.34,-563.38,95.5334
106.995,73.1878,12.04875,-564.404,95.93
107.01,73.1933,12.7575,-565.427,96.3265
107.025,73.1987,13.46625,-566.451,96.7231
107.039,73.2041,14.22225,-567.404,97.0982
107.053,73.2094,14.97825,-568.358,97.4733
107.067,73.2146,15.734277,-569.311,97.8484
107.078,73.214,16.301277,-570.076,98.1542
107.09,73.2134,16.868277,-570.841,98.4599
107.101,73.2128,17.435277,-571.605,98.7657
107.112,73.2121,18.002277,-572.37,99.0714
107.127,73.2287,20.1285,-573.387,99.4847
107.142,73.224,20.5821,-574.4,99.9107
107.157,73.2193,21.0357,-575.412,100.3367
107.172,73.2145,21.4893,-576.424,100.7627
107.187,73.2098,21.9429,-577.436,101.1887
107.202,73.205,22.3965,-578.448,101.6147
107.217,73.2038,23.459625,-579.453,102.0572
107.232,73.2026,24.522723,-580.458,102.4997
107.244,73.1887,24.900723,-581.255,102.8669
107.256,73.1749,25.278723,-582.053,103.2341
107.268,73.161,25.656723,-582.851,103.6014
107.28,73.1471,26.034723,-583.648,103.9686
107.292,73.1332,26.412723,-584.446,104.3358
107.304,73.1194,26.790723,-585.243,104.7031
107.32,73.123,27.54675,-586.295,105.215
107.336,73.1248,28.30275,-587.347,105.7269
107.352,73.1248,29.05875,-588.398,106.2388
107.367,73.1318,29.7675,-589.379,106.7298
107.382,73.1379,30.47625,-590.36,107.2207
107.397,73.143,31.185,-591.341,107.7116
107.41,73.1423,31.71663,-592.171,108.1358
107.423,73.1412,32.24799,-593.001,108.56
107.435,73.1398,32.77962,-593.831,108.9842
107.448,73.1379,33.31125,-594.662,109.4084
107.463,73.132,34.06725,-595.633,109.9182
107.478,73.1257,34.82325,-596.604,110.428
107.493,73.119,35.57925,-597.575,110.9378
107.501,73.0847,36.64224,-598.059,111.197
107.508,73.0475,37.7055,-598.542,111.4562
107.525,73.0165,38.2725,-599.594,112.0444
107.541,72.9848,38.8395,-600.646,112.6326
107.557,72.9527,39.4065,-601.697,113.2208
107.574,72.9199,39.9735,-602.749,113.809
107.585,72.9102,40.7295,-603.438,114.2204
107.596,72.896,41.4855,-604.127,114.6318
107.607,72.8775,42.2415,-604.815,115.0432
107.621,72.8525,36.7416,-605.669,115.5742
107.635,72.8269,31.2417,-606.523,116.1052
107.648,72.8009,25.741692,-607.377,116.6362
107.662,72.7743,20.241792,-608.231,117.1673
107.676,72.7472,14.741892,-609.085,117.6983
107.692,72.7187,9.827919,-610.066,118.3245
107.708,72.6857,4.913973,-611.048,118.9507
107.724,72.6482,0,-612.03,119.5769
107.737,72.644,0,-612.822,120.0946
107.75,72.6371,0,-613.614,120.6124
107.763,72.6276,0,-614.406,121.1301
107.777,72.6134,0,-615.22,121.6799
107.79,72.5991,0,-616.034,122.2298
107.803,72.5848,0,-616.849,122.7796
107.817,72.5704,0,-617.663,123.3295
107.835,72.4743,0,-618.736,124.0783
107.849,72.4822,0,-619.543,124.6714
107.863,72.4888,0,-620.351,125.2645
107.876,72.4943,0,-621.158,125.8577
107.89,72.4985,0,-621.965,126.4508
107.904,72.5015,0,-622.772,127.0439
107.916,72.5162,0,-623.462,127.5749
107.928,72.5278,0,-624.152,128.1059
107.94,72.5363,0,-624.842,128.6369
107.953,72.5437,0,-625.593,129.2309
107.966,72.5509,0,-626.344,129.8249
107.98,72.5577,0,-627.095,130.4188
107.993,72.5642,0,-627.846,131.0128
108.006,72.5704,0,-628.597,131.6068
108.022,72.5913,0,-629.529,132.359
108.039,72.6107,0,-630.461,133.1112
108.052,72.6166,0,-631.203,133.7174
108.065,72.6224,0,-631.946,134.3236
108.079,72.6281,0,-632.688,134.9298
108.092,72.6336,0,-633.431,135.536
108.105,72.6391,0,-634.173,136.1422
108.122,72.657,0,-635.1,136.9027
108.138,72.6747,0,-636.026,137.6632
108.153,72.6771,0,-636.866,138.3578
108.168,72.6794,0,-637.706,139.0524
108.183,72.6817,0,-638.547,139.747
108.198,72.684,0,-639.387,140.4416
108.21,72.6928,0,-640.057,141.0001
108.222,72.7015,0,-640.727,141.5585
108.234,72.7103,0,-641.398,142.117
108.247,72.717,0.04725,-642.122,142.7244
108.26,72.7236,0.0945,-642.846,143.3319
108.273,72.7302,0.14175,-643.57,143.9393
108.288,72.7358,0.6733125,-644.403,144.644
108.303,72.7413,1.204875,-645.236,145.3487
108.318,72.7468,1.7364375,-646.069,146.0534
108.333,72.7524,2.268,-646.901,146.7581
108.344,72.7562,2.835,-647.524,147.289
108.355,72.7601,3.402,-648.147,147.8198
108.367,72.7639,3.969,-648.77,148.3506
108.378,72.7678,4.536,-649.393,148.8814
108.396,72.7777,5.292,-650.388,149.7336
108.414,72.7875,6.048,-651.383,150.5858
108.432,72.7973,6.804,-652.378,151.438
108.443,72.8027,7.51275,-652.984,151.9616
108.454,72.8081,8.2215,-653.589,152.4852
108.465,72.8134,8.93025,-654.195,153.0088
108.48,72.8161,9.49725,-655.017,153.7275
108.495,72.8188,10.06425,-655.84,154.4461
108.51,72.8214,10.63125,-656.662,155.1647
108.525,72.824,11.19825,-657.484,155.8833
108.537,72.8314,11.907,-658.138,156.463
108.549,72.8387,12.61575,-658.791,157.0428
108.561,72.8459,13.3245,-659.445,157.6225
108.574,72.8488,13.8915,-660.134,158.2445
108.587,72.8516,14.4585,-660.823,158.8666
108.599,72.8544,15.0255,-661.512,159.4886
108.612,72.8572,15.592527,-662.201,160.1106
108.627,72.8516,16.301277,-663.006,160.8491
108.642,72.8458,17.010027,-663.811,161.5875
108.657,72.8398,17.718777,-664.616,162.326
108.671,72.8438,18.321201,-665.372,163.037
108.686,72.8474,18.923625,-666.127,163.7481
108.7,72.8505,19.526076,-666.883,164.4591
108.714,72.8531,20.1285,-667.639,165.1702
108.729,72.8607,22.25475,-668.426,165.9267
108.742,72.8561,22.63275,-669.129,166.6141
108.756,72.8514,23.01075,-669.832,167.30145
108.77,72.8467,23.38875,-670.535,167.98881
108.783,72.8418,23.76675,-671.238,168.67618
108.796,72.8369,24.14475,-671.94,169.36355
108.81,72.8319,24.522723,-672.643,170.05091
108.828,72.8123,25.585848,-673.569,170.97897
108.846,72.7917,26.648973,-674.494,171.90704
108.857,72.7796,27.1026,-675.067,172.50644
108.869,72.7671,27.5562,-675.64,173.10585
108.88,72.7545,28.0098,-676.214,173.70526
108.892,72.7415,28.4634,-676.787,174.30466
108.903,72.7283,28.917,-677.36,174.90407
108.923,72.7205,30.051,-678.32,175.9472
108.942,72.706,31.185,-679.28,176.9903248
108.954,72.688,23.388723,-679.867,177.635457
108.966,72.6697,15.592473,-680.453,178.28059
108.978,72.651,7.79625,-681.04,178.92572
108.99,72.6322,0,-681.626,179.57085
109.003,72.6465,0,-682.259,180.27222
109.016,72.6586,0,-682.891,180.97358
109.029,72.6686,0,-683.524,181.67494
109.042,72.655,0,-684.171,182.41205
109.056,72.6397,0,-684.819,183.14916
109.07,72.6225,0,-685.466,183.88628
109.083,72.6037,0,-686.114,184.62339
109.096,72.577,0,-686.744,185.37433
109.11,72.5377,0,-687.374,186.12528
109.124,72.5298,0.19845,-688.026,186.94035
109.139,72.52,0.3969,-688.679,187.7554
109.153,72.5084,0.59535,-689.332,188.5705
109.168,72.4951,0.7938,-689.985,189.3856
109.182,72.4799,0.99225,-690.637,190.2006
109.198,72.4271,1.74825,-691.359,191.107
109.214,72.3718,2.50425,-692.082,192.0134
109.23,72.314,3.26025,-692.804,192.9198
109.244,72.2632,4.01625,-693.433,193.7127
109.258,72.2095,4.77225,-694.062,194.5055
109.272,72.1529,5.52825,-694.691,195.2983
109.284,72.1976,6.059799,-695.228,195.9782
109.296,72.2308,6.591375,-695.765,196.6582
109.308,72.2526,7.122924,-696.302,197.3381
109.32,72.263,7.6545,-696.84,198.018
109.336,72.1891,8.4105,-697.553,198.9253
109.352,72.1107,9.1665,-698.267,199.8327
109.368,72.0275,9.9225,-698.981,200.7401
109.38,71.9631,10.985625,-699.511,201.4218
109.392,71.8788,12.04875,-700.041,202.1035
109.406,71.8488,12.50235,-700.646,202.8879
109.42,71.8184,12.95595,-701.252,203.6723
109.433,71.7878,13.40955,-701.857,204.4567
109.447,71.7567,13.86315,-702.463,205.2411
109.461,71.7254,14.31675,-703.068,206.0254
109.476,71.602,15.7815,-703.72,206.8792
109.491,71.4683,17.24625,-704.373,207.7331
109.506,71.3242,18.711,-705.025,208.5869
109.521,71.291,19.089,-705.654,209.4521
109.536,71.2571,19.467,-706.283,210.3173
109.551,71.2226,19.845,-706.913,211.1825
109.566,71.1875,20.223,-707.542,212.0478
109.581,71.1517,20.601,-708.171,212.913
109.596,71.1154,20.979,-708.8,213.7782
109.608,71.0642,21.68775,-709.279,214.4833
109.62,71.0083,22.3965,-709.758,215.1884
109.632,70.9476,23.10525,-710.236,215.8934
109.648,70.9197,23.67225,-710.885,216.8667
109.665,70.8906,24.23925,-711.534,217.8399
109.682,70.8603,24.806223,-712.182,218.8131
109.698,70.8289,25.373223,-712.831,219.7863
109.709,70.8138,25.940223,-713.268,220.4521
109.72,70.7961,26.507223,-713.705,221.1178
109.732,70.7757,27.07425,-714.143,221.7836
109.743,70.7525,27.64125,-714.58,222.4494
109.759,70.7308,28.35,-715.191,223.4029
109.775,70.7074,29.05875,-715.803,224.3565
109.791,70.6824,29.7675,-716.414,225.3101
109.809,70.5971,30.9015,-717.079,226.3957
109.827,70.5105,32.0355,-717.744,227.4814
109.84,70.4951,32.56713,-718.217,228.308
109.854,70.4794,33.09849,-718.691,229.1346
109.868,70.4633,33.63012,-719.164,229.9613
109.881,70.447,34.16175,-719.638,230.7879
109.895,70.3859,35.29575,-720.097,231.6214
109.908,70.3249,36.42975,-720.557,232.455
109.924,70.3162,36.99675,-721.072,233.4368
109.939,70.3072,37.56375,-721.588,234.4187
109.955,70.2981,38.13075,-722.103,235.4005
109.971,70.2889,38.69775,-722.618,236.3824
109.981,70.2892,32.27175,-722.932,237.012
109.991,70.2885,25.845669,-723.246,237.6416
110.001,70.2868,19.419669,-723.56,238.2713
110.018,70.2767,14.564745,-724.066,239.3155
110.034,70.2665,9.709821,-724.571,240.3597
110.05,70.2562,4.854924,-725.077,241.4039
110.067,70.2459,0,-725.583,242.4481
110.082,70.2747,0,-726.032,243.4016
110.097,70.3023,0,-726.482,244.3552
110.112,70.3078,0,-726.917,245.3161
110.127,70.3128,0,-727.352,246.277
110.142,70.3173,0,-727.787,247.2378
110.157,70.3214,0,-728.221,248.1987
110.171,70.3284,0,-728.594,249.0718
110.184,70.3344,0,-728.967,249.9449
110.197,70.3396,0,-729.34,250.818
110.211,70.3438,0,-729.713,251.6911
110.225,70.3595,0,-730.085,252.603
110.239,70.3744,0,-730.456,253.5149
110.253,70.3885,0,-730.828,254.4268
110.266,70.3994,-0.2480625,-731.159,255.2613
110.279,70.4101,-0.496125,-731.489,256.0958
110.291,70.4207,-0.7441875,-731.819,256.9304
110.304,70.4313,-0.99225,-732.15,257.7649
110.322,70.4323,0,-732.614,258.9447
110.336,70.4463,0,-732.969,259.8494
110.35,70.4604,0,-733.325,260.7541
110.363,70.4744,0,-733.681,261.6588
110.377,70.4883,0,-734.037,262.5635
110.391,70.5023,0,-734.393,263.4682
110.405,70.508,0.61425,-734.752,264.3873
110.419,70.5125,1.2285,-735.111,265.3065
110.433,70.5159,1.84275,-735.47,266.2257
110.448,70.5191,2.40975,-735.848,267.214
110.463,70.5221,2.97675,-736.225,268.2022
110.478,70.5247,3.54375,-736.602,269.1905
110.493,70.5271,4.11075,-736.979,270.1787
110.508,70.5405,5.173875,-737.35,271.1695
110.523,70.5517,6.237,-737.721,272.1603
110.537,70.5553,6.71895,-738.059,273.0734
110.551,70.5589,7.2009,-738.397,273.9866
110.564,70.5625,7.68285,-738.735,274.8998
110.578,70.5661,8.1648,-739.073,275.813
110.592,70.5697,8.64675,-739.41,276.7262
110.608,70.5831,9.3555,-739.797,277.788
110.624,70.5961,10.06425,-740.183,278.849
110.64,70.6086,10.773,-740.569,279.911
110.654,70.6197,11.529,-740.9,280.842
110.668,70.6305,12.285,-741.231,281.774
110.682,70.6409,13.041,-741.562,282.705
110.695,70.6448,13.572576,-741.855,283.557
110.708,70.6485,14.104125,-742.148,284.409
110.72,70.6522,14.635701,-742.441,285.26
110.733,70.6557,15.16725,-742.734,286.112
110.748,70.6546,15.923277,-743.067,287.118
110.763,70.6534,16.679277,-743.4,288.124
110.778,70.6521,17.435277,-743.733,289.13
110.793,70.6825,19.5615,-744.057,290.139
110.807,70.6793,20.0151,-744.348,291.07
110.821,70.676,20.4687,-744.639,292.001
110.834,70.6727,20.9223,-744.93,292.932
110.848,70.6693,21.3759,-745.221,293.863
110.862,70.6659,21.8295,-745.512,294.794
110.88,70.6887,22.9635,-745.888,296.009
110.898,70.7116,24.0975,-746.265,297.224
110.911,70.7115,24.522723,-746.534,298.117
110.924,70.7113,24.947973,-746.803,299.011
110.938,70.7108,25.373223,-747.072,299.905
110.951,70.7101,25.798473,-747.341,300.799
110.964,70.7092,26.223723,-747.61,301.692
110.979,70.6951,17.482473,-747.891,302.715
110.994,70.681,8.74125,-748.173,303.737
111.009,70.6667,0,-748.454,304.759
111.022,70.6671,0,-748.682,305.649
111.035,70.6659,0,-748.91,306.539
111.048,70.6631,0,-749.138,307.429
111.063,70.6768,0,-749.396,308.457
111.078,70.6905,0,-749.653,309.486
111.093,70.7041,0,-749.91,310.514
111.11,70.7142,0,-750.197,311.682
111.127,70.724,0,-750.484,312.849
111.144,70.7334,0,-750.771,314.017
111.158,70.7443,0,-751.005,314.997
111.173,70.7547,0,-751.239,315.978
111.187,70.7647,0,-751.472,316.959
111.201,70.7742,0,-751.706,317.939
111.213,70.779,0,-751.893,318.768
111.225,70.7838,0,-752.08,319.597
111.237,70.7884,0,-752.267,320.425
111.249,70.7929,0,-752.454,321.254
111.263,70.799,0.42525,-752.662,322.223
111.277,70.8049,0.8505,-752.869,323.192
111.291,70.8106,1.27575,-753.077,324.161
111.308,70.8102,2.03175,-753.319,325.34
111.325,70.8078,2.78775,-753.561,326.519
111.342,70.8036,3.54375,-753.803,327.698
111.353,70.8113,4.29975,-753.958,328.461
111.364,70.819,5.05575,-754.113,329.224
111.375,70.8267,5.81175,-754.268,329.987
111.39,70.8344,6.343299,-754.477,331.029
111.405,70.8416,6.874875,-754.686,332.071
111.42,70.8482,7.406424,-754.894,333.112
111.435,70.8542,7.938,-755.103,334.154
111.453,70.867,9.072,-755.345,335.406
111.471,70.8767,10.206,-755.587,336.658
111.485,70.8832,10.737576,-755.77,337.651
111.499,70.8892,11.269125,-755.953,338.644
111.514,70.8947,11.800701,-756.136,339.637
111.528,70.8998,12.33225,-756.319,340.63
111.54,70.9035,13.08825,-756.466,341.467
111.552,70.9062,13.84425,-756.612,342.305
111.564,70.9081,14.60025,-756.759,343.143
111.58,70.9083,15.16725,-756.944,344.243
111.596,70.9084,15.734277,-757.128,345.344
111.611,70.9084,16.301277,-757.313,346.445
111.627,70.9083,16.868277,-757.498,347.546
111.642,70.9161,17.931402,-757.666,348.596
111.657,70.9228,18.9945,-757.834,349.646
111.669,70.9258,19.7505,-757.961,350.487
111.681,70.9287,20.5065,-758.089,351.328
111.693,70.9314,21.2625,-758.216,352.169
111.706,70.9302,21.7161,-758.342,353.097
111.719,70.9289,22.1697,-758.469,354.024
111.733,70.9276,22.6233,-758.595,354.952
111.746,70.9263,23.0769,-758.721,355.879
111.759,70.925,23.5305,-758.848,356.806
111.774,70.9161,24.593598,-758.974,357.863
111.789,70.9072,25.656723,-759.1,358.919
111.805,70.9026,19.242549,-759.213,360.029
111.82,70.8979,12.828375,-759.326,361.14
111.836,70.8929,6.414174,-759.439,362.251
111.852,70.8878,0,-759.551,363.362
111.867,70.8964,0,-759.639,364.421
111.882,70.9044,0,-759.727,365.481
111.896,70.9099,0,-759.796,366.499
111.911,70.9151,0,-759.865,367.518
111.925,70.92,0,-759.934,368.536
111.94,70.9246,0,-760.003,369.554
111.954,70.9289,0,-760.072,370.573
111.965,70.9301,0.567,-760.118,371.352
111.976,70.9309,1.134,-760.165,372.13
111.987,70.9313,1.701,-760.211,372.909
112.003,70.928,2.268,-760.276,374.024
112.019,70.9246,2.835,-760.342,375.138
112.034,70.921,3.402,-760.407,376.253
112.05,70.9173,3.969,-760.473,377.368
112.064,70.9433,4.725,-760.529,378.36
112.078,70.9686,5.481,-760.585,379.352
112.092,70.9932,6.237,-760.641,380.344
112.11,71.0053,7.300125,-760.707,381.62
112.128,71.0174,8.36325,-760.774,382.896
112.141,71.0197,8.81685,-760.814,383.79
112.153,71.0221,9.27045,-760.853,384.684
112.166,71.0244,9.72405,-760.893,385.577
112.178,71.0266,10.17765,-760.932,386.471
112.191,71.0289,10.63125,-760.972,387.365
112.206,71.0328,11.34,-761.005,388.429
112.221,71.0368,12.04875,-761.037,389.494
112.236,71.0406,12.7575,-761.07,390.558
112.248,71.0448,13.46625,-761.088,391.41
112.26,71.0486,14.175,-761.106,392.261
112.272,71.0522,14.88375,-761.124,393.113
112.29,71.0539,15.639777,-761.141,394.391
112.308,71.0554,16.395777,-761.157,395.669
112.326,71.0567,17.151777,-761.173,396.947
112.337,71.0592,17.860527,-761.178,397.728
112.348,71.0615,18.56925,-761.182,398.509
112.359,71.0638,19.278,-761.187,399.29
112.374,71.0602,19.845,-761.183,400.356
112.389,71.0564,20.412,-761.178,401.421
112.404,71.0523,20.979,-761.174,402.487
112.419,71.048,21.546,-761.17,403.552
112.434,71.0168,22.68,-761.149,404.617
112.449,70.9839,23.814,-761.128,405.682
112.464,70.9765,24.345549,-761.084,406.745
112.479,70.9688,24.877098,-761.04,407.808
112.494,70.9608,25.408674,-760.995,408.871
112.509,70.9525,25.940223,-760.951,409.935
112.521,70.931,26.696223,-760.9,410.784
112.533,70.908,27.45225,-760.849,411.633
112.545,70.8836,28.20825,-760.798,412.483
112.563,70.4663,28.917,-760.707,413.748
112.581,70.0397,29.62575,-760.615,415.013
112.599,69.6037,30.3345,-760.524,416.278
112.61,69.6273,31.0905,-760.449,417.04
112.621,69.6456,31.8465,-760.373,417.803
112.632,69.6584,32.6025,-760.297,418.565
112.649,69.6669,31.78737,-760.174,419.761
112.667,69.6732,30.97224,-760.051,420.957
112.684,69.6774,30.15738,-759.927,422.153
112.701,69.6794,29.34225,-759.804,423.349
112.711,69.6733,19.561446,-759.72,424.111
112.721,69.6613,9.780723,-759.636,424.872
112.731,69.6433,0,-759.552,425.634
112.746,69.6481,0,-759.439,426.603
112.761,69.65,0,-759.325,427.571
112.776,69.6489,0,-759.212,428.539
112.792,69.6525,0,-759.07,429.627
112.807,69.6559,0,-758.928,430.715
112.823,69.6589,0,-758.786,431.803
112.839,69.6616,0,-758.644,432.891
112.853,69.6693,0,-758.501,433.855
112.867,69.6749,0,-758.357,434.82
112.881,69.6784,0,-758.213,435.785
112.894,69.6738,0.2835,-758.061,436.749
112.907,69.668,0.567,-757.908,437.712
112.92,69.661,0.8505,-757.756,438.676
112.936,69.6699,1.4175,-757.589,439.707
112.951,69.678,1.9845,-757.422,440.739
112.967,69.6852,2.5515,-757.255,441.771
112.983,69.6916,3.1185,-757.089,442.802
112.998,69.673,3.82725,-756.916,443.833
113.013,69.654,4.536,-756.743,444.863
113.028,69.6346,5.24475,-756.57,445.894
113.043,69.6148,5.9535,-756.397,446.924
113.058,69.5945,6.66225,-756.223,447.955
113.076,69.4813,8.93025,-755.998,449.187
113.09,69.4593,9.3555,-755.791,450.208
113.105,69.4369,9.78075,-755.583,451.23
113.119,69.4143,10.206,-755.376,452.251
113.134,69.3912,10.63125,-755.169,453.272
113.148,69.3679,11.0565,-754.961,454.293
113.16,69.2566,12.1905,-754.807,455.005
113.172,69.1414,13.3245,-754.653,455.716
113.187,69.151,13.7781,-754.423,456.728
113.202,69.1603,14.2317,-754.194,457.74
113.217,69.1693,14.6853,-753.965,458.752
113.232,69.178,15.1389,-753.736,459.763
113.247,69.1864,15.592527,-753.506,460.775
113.263,69.1997,16.301277,-753.252,461.853
113.279,69.2125,17.010027,-752.998,462.931
113.295,69.2248,17.718777,-752.745,464.009
113.308,69.2343,18.4275,-752.531,464.883
113.321,69.2427,19.13625,-752.317,465.758
113.334,69.2501,19.845,-752.104,466.632
113.35,69.2575,20.601,-751.83,467.706
113.366,69.2643,21.357,-751.556,468.779
113.382,69.2706,22.113,-751.282,469.853
113.397,69.2679,22.869,-751.016,470.858
113.412,69.2649,23.625,-750.75,471.862
113.427,69.2617,24.380973,-750.483,472.867
113.44,69.2633,24.912549,-750.246,473.717
113.452,69.2643,25.444098,-750.01,474.568
113.465,69.2646,25.975674,-749.773,475.419
113.478,69.2642,26.507223,-749.536,476.27
113.494,69.2524,27.64125,-749.212,477.366
113.511,69.2399,28.77525,-748.888,478.462
113.529,69.2272,29.90925,-748.515,479.652
113.547,69.2139,31.04325,-748.143,480.841
113.562,69.2161,26.620596,-747.81,481.825
113.577,69.2183,22.197996,-747.477,482.808
113.592,69.2205,17.775396,-747.145,483.792
113.607,69.2227,13.352796,-746.812,484.776
113.622,69.2249,8.930196,-746.479,485.76
113.633,69.2209,5.953473,-746.224,486.477
113.644,69.2169,2.976723,-745.969,487.195
113.655,69.2128,0,-745.714,487.912
113.67,69.2305,0,-745.353,488.886
113.685,69.2477,0,-744.991,489.86
113.7,69.2642,0,-744.629,490.833
113.715,69.2802,0,-744.267,491.807
113.73,69.3029,0,-743.895,492.777
113.745,69.3228,0,-743.522,493.747
113.759,69.3348,0,-743.163,494.667
113.773,69.3465,0,-742.803,495.586
113.788,69.3579,0,-742.444,496.506
113.802,69.369,0,-742.084,497.426
113.816,69.3828,0,-741.722,498.327
113.83,69.3964,0,-741.36,499.228
113.844,69.4099,0,-740.998,500.129
113.861,69.4242,0,-740.564,501.189
113.877,69.4383,0,-740.13,502.249
113.892,69.4477,0,-739.728,503.21
113.907,69.457,0,-739.327,504.171
113.922,69.4663,0,-738.925,505.132
113.937,69.4756,0,-738.523,506.093
113.952,69.499,0,-738.076,507.148
113.967,69.5223,0,-737.628,508.204
113.983,69.5248,0,-737.219,509.163
113.999,69.5273,0,-736.81,510.122
114.014,69.5298,0,-736.4,511.081
114.03,69.5324,0,-735.991,512.04
114.041,69.5512,0.51975,-735.689,512.743
114.052,69.57,1.0395,-735.386,513.446
114.063,69.5885,1.55925,-735.084,514.149
114.079,69.5935,2.12625,-734.646,515.153
114.094,69.5986,2.69325,-734.208,516.158
114.11,69.6036,3.26025,-733.769,517.163
114.126,69.6086,3.82725,-733.331,518.167
114.141,69.6244,4.96125,-732.865,519.217
114.156,69.6402,6.09525,-732.399,520.267
114.169,69.6469,6.5205,-732.038,521.067
114.182,69.6536,6.94575,-731.676,521.867
114.196,69.6603,7.371,-731.315,522.666
114.209,69.6669,7.79625,-730.953,523.466
114.222,69.6735,8.2215,-730.591,524.265
114.24,69.6861,9.3555,-730.068,525.405
114.258,69.6986,10.4895,-729.544,526.544
114.271,69.7162,11.95425,-729.161,527.365
114.284,69.7336,13.419,-728.779,528.187
114.297,69.7508,14.88375,-728.396,529.008
114.312,69.7549,15.20775,-727.959,529.925
114.326,69.7589,15.531777,-727.521,530.842
114.341,69.7629,15.855777,-727.084,531.759
114.355,69.7668,16.179777,-726.646,532.677
114.37,69.7708,16.503777,-726.209,533.594
114.384,69.7747,16.827777,-725.771,534.511
114.399,69.7785,17.151777,-725.334,535.428
114.415,69.7779,17.907777,-724.835,536.427
114.431,69.7773,18.66375,-724.337,537.426
114.447,69.7767,19.41975,-723.838,538.424
114.465,69.7943,21.546,-723.265,539.542
114.479,69.7974,21.924,-722.804,540.403
114.493,69.8004,22.302,-722.343,541.265
114.507,69.8034,22.68,-721.882,542.126
114.521,69.8063,23.058,-721.421,542.987
114.535,69.8092,23.436,-720.96,543.849
114.549,69.8119,23.814,-720.499,544.71
114.564,69.7954,24.877098,-719.992,545.626
114.579,69.7785,25.940223,-719.484,546.542
114.593,69.787,26.393823,-719.009,547.38
114.607,69.795,26.847423,-718.534,548.218
114.62,69.8026,27.30105,-718.058,549.056
114.634,69.8099,27.75465,-717.583,549.894
114.648,69.8167,28.20825,-717.108,550.731
114.663,69.808,28.917,-716.572,551.631
114.678,69.7993,29.62575,-716.036,552.531
114.693,69.7904,30.3345,-715.5,553.43
114.706,69.7916,31.04325,-715.022,554.201
114.719,69.7924,31.752,-714.543,554.973
114.732,69.7927,32.46075,-714.064,555.744
114.748,69.7906,28.728,-713.46,556.683
114.764,69.7884,24.995196,-712.856,557.622
114.78,69.786,21.262446,-712.252,558.561
114.793,69.7857,15.946821,-711.76,559.302
114.805,69.7852,10.631223,-711.267,560.043
114.818,69.7848,5.315598,-710.774,560.784
114.831,69.7843,0,-710.281,561.525
114.847,69.7984,0,-709.653,562.449
114.863,69.8125,0,-709.025,563.372
114.879,69.8263,0,-708.397,564.296
114.894,69.84,0,-707.797,565.155
114.909,69.8532,0,-707.198,566.015
114.924,69.8661,0,-706.599,566.874
114.941,69.8766,0,-705.907,567.839
114.958,69.8866,0,-705.215,568.805
114.975,69.896,0,-704.523,569.77
114.986,69.9119,0,-704.068,570.39
114.997,69.9274,0,-703.613,571.009
115.008,69.9424,0,-703.158,571.629
115.029,69.9749,0,-702.281,572.807
115.042,69.9803,0,-701.733,573.533
115.055,69.9857,0,-701.185,574.259
115.068,69.9911,0,-700.637,574.985
115.081,69.9965,0,-700.089,575.711
115.094,70.0018,0,-699.54,576.437
115.107,70.0071,0,-698.992,577.163
115.123,70.0205,0.14175,-698.314,578.055
115.139,70.0339,0.2835,-697.636,578.947
115.155,70.0473,0.42525,-696.958,579.839
115.169,70.0621,1.18125,-696.363,580.618
115.183,70.0766,1.93725,-695.768,581.398
115.197,70.0909,2.69325,-695.172,582.177
115.21,70.094,3.224799,-694.594,582.927
115.224,70.0969,3.756375,-694.016,583.676
115.238,70.0998,4.287924,-693.438,584.425
115.251,70.1025,4.8195,-692.86,585.174
115.269,70.1331,7.0875,-692.085,586.17
115.285,70.1392,7.51275,-691.406,587.028
115.3,70.1452,7.938,-690.727,587.886
115.316,70.1511,8.36325,-690.049,588.744
115.331,70.1571,8.7885,-689.37,589.602
115.347,70.1629,9.21375,-688.691,590.46
115.358,70.1684,9.96975,-688.205,591.06
115.369,70.1738,10.72575,-687.72,591.66
115.38,70.1792,11.48175,-687.234,592.259
115.396,70.1887,12.04875,-686.528,593.111
115.411,70.1982,12.61575,-685.823,593.962
115.427,70.2076,13.18275,-685.118,594.813
115.443,70.217,13.74975,-684.413,595.664
115.455,70.2249,14.812875,-683.87,596.308
115.467,70.2326,15.876027,-683.328,596.953
115.482,70.2424,16.584777,-682.646,597.756
115.497,70.2521,17.293527,-681.965,598.56
115.512,70.2618,18.002277,-681.283,599.363
115.529,70.2666,18.56925,-680.527,600.241
115.545,70.2712,19.13625,-679.77,601.12
115.562,70.2757,19.70325,-679.014,601.998
115.578,70.2799,20.27025,-678.258,602.877
115.589,70.2759,20.979,-677.746,603.456
115.6,70.2719,21.68775,-677.234,604.036
115.611,70.2679,22.3965,-676.723,604.616
115.626,70.2712,22.9635,-676.011,605.393
115.641,70.2745,23.5305,-675.299,606.171
115.656,70.2778,24.0975,-674.587,606.948
115.671,70.2811,24.664473,-673.876,607.726
115.69,70.2885,25.798473,-672.931,608.719
115.71,70.2953,26.932473,-671.987,609.712
115.723,70.2921,27.46413,-671.324,610.391
115.737,70.2887,27.99549,-670.661,611.07
115.751,70.2853,28.52712,-669.998,611.749
115.764,70.2818,29.05875,-669.335,612.428
115.776,70.2923,14.529348,-668.739,613.026
115.788,70.302,0,-668.144,613.623
115.802,70.3028,0,-667.452,614.304
115.816,70.3035,0,-666.761,614.984
115.829,70.3041,0,-666.069,615.664
115.843,70.3046,0,-665.377,616.344
115.857,70.305,0,-664.685,617.025
115.872,70.3157,0,-663.919,617.751
115.887,70.3256,0,-663.154,618.477
115.902,70.3349,0,-662.389,619.203
115.916,70.3454,0,-661.664,619.869
115.93,70.355,0,-660.939,620.536
115.944,70.3636,0,-660.215,621.203
115.958,70.3721,0.2480625,-659.468,621.872
115.973,70.3804,0.496125,-658.721,622.542
115.987,70.3884,0.7441875,-657.975,623.211
116.001,70.3962,0.99225,-657.228,623.881
116.018,70.4047,1.701,-656.331,624.673
116.035,70.4131,2.40975,-655.434,625.466
116.052,70.4213,3.1185,-654.538,626.259
116.061,70.4367,4.2525,-654.062,626.678
116.07,70.4519,5.3865,-653.587,627.098
116.087,70.4612,5.9535,-652.714,627.866
116.103,70.4702,6.5205,-651.841,628.634
116.119,70.479,7.0875,-650.969,629.402
116.136,70.4875,7.6545,-650.096,630.17
116.15,70.4965,8.2215,-649.338,630.83
116.165,70.5055,8.7885,-648.58,631.49
116.179,70.5144,9.3555,-647.823,632.149
116.193,70.5233,9.9225,-647.065,632.809
116.206,70.5354,10.584,-646.369,633.406
116.219,70.5472,11.2455,-645.673,634.003
116.232,70.5588,11.907,-644.977,634.6
116.248,70.5697,12.663,-644.116,635.33
116.264,70.5804,13.419,-643.254,636.06
116.28,70.5909,14.175,-642.393,636.79
116.295,70.5823,16.443027,-641.583,637.472
116.309,70.5885,16.797402,-640.851,638.083
116.322,70.5947,17.151777,-640.119,638.693
116.335,70.6008,17.506152,-639.388,639.304
116.349,70.6068,17.8605,-638.656,639.915
116.363,70.6128,18.214875,-637.924,640.526
116.376,70.6187,18.56925,-637.193,641.137
116.389,70.6244,19.70325,-636.454,641.74
116.403,70.6264,20.83725,-635.716,642.343
116.417,70.6306,21.2625,-634.949,642.945
116.431,70.6346,21.68775,-634.183,643.547
116.444,70.6383,22.113,-633.416,644.149
116.458,70.6418,22.53825,-632.649,644.751
116.472,70.6451,22.9635,-631.883,645.353
116.487,70.6506,25.231473,-631.041,645.996
116.502,70.6367,25.685073,-630.196,646.636
116.517,70.6227,26.138673,-629.351,647.275
116.532,70.6085,26.592273,-628.506,647.914
116.547,70.5941,27.0459,-627.66,648.553
116.562,70.5797,27.4995,-626.815,649.192
116.575,70.5831,28.0665,-626.087,649.721
116.587,70.5817,28.6335,-625.359,650.249
116.6,70.5753,29.2005,-624.63,650.778
116.613,70.5641,29.7675,-623.902,651.307
116.631,70.5632,30.83049,-622.855,652.026
116.649,70.552,31.89375,-621.808,652.745
116.662,70.539,26.365446,-621.059,653.242
116.674,70.5241,20.837196,-620.309,653.739
116.687,70.5074,15.308946,-619.56,654.236
116.7,70.489,9.780696,-618.81,654.734
116.719,70.4879,4.890348,-617.658,655.484
116.739,70.4841,0,-616.506,656.234
116.752,70.505,0,-615.749,656.719
116.764,70.5247,0,-614.992,657.205
116.777,70.5434,0,-614.235,657.69
116.79,70.5609,0,-613.478,658.175
116.803,70.5686,0,-612.669,658.678
116.817,70.5759,0,-611.86,659.181
116.831,70.5827,0,-611.05,659.684
116.844,70.5892,0,-610.241,660.187
116.862,70.603,0.8505,-609.151,660.839
116.88,70.6122,1.701,-608.06,661.491
116.895,70.6255,2.457,-607.144,662.023
116.91,70.6378,3.213,-606.228,662.555
116.925,70.649,3.969,-605.312,663.086
116.937,70.666,5.032125,-604.576,663.506
116.949,70.6827,6.09525,-603.84,663.927
116.964,70.6894,6.54885,-602.917,664.448
116.979,70.696,7.00245,-601.994,664.97
116.994,70.7025,7.45605,-601.072,665.492
117.009,70.709,7.90965,-600.149,666.014
117.024,70.7153,8.36325,-599.226,666.536
117.036,70.7295,9.11925,-598.485,666.949
117.048,70.7421,9.87525,-597.744,667.362
117.06,70.7533,10.63125,-597.002,667.775
117.075,70.7588,11.162826,-596.069,668.281
117.09,70.7638,11.694375,-595.137,668.787
117.105,70.7682,12.225951,-594.204,669.293
117.12,70.7721,12.7575,-593.271,669.799
117.133,70.7788,13.3245,-592.473,670.221
117.146,70.7851,13.8915,-591.675,670.642
117.158,70.7908,14.4585,-590.877,671.064
117.171,70.796,15.0255,-590.079,671.485
117.19,70.8123,16.088652,-588.853,672.121
117.21,70.8282,17.151777,-587.628,672.757
117.222,70.8306,17.683326,-586.871,673.145
117.234,70.8328,18.214875,-586.115,673.534
117.246,70.8349,18.746451,-585.359,673.922
117.258,70.8368,19.278,-584.603,674.31
117.273,70.8748,21.546,-583.655,674.79
117.288,70.8687,21.9996,-582.7,675.257
117.303,70.8626,22.4532,-581.746,675.724
117.318,70.8564,22.9068,-580.791,676.192
117.333,70.8501,23.3604,-579.836,676.659
117.348,70.8436,23.814,-578.882,677.126
117.365,70.8438,11.907,-577.819,677.614
117.381,70.8424,0,-576.757,678.101
117.393,70.8464,0,-575.978,678.442
117.405,70.85,0,-575.199,678.782
117.417,70.8533,0,-574.42,679.123
117.429,70.8562,0,-573.641,679.464
117.441,70.8588,0,-572.862,679.804
117.455,70.8732,0,-571.933,680.201
117.469,70.8875,0,-571.004,680.597
117.484,70.9018,0,-570.075,680.993
117.498,70.9159,0,-569.147,681.39
117.518,70.9298,0,-567.872,681.927
117.537,70.9433,0,-566.598,682.465
117.549,70.9587,0.1063125,-565.813,682.793
117.561,70.9738,0.212625,-565.027,683.121
117.573,70.9888,0.3189375,-564.241,683.449
117.585,71.0035,0.42525,-563.456,683.777
117.6,71.0142,1.18125,-562.47,684.182
117.615,71.0248,1.93725,-561.485,684.586
117.63,71.0354,2.69325,-560.5,684.99
117.647,71.0444,3.402,-559.379,685.44
117.664,71.0534,4.11075,-558.258,685.89
117.681,71.0623,4.8195,-557.137,686.339
117.692,71.0674,5.351049,-556.393,686.631
117.703,71.0726,5.882625,-555.648,686.923
117.715,71.0776,6.414174,-554.904,687.215
117.726,71.0826,6.94575,-554.16,687.507
117.743,71.0964,7.70175,-553.03,687.938
117.76,71.1103,8.45775,-551.901,688.369
117.777,71.1241,9.21375,-550.772,688.801
117.79,71.1342,9.96975,-549.906,689.125
117.803,71.1443,10.72575,-549.04,689.45
117.816,71.1542,11.48175,-548.175,689.775
117.832,71.1614,12.1905,-547.107,690.171
117.848,71.1685,12.89925,-546.04,690.568
117.864,71.1756,13.608,-544.972,690.964
117.875,71.1834,14.175,-544.22,691.238
117.886,71.1911,14.742,-543.467,691.512
117.898,71.1987,15.309027,-542.715,691.785
117.909,71.2061,15.876027,-541.962,692.059
117.926,71.209,16.632027,-540.819,692.458
117.943,71.2118,17.388027,-539.676,692.857
117.96,71.2145,18.144,-538.533,693.256
117.973,71.2226,18.675576,-537.671,693.541
117.986,71.2306,19.207125,-536.809,693.827
117.998,71.2386,19.738701,-535.947,694.112
118.011,71.2464,20.27025,-535.085,694.397
118.029,71.2623,22.53825,-533.864,694.79
118.043,71.2632,22.99185,-532.927,695.087
118.057,71.264,23.44545,-531.99,695.385
118.07,71.2646,23.89905,-531.052,695.682
118.084,71.2652,24.352623,-530.115,695.979
118.098,71.2656,24.806223,-529.178,696.276
118.115,71.2715,23.176098,-528.055,696.624
118.131,71.2765,21.545973,-526.931,696.973
118.145,71.2793,17.236773,-525.989,697.256
118.159,71.282,12.927573,-525.047,697.539
118.172,71.2847,8.6184,-524.105,697.822
118.186,71.2872,4.3092,-523.162,698.106
118.2,71.2897,0,-522.22,698.389
118.211,71.2941,0,-521.466,698.603
118.222,71.2984,0,-520.711,698.818
118.233,71.3025,0,-519.957,699.032
118.247,71.3096,0,-518.975,699.294
118.262,71.3158,0,-517.992,699.555
118.276,71.321,0,-517.01,699.816
118.29,71.3253,0,-516.028,700.077
118.305,71.3373,0.04725,-514.992,700.342
118.32,71.3488,0.0945,-513.955,700.606
118.335,71.36,0.14175,-512.918,700.87
118.349,71.369,0.70875,-511.93,701.111
118.363,71.377,1.27575,-510.942,701.352
118.378,71.3841,1.84275,-509.954,701.593
118.392,71.3903,2.40975,-508.966,701.834
118.407,71.4144,3.472875,-507.924,702.079
118.422,71.4384,4.536,-506.881,702.324
118.436,71.4479,5.103,-505.941,702.539
118.449,71.4568,5.67,-505.001,702.753
118.462,71.465,6.237,-504.06,702.968
118.476,71.4726,6.804,-503.12,703.183
118.49,71.4805,7.51275,-502.143,703.401
118.504,71.4883,8.2215,-501.167,703.618
118.518,71.496,8.93025,-500.19,703.836
118.534,71.5101,9.68625,-499.072,704.08
118.55,71.5241,10.44225,-497.954,704.324
118.566,71.5378,11.19825,-496.837,704.569
118.582,71.5504,11.95425,-495.717,704.808
118.598,71.5629,12.71025,-494.598,705.048
118.614,71.5751,13.46625,-493.479,705.288
118.628,71.5808,13.997826,-492.533,705.485
118.641,71.5864,14.529375,-491.586,705.682
118.654,71.592,15.060951,-490.64,705.879
118.668,71.5975,15.592527,-489.694,706.076
118.681,71.6041,16.159527,-488.798,706.252
118.693,71.6107,16.726527,-487.903,706.428
118.706,71.6171,17.293527,-487.007,706.603
118.719,71.6234,17.860527,-486.111,706.779
118.734,71.6385,20.1285,-485.054,706.974
118.748,71.6404,20.55375,-484.038,707.149
118.763,71.642,20.979,-483.021,707.324
118.777,71.6433,21.40425,-482.004,707.499
118.792,71.6444,21.8295,-480.988,707.674
118.806,71.6452,22.25475,-479.971,707.849
118.82,71.6545,23.01075,-478.981,708.008
118.834,71.6636,23.76675,-477.99,708.168
118.848,71.6725,24.522723,-477,708.327
118.862,71.6693,25.231473,-476.008,708.481
118.876,71.6656,25.940223,-475.017,708.635
118.89,71.6614,26.648973,-474.025,708.788
118.905,71.6624,27.405,-472.961,708.943
118.92,71.6623,28.161,-471.897,709.097
118.935,71.6613,28.917,-470.834,709.251
118.949,71.6578,29.44863,-469.82,709.378
118.964,71.6541,29.97999,-468.807,709.505
118.978,71.6503,30.51162,-467.793,709.632
118.992,71.6463,31.04325,-466.78,709.759
119.007,71.6316,32.17725,-465.712,709.877
119.022,71.616,33.31125,-464.643,709.995
119.033,71.6199,25.798446,-463.842,710.076
119.045,71.6234,18.285696,-463.04,710.157
119.056,71.6268,10.772946,-462.238,710.238
119.067,71.6299,3.260196,-461.436,710.319
119.083,71.628,2.4451416,-460.313,710.419
119.098,71.6259,1.6300953,-459.189,710.518
119.114,71.6235,0.8150463,-458.066,710.618
119.13,71.6207,0,-456.942,710.717
119.143,71.626,0,-455.978,710.789
119.157,71.6306,0,-455.013,710.861
119.17,71.6379,0,-454.112,710.912
119.182,71.6445,0,-453.211,710.963
119.195,71.6507,0,-452.31,711.013
119.207,71.6563,0,-451.409,711.064
119.22,71.6613,0,-450.508,711.115
119.235,71.6839,0,-449.434,711.158
119.25,71.7034,0,-448.361,711.201
119.264,71.7164,0,-447.372,711.23
119.278,71.7293,0,-446.384,711.26
119.291,71.742,0,-445.395,711.29
119.305,71.7546,0,-444.407,711.32
119.319,71.7669,0,-443.418,711.349
119.339,71.7843,0,-442.02,711.385
119.358,71.8011,0,-440.622,711.421
119.372,71.8154,0,-439.6,711.445
119.387,71.8295,0,-438.577,711.469
119.401,71.8437,0,-437.555,711.493
119.415,71.8577,0,-436.533,711.517
119.427,71.872,0,-435.671,711.535
119.439,71.8863,0,-434.81,711.553
119.451,71.9006,0,-433.948,711.571
119.464,71.911,0,-432.978,711.588
119.478,71.9214,0,-432.008,711.605
119.492,71.9318,0,-431.038,711.623
119.505,71.9421,0,-430.067,711.64
119.518,71.9519,0.1771875,-429.096,711.654
119.532,71.9616,0.354375,-428.126,711.669
119.546,71.9713,0.5315625,-427.155,711.683
119.559,71.9811,0.70875,-426.184,711.698
119.577,71.9967,2.97675,-424.888,711.715
119.591,72.0087,3.402,-423.895,711.728
119.605,72.0206,3.82725,-422.901,711.741
119.618,72.0325,4.2525,-421.908,711.754
119.632,72.0443,4.67775,-420.914,711.767
119.646,72.0561,5.103,-419.921,711.78
119.663,72.0774,6.237,-418.732,711.793
119.679,72.0985,7.371,-417.543,711.805
119.693,72.1116,7.938,-416.57,711.813
119.706,72.1247,8.505,-415.597,711.82
119.719,72.1377,9.072,-414.624,711.827
119.733,72.1507,9.639,-413.651,711.834
119.747,72.156,10.170549,-412.623,711.838
119.762,72.1613,10.702125,-411.595,711.841
119.776,72.1664,11.233701,-410.567,711.844
119.79,72.1715,11.76525,-409.539,711.848
119.803,72.1748,12.33225,-408.619,711.847
119.816,72.1781,12.89925,-407.698,711.846
119.828,72.1814,13.46625,-406.778,711.845
119.841,72.1845,14.03325,-405.858,711.845
119.855,72.2019,9.3555,-404.847,711.839
119.869,72.219,4.67775,-403.836,711.833
119.883,72.2359,0,-402.825,711.827
119.896,72.2469,0,-401.904,711.817
119.909,72.258,0,-400.983,711.806
119.921,72.269,0,-400.063,711.795
119.934,72.28,0,-399.142,711.784
119.951,72.2978,0,-397.949,711.762
119.967,72.3153,0,-396.757,711.739
119.982,72.3227,0,-395.673,711.711
119.997,72.33,0,-394.589,711.682
120.012,72.3372,0,-393.504,711.654
120.027,72.3443,0,-392.42,711.625
120.038,72.35,0,-391.607,711.6
120.049,72.3555,0,-390.793,711.576
120.061,72.3608,0,-389.98,711.551
120.072,72.366,0,-389.166,711.526
120.093,72.4047,0,-387.647,711.477
120.107,72.4146,0,-386.649,711.445
120.121,72.4245,0,-385.65,711.412
120.134,72.4344,0,-384.651,711.38
120.148,72.4442,0,-383.653,711.347
120.162,72.4539,0,-382.654,711.315
120.177,72.4665,0.4725,-381.568,711.279
120.192,72.479,0.945,-380.482,711.244
120.207,72.4915,1.4175,-379.395,711.208
120.221,72.5008,1.9845,-378.417,711.176
120.234,72.51,2.5515,-377.439,711.143
120.247,72.5193,3.1185,-376.461,711.11
120.261,72.5286,3.6855,-375.483,711.078
120.272,72.5356,4.217049,-374.667,711.049
120.284,72.5425,4.748625,-373.852,711.02
120.295,72.5494,5.280174,-373.036,710.992
120.306,72.5564,5.81175,-372.221,710.963
120.322,72.5625,6.56775,-371.06,710.92
120.338,72.5685,7.32375,-369.9,710.876
120.354,72.5744,8.07975,-368.74,710.833
120.368,72.5907,8.7885,-367.724,710.793
120.382,72.6069,9.49725,-366.709,710.754
120.396,72.623,10.206,-365.693,710.715
120.408,72.6341,10.773,-364.822,710.679
120.42,72.6451,11.34,-363.952,710.643
120.432,72.656,11.907,-363.081,710.608
120.444,72.6668,12.474,-362.211,710.572
120.458,72.675,13.18275,-361.194,710.527
120.472,72.683,13.8915,-360.178,710.482
120.486,72.6907,14.60025,-359.162,710.436
120.499,72.6952,15.16725,-358.182,710.384
120.513,72.6996,15.734277,-357.202,710.332
120.527,72.704,16.301277,-356.222,710.28
120.54,72.7084,16.868277,-355.242,710.228
120.558,72.7182,18.002277,-353.936,710.147
120.576,72.727,19.13625,-352.63,710.066
120.588,72.728,19.5615,-351.759,710.006
120.6,72.7289,19.98675,-350.888,709.946
120.612,72.7298,20.412,-350.018,709.886
120.624,72.7305,20.83725,-349.147,709.826
120.636,72.7312,21.2625,-348.276,709.765
120.656,72.7425,22.3965,-346.862,709.659
120.675,72.7525,23.5305,-345.448,709.553
120.688,72.7536,20.022174,-344.469,709.471
120.702,72.7542,16.513848,-343.491,709.388
120.715,72.7544,13.005549,-342.512,709.306
120.729,72.7542,9.497223,-341.533,709.223
120.744,72.7515,4.748625,-340.447,709.119
120.759,72.7488,0,-339.36,709.016
120.768,72.7589,0,-338.709,708.949
120.777,72.7682,0,-338.057,708.882
120.79,72.7752,0,-337.081,708.771
120.804,72.782,0,-336.105,708.659
120.818,72.7887,0,-335.129,708.547
120.831,72.7954,0,-334.153,708.435
120.844,72.8019,0,-333.177,708.324
120.858,72.8082,0,-332.201,708.212
120.872,72.8168,0,-331.226,708.09
120.885,72.8252,0,-330.25,707.968
120.898,72.8334,0,-329.275,707.845
120.912,72.8415,0,-328.3,707.723
120.926,72.8535,0,-327.289,707.592
120.94,72.8653,0,-326.278,707.46
120.954,72.8768,0,-325.267,707.328
120.969,72.891,0,-324.183,707.183
120.984,72.905,0,-323.1,707.037
120.999,72.9189,0,-322.017,706.891
121.013,72.9273,0,-320.987,706.749
121.027,72.9357,0,-319.958,706.608
121.042,72.9441,0,-318.929,706.466
121.056,72.9523,0,-317.899,706.324
121.071,72.9704,0,-316.815,706.173
121.086,72.9883,0,-315.731,706.022
121.101,73.0063,0,-314.647,705.871
121.111,73.0135,0,-313.925,705.769
121.121,73.0207,0,-313.202,705.668
121.131,73.0278,0,-312.479,705.566
121.145,73.0373,0,-311.448,705.422
121.16,73.0468,0,-310.418,705.277
121.174,73.0563,0,-309.388,705.133
121.188,73.0658,0,-308.357,704.988
121.201,73.0858,0,-307.38,704.852
121.215,73.1057,0,-306.404,704.715
121.229,73.111,0,-305.361,704.57
121.244,73.1163,0,-304.319,704.424
121.258,73.1216,0,-303.276,704.278
121.273,73.1269,0,-302.234,704.133
121.287,73.1321,0,-301.191,703.987
121.303,73.1475,0,-300.032,703.826
121.319,73.163,0,-298.873,703.664
121.335,73.1784,0,-297.714,703.503
121.349,73.1903,0,-296.699,703.362
121.363,73.2021,0,-295.684,703.222
121.377,73.2139,0,-294.67,703.081
121.386,73.166,0,-294.017,702.991
121.395,73.118,0,-293.365,702.9
121.411,73.0935,0,-292.235,702.745
121.426,73.069,0,-291.105,702.59
121.442,73.0445,0,-289.976,702.435
121.457,73.02,0,-288.846,702.28
121.473,72.9955,0,-287.716,702.125
121.482,72.9447,0,-287.066,702.035
121.491,72.8934,0,-286.415,701.946
121.504,72.8728,0,-285.462,701.816
121.517,72.8521,0,-284.509,701.686
121.531,72.8315,0,-283.555,701.556
121.544,72.8108,0,-282.602,701.426
121.557,72.7901,0,-281.649,701.296
121.574,72.7546,0,-280.459,701.135
121.59,72.7188,0,-279.269,700.974
121.604,72.7092,0,-278.232,700.834
121.619,72.6995,0,-277.194,700.694
121.633,72.6899,0,-276.157,700.555
121.648,72.6803,0,-275.119,700.415
121.662,72.6706,0,-274.081,700.276
121.671,72.6874,-0.921375,-273.433,700.189
121.68,72.7035,-1.84275,-272.785,700.102
121.698,72.711,-2.59875,-271.488,699.93
121.716,72.7182,-3.35475,-270.191,699.757
121.734,72.7253,-4.11075,-268.894,699.585
121.746,72.7277,-4.48875,-268.029,699.471
121.758,72.7301,-4.86675,-267.164,699.356
121.77,72.7324,-5.24475,-266.298,699.242
121.782,72.7348,-5.62275,-265.433,699.128
121.794,72.7371,-6.00075,-264.568,699.014
121.806,72.7393,-6.37875,-263.703,698.9
121.82,72.7513,-7.0875,-262.693,698.768
121.834,72.7631,-7.79625,-261.683,698.636
121.848,72.7749,-8.505,-260.673,698.504
121.861,72.7857,-5.67,-259.734,698.384
121.874,72.7964,-2.835,-258.796,698.263
121.887,72.8071,0,-257.857,698.143
121.902,72.8132,0,-256.774,698.007
121.917,72.8194,0,-255.69,697.872
121.932,72.8256,0,-254.606,697.736
121.947,72.8317,0,-253.522,697.6
121.964,72.8462,0,-252.329,697.454
121.98,72.8606,0,-251.136,697.308
121.991,72.8659,0,-250.323,697.209
122.003,72.8711,0,-249.509,697.111
122.014,72.8764,0,-248.695,697.013
122.025,72.8816,0,-247.881,696.915
122.042,72.8943,0,-246.578,696.76
122.059,72.9069,0,-245.275,696.605
122.076,72.9195,0,-243.973,696.45
122.088,72.9276,-0.496125,-243.158,696.355
122.1,72.9357,-0.99225,-242.343,696.259
122.112,72.9437,-1.488375,-241.528,696.163
122.124,72.9518,-1.9845,-240.713,696.068
122.142,72.9825,-4.11075,-239.409,695.916
122.156,72.9889,-4.56435,-238.408,695.8
122.17,72.9952,-5.01795,-237.408,695.685
122.183,73.0015,-5.47155,-236.407,695.57
122.197,73.0078,-5.92515,-235.407,695.455
122.211,73.0142,-6.37875,-234.406,695.34
122.223,73.0233,-4.2525,-233.536,695.241
122.235,73.0325,-2.12625,-232.665,695.142
122.247,73.0416,0,-231.795,695.044
122.26,73.0476,0,-230.836,694.937
122.273,73.0535,0,-229.878,694.83
122.287,73.0595,0,-228.92,694.723
122.3,73.0654,0,-227.962,694.617
122.313,73.0714,0,-227.003,694.51
122.326,73.081,0,-226.059,694.406
122.339,73.0906,0,-225.115,694.302
122.352,73.1003,0,-224.17,694.198
122.369,73.1121,0,-222.935,694.065
122.386,73.1239,0,-221.699,693.931
122.403,73.1357,0,-220.464,693.797
122.418,73.1646,0,-219.373,693.68
122.43,73.168,0,-218.5,693.587
122.442,73.1714,0,-217.627,693.495
122.454,73.1748,0,-216.754,693.402
122.466,73.1782,0,-215.88,693.31
122.478,73.1816,0,-215.007,693.218
122.49,73.185,0,-214.134,693.125
122.502,73.1884,0,-213.261,693.033
122.52,73.2068,0,-211.951,692.896
122.538,73.2252,0,-210.64,692.759
122.551,73.2309,0,-209.723,692.663
122.563,73.2367,0,-208.805,692.568
122.576,73.2424,0,-207.887,692.472
122.588,73.2481,0,-206.969,692.377
122.601,73.2539,0,-206.051,692.281
122.613,73.2665,0,-205.177,692.191
122.625,73.2791,0,-204.302,692.1
122.639,73.2868,0,-203.296,691.996
122.653,73.2944,0,-202.2905,691.892
122.666,73.3021,0,-201.2845,691.787
122.68,73.3098,0,-200.2785,691.683
122.694,73.3174,0,-199.2725,691.579
122.709,73.3498,0.2835,-198.1785,691.466
122.725,73.3577,0.8505,-197.0295,691.347
122.741,73.3656,1.4175,-195.8804,691.229
122.756,73.3736,1.9845,-194.7313,691.11
122.772,73.3815,2.5515,-193.5823,690.991
122.784,73.3905,3.26025,-192.7064,690.901
122.796,73.3994,3.969,-191.8306,690.81
122.808,73.4084,4.67775,-190.9547,690.719
122.822,73.4142,4.05405,-189.9033,690.609
122.836,73.4199,3.43035,-188.8519,690.499
122.849,73.4256,2.80665,-187.8005,690.39
122.863,73.4313,2.1829473,-186.7491,690.28
122.877,73.4371,1.5592473,-185.6977,690.17
122.89,73.4466,1.0394973,-184.7482,690.07
122.903,73.4562,0.51975,-183.7987,689.969
122.916,73.4657,0,-182.8491,689.869
122.93,73.4732,0,-181.8628,689.763
122.945,73.4807,0,-180.8765,689.658
122.959,73.4882,0,-179.8902,689.553
122.973,73.4957,0,-178.9039,689.447
122.985,73.511,0,-178.0269,689.353
122.997,73.5263,0,-177.1499,689.258
123.009,73.5415,0,-176.2729,689.164
123.021,73.5568,0,-175.3959,689.069
123.037,73.563,0,-174.2553,688.944
123.052,73.5693,0,-173.1146,688.82
123.068,73.5756,0,-171.974,688.695
123.083,73.5818,0,-170.8334,688.571
123.099,73.5881,0,-169.6928,688.446
123.111,73.5939,0,-168.815,688.349
123.123,73.5996,0,-167.9372,688.252
123.135,73.6054,0,-167.0594,688.155
123.147,73.6112,0,-166.1816,688.058
123.159,73.617,0,-165.3038,687.961
123.175,73.6306,0,-164.0964,687.828
123.192,73.6442,0,-162.889,687.694
123.204,73.6515,0,-162.0106,687.597
123.216,73.6588,0,-161.1322,687.499
123.228,73.6661,0,-160.2538,687.402
123.24,73.6734,0,-159.3754,687.304
123.253,73.6814,0,-158.4417,687.201
123.266,73.6894,0,-157.508,687.097
123.278,73.6975,0,-156.5743,686.994
123.291,73.7055,0,-155.6406,686.89
123.305,73.713,0,-154.5966,686.774
123.32,73.7205,0,-153.5525,686.658
123.334,73.728,0,-152.5085,686.543
123.348,73.7355,0,-151.4644,686.427
123.369,73.7614,0,-149.9253,686.256
123.383,73.7679,0,-148.9135,686.144
123.397,73.7743,0,-147.9018,686.032
123.41,73.7807,0,-146.89,685.92
123.424,73.7871,0,-145.8782,685.808
123.438,73.7935,0,-144.8664,685.696
123.45,73.8009,0,-143.9861,685.599
123.462,73.8084,0,-143.1058,685.501
123.474,73.8158,0,-142.2255,685.404
123.486,73.8232,0,-141.3452,685.306
123.498,73.833,0,-140.4646,685.209
123.51,73.8428,0,-139.5841,685.111
123.522,73.8526,0,-138.7035,685.014
123.537,73.8591,0,-137.6023,684.892
123.552,73.8656,0,-136.5011,684.77
123.567,73.872,0,-135.3999,684.649
123.582,73.8785,0,-134.2987,684.527
123.594,73.8946,0,-133.4174,684.43
123.606,73.9108,0,-132.5361,684.332
123.621,73.9183,0,-131.4341,684.211
123.636,73.9258,0,-130.3321,684.089
123.651,73.9333,0,-129.2301,683.967
123.666,73.9408,0,-128.1281,683.846
123.681,73.953,0,-127.0256,683.724
123.696,73.9653,0,-125.9232,683.602
123.709,73.9715,0,-124.9968,683.5
123.721,73.9777,0,-124.0704,683.398
123.734,73.9839,0,-123.144,683.296
123.746,73.9901,0,-122.2176,683.194
123.759,73.9963,0,-121.2912,683.092
123.774,74.0084,0,-120.1878,682.971
123.789,74.0205,0,-119.0845,682.85
123.802,74.0267,0,-118.1573,682.748
123.814,74.033,0,-117.2302,682.646
123.827,74.0392,0,-116.303,682.544
123.839,74.0455,0,-115.3759,682.443
123.852,74.0517,0,-114.4488,682.341
123.868,74.065,0,-113.2341,682.208
123.885,74.0783,0,-112.01942,682.075
123.898,74.0841,0,-111.04728,681.968
123.911,74.09,0,-110.07515,681.862
123.925,74.0959,0,-109.10301,681.756
123.938,74.1018,0,-108.13088,681.649
123.951,74.1077,0,-107.15874,681.543
123.963,74.1178,0,-106.27466,681.446
123.975,74.1279,0,-105.39058,681.35
123.987,74.1379,0,-104.5065,681.253
123.999,74.1522,0,-103.62214,681.157
124.011,74.1664,0,-102.737777,681.06
124.025,74.1712,0,-101.742422,680.951
124.038,74.1759,0,-100.74707,680.843
124.051,74.1807,0,-99.75171,680.734
124.065,74.1854,0,-98.75636,680.625
124.079,74.1902,0,-97.761,680.516
124.092,74.1949,0,-96.76565,680.408
124.105,74.2038,0,-95.80669,680.303
124.118,74.2127,0,-94.84773,680.199
124.131,74.2216,0,-93.88878,680.095
124.145,74.2298,0,-92.83713,679.981
124.16,74.2381,0,-91.7855,679.867
124.174,74.2463,0,-90.7338,679.753
124.188,74.2545,0,-89.6822,679.638
124.204,74.2673,0,-88.464,679.507
124.221,74.2801,0,-87.2458,679.375
124.232,74.2899,0,-86.4334,679.287
124.243,74.2997,0,-85.6211,679.199
124.254,74.3094,0,-84.8087,679.111
124.267,74.3148,0,-83.8335,679.006
124.28,74.3201,0,-82.8582,678.901
124.294,74.3254,0,-81.8829,678.796
124.307,74.3307,0,-80.9077,678.691
124.32,74.3361,0,-79.9324,678.586
124.335,74.3504,0,-78.8237,678.467
124.35,74.3647,0,-77.715,678.348
124.363,74.3699,0,-76.7389,678.243
124.376,74.375,0,-75.7628,678.139
124.39,74.3802,0,-74.7868,678.034
124.403,74.3853,0,-73.8107,677.929
124.416,74.3905,0,-72.8346,677.825
124.431,74.4048,0,-71.7251,677.706
124.446,74.4191,0,-70.6156,677.587
124.46,74.4251,0,-69.5943,677.477
124.474,74.431,0,-68.5731,677.368
124.487,74.437,0,-67.5519,677.259
124.501,74.443,0,-66.5307,677.149
124.515,74.4489,0,-65.5094,677.04
124.53,74.4625,0.8505,-64.3989,676.921
124.545,74.476,1.701,-63.2884,676.803
124.558,74.4812,2.12625,-62.3552,676.703
124.57,74.4863,2.5515,-61.4221,676.603
124.583,74.4914,2.97675,-60.4889,676.503
124.595,74.4966,3.402,-59.5558,676.403
124.608,74.5017,3.82725,-58.6226,676.303
124.619,74.5101,4.58325,-57.8077,676.216
124.63,74.5184,5.33925,-56.9928,676.128
124.641,74.5268,6.09525,-56.1778,676.041
124.656,74.5337,6.66225,-55.0108,675.914
124.671,74.5405,7.22925,-53.8437,675.787
124.686,74.5474,7.79625,-52.6766,675.66
124.701,74.5542,8.36325,-51.5096,675.533
124.713,74.5612,9.11925,-50.6944,675.443
124.725,74.5681,9.87525,-49.8792,675.353
124.737,74.575,10.63125,-49.064,675.262
124.758,74.6006,0,-47.5078,675.087
124.771,74.604,0,-46.5815,674.979
124.783,74.6073,0,-45.6553,674.871
124.796,74.6107,0,-44.729,674.764
124.808,74.614,0,-43.8028,674.656
124.821,74.6173,0,-42.8765,674.548
124.833,74.6207,0,-41.9502,674.44
124.85,74.6305,0,-40.7278,674.292
124.866,74.6403,0,-39.5053,674.145
124.877,74.6455,0,-38.6534,674.039
124.889,74.6506,0,-37.8015,673.933
124.9,74.6558,0,-36.9496,673.827
124.912,74.6609,0,-36.0977,673.721
124.924,74.6661,0,-35.2458,673.614
124.935,74.6712,0,-34.3939,673.508
124.951,74.6853,0,-33.1716,673.352
124.968,74.6993,0,-31.9494,673.196
124.983,74.7046,0,-30.8382,673.051
124.998,74.7098,0,-29.727,672.906
125.013,74.7151,0,-28.6158,672.762
125.028,74.7203,0,-27.5046,672.617
125.038,74.7284,-0.14175,-26.671,672.507
125.049,74.7366,-0.2835,-25.8375,672.397
125.06,74.7447,-0.42525,-25.004,672.287
125.07,74.7528,-0.567,-24.1705,672.178
125.087,74.7595,-1.27575,-22.9847,672.02
125.104,74.7662,-1.9845,-21.799,671.862
125.121,74.7729,-2.69325,-20.6132,671.705
125.132,74.7798,-3.26025,-19.7792,671.594
125.144,74.7867,-3.82725,-18.9452,671.483
125.155,74.7936,-4.39425,-18.1112,671.373
125.166,74.8005,-4.96125,-17.2773,671.262
125.18,74.8104,-3.3075,-16.2389,671.125
125.194,74.8203,-1.65375,-15.2006,670.988
125.208,74.8302,0,-14.1623,670.851
125.22,74.8381,0,-13.2719,670.734
125.232,74.846,0,-12.3815,670.617
125.244,74.8538,0,-11.4911,670.5
125.257,74.8612,0,-10.489,670.37
125.271,74.8685,0,-9.48689999999999,670.239
125.285,74.8759,0,-8.48479999999999,670.108
125.298,74.8832,0,-7.4828,669.978
125.316,74.9085,0,-6.14609999999999,669.805
125.329,74.9129,-0.33075,-5.143,669.677
125.343,74.9172,-0.6615,-4.1399,669.548
125.357,74.9216,-0.99225,-3.1369,669.42
125.37,74.926,-1.323,-2.134,669.292
125.383,74.9304,-1.65375,-1.131,669.163
125.397,74.9348,-1.9845,-0.128,669.035
125.408,74.9441,-2.7405,0.689999999999998,668.932
125.419,74.9534,-3.4965,1.50800000000001,668.828
125.43,74.9626,-4.2525,2.32600000000001,668.725
125.445,74.9687,-4.8195,3.44200000000001,668.585
125.46,74.9747,-5.3865,4.557,668.446
125.475,74.9808,-5.9535,5.673,668.306
125.49,74.9868,-6.5205,6.789,668.167
125.505,74.9995,-7.583625,7.905,668.029
125.52,75.0122,-8.64675,9.02200000000001,667.892
125.532,75.0163,-6.9174,9.91500000000001,667.783
125.544,75.0204,-5.18805,10.809,667.675
125.556,75.0246,-3.4587,11.703,667.567
125.568,75.0286,-1.72935,12.596,667.459
125.58,75.0327,0,13.49,667.351
125.595,75.046,0,14.719,667.205
125.61,75.0592,0,15.949,667.058
125.622,75.0637,0,16.843,666.954
125.635,75.0682,0,17.738,666.85
125.647,75.0727,0,18.633,666.746
125.66,75.0772,0,19.527,666.642
125.673,75.0816,0,20.422,666.538
125.685,75.0861,0,21.317,666.434
125.698,75.0941,0,22.287,666.323
125.711,75.1021,0,23.257,666.213
125.724,75.11,0,24.227,666.102
125.738,75.1158,0,25.291,665.984
125.753,75.1216,0,26.354,665.865
125.767,75.1274,0,27.418,665.746
125.781,75.1331,0,28.482,665.627
125.793,75.1413,0,29.378,665.528
125.805,75.1495,0,30.275,665.43
125.817,75.1577,0,31.171,665.331
125.835,75.1866,0,32.516,665.184
125.849,75.1911,0,33.592,665.066
125.864,75.1957,0,34.668,664.949
125.878,75.2003,0,35.745,664.832
125.893,75.2048,0,36.821,664.715
125.907,75.2094,0,37.897,664.597
125.918,75.2181,0,38.72,664.508
125.929,75.2268,0,39.542,664.419
125.94,75.2355,0,40.365,664.329
125.954,75.2426,0,41.374,664.22
125.967,75.2498,0,42.384,664.11
125.98,75.257,0,43.394,664
125.994,75.2641,0,44.404,663.891
126.009,75.2688,0,45.526,663.769
126.024,75.2734,0,46.648,663.647
126.039,75.278,0,47.771,663.525
126.054,75.2826,0,48.893,663.403
126.065,75.2892,0,49.735,663.312
126.076,75.2957,0,50.577,663.22
126.088,75.3023,0,51.419,663.129
126.099,75.3089,0,52.261,663.038
126.112,75.3177,0,53.235,662.932
126.125,75.3266,0,54.208,662.826
126.138,75.3355,0,55.182,662.721
126.153,75.3421,0,56.305,662.598
126.168,75.3487,0,57.429,662.476
126.183,75.3553,0,58.552,662.354
126.198,75.3619,0,59.676,662.232
126.208,75.3701,0,60.425,662.15
126.218,75.3782,0,61.174,662.069
126.228,75.3863,0,61.923,661.987
126.242,75.3923,0,62.991,661.872
126.257,75.3982,0,64.059,661.756
126.271,75.4042,0,65.127,661.64
126.285,75.4101,0,66.195,661.525
126.3,75.4234,0,67.32,661.403
126.315,75.4367,0,68.445,661.281
126.327,75.4414,0,69.345,661.183
126.339,75.446,0,70.245,661.086
126.351,75.4507,0,71.145,660.988
126.363,75.4554,0,72.045,660.891
126.375,75.46,0,72.945,660.793
126.391,75.4726,0,74.183,660.66
126.408,75.4852,0,75.42,660.526
126.422,75.4905,0,76.456,660.415
126.436,75.4957,0,77.492,660.304
126.449,75.501,0,78.528,660.192
126.463,75.5063,0,79.564,660.081
126.477,75.5116,0,80.599,659.97
126.489,75.5182,0,81.5,659.873
126.501,75.5248,0,82.401,659.777
126.513,75.5315,0,83.303,659.68
126.525,75.5381,0,84.204,659.583
126.542,75.5517,0,85.443,659.451
126.558,75.5652,0,86.682,659.318
126.57,75.5681,0,87.584,659.222
126.582,75.5709,0,88.486,659.126
126.594,75.5737,0,89.387,659.029
126.606,75.5765,0,90.289,658.933
126.618,75.5792,0,91.191,658.837
126.629,75.5883,0.51975,92.018,658.749
126.64,75.5973,1.0395,92.844,658.661
126.651,75.6064,1.55925,93.671,658.573
126.672,75.6327,3.82725,95.25,658.404
126.686,75.6367,3.189375,96.303,658.292
126.7,75.6408,2.5515,97.355,658.179
126.714,75.6448,1.913625,98.408,658.066
126.728,75.6488,1.27575,99.461,657.953
126.742,75.6528,0.637875,100.514,657.84
126.756,75.6568,0,101.567,657.727
126.768,75.6631,0,102.469,657.63
126.78,75.6693,0,103.372,657.532
126.792,75.6756,0,104.275,657.435
126.804,75.6818,0,105.177,657.337
126.815,75.6876,0,106.024,657.245
126.826,75.6935,0,106.87,657.153
126.838,75.6994,0,107.717,657.06
126.849,75.7052,0,108.563,656.968
126.866,75.7128,0,109.843,656.828
126.883,75.7203,0,111.122,656.688
126.9,75.7279,0,112.402,656.548
126.909,75.7406,0,113.079,656.473
126.918,75.7534,0,113.757,656.399
126.932,75.7586,0,114.841,656.279
126.947,75.7637,0,115.925,656.159
126.961,75.7689,0,117.01,656.039
126.976,75.7741,0,118.094,655.919
126.99,75.7792,0,119.178,655.8
127.001,75.7851,0,120.026,655.705
127.012,75.791,0,120.873,655.611
127.024,75.7969,0,121.72,655.517
127.035,75.8027,0,122.568,655.423
127.049,75.8079,0,123.585,655.309
127.062,75.8131,0,124.602,655.196
127.076,75.8183,0,125.619,655.083
127.089,75.8235,0,126.636,654.97
127.105,75.8347,0,127.88,654.831
127.122,75.8459,0,129.123,654.692
127.134,75.8517,0,130.028,654.591
127.146,75.8574,0,130.933,654.491
127.158,75.8631,0,131.837,654.39
127.17,75.8688,0,132.742,654.289
127.182,75.8745,0,133.647,654.188
127.195,75.883,0,134.627,654.079
127.208,75.8914,0,135.608,653.97
127.221,75.8998,0,136.588,653.861
127.234,75.905,0,137.607,653.747
127.248,75.9101,0,138.625,653.634
127.262,75.9153,0,139.643,653.521
127.275,75.9205,0,140.662,653.407
127.296,75.9461,0,142.246,653.231
127.309,75.9496,0,143.19,653.126
127.321,75.9531,0,144.134,653.021
127.333,75.9567,0,145.077,652.916
127.346,75.9602,0,146.021,652.811
127.359,75.9637,0,146.964,652.706
127.371,75.9672,0,147.908,652.601
127.382,75.9816,0,148.738,652.509
127.393,75.996,0,149.569,652.416
127.404,76.0104,0,150.4,652.324
127.417,76.014,0,151.403,652.213
127.431,76.0176,0,152.407,652.101
127.444,76.0212,0,153.41,651.989
127.457,76.0248,0,154.414,651.878
127.47,76.0284,0,155.418,651.766
127.484,76.032,0,156.421,651.655
127.497,76.0356,0,157.425,651.543
127.515,76.0486,0,158.785,651.392
127.533,76.0617,0,160.145,651.241
127.544,76.0648,0,161.015,651.144
127.556,76.0679,0,161.884,651.048
127.567,76.071,0,162.754,650.951
127.579,76.0741,0,163.623,650.855
127.59,76.0771,0,164.492,650.758
127.602,76.0802,0,165.362,650.662
127.618,76.093,0,166.61,650.523
127.635,76.1057,0,167.857,650.384
127.646,76.11,0,168.72,650.289
127.658,76.1142,0,169.582,650.193
127.669,76.1185,0,170.444,650.097
127.681,76.1227,0,171.307,650.002
127.692,76.127,0,172.169,649.906
127.709,76.1355,0,173.456,649.763
127.726,76.1441,0,174.742,649.62
127.743,76.1526,0,176.028,649.477
127.756,76.16,0,177.012,649.367
127.769,76.1674,0,177.996,649.258
127.782,76.1748,0,178.98,649.148
127.793,76.1805,0,179.832,649.054
127.805,76.1862,0,180.684,648.959
127.816,76.1918,0,181.536,648.864
127.827,76.1975,0,182.388,648.77
127.84,76.2016,0,183.41,648.656
127.854,76.2057,0,184.433,648.542
127.868,76.2097,0,185.455,648.429
127.881,76.2138,0,186.477,648.315
127.893,76.2201,0,187.387,648.214
127.905,76.2264,0,188.296,648.113
127.917,76.2327,0,189.205,648.012
127.929,76.239,0,190.114,647.911
127.944,76.2668,0,191.25,647.785
127.958,76.2717,0,192.296,647.669
127.972,76.2766,0,193.342,647.553
127.985,76.2816,0,194.389,647.437
127.999,76.2865,0,195.435,647.321
128.013,76.2914,0,196.481,647.205
128.024,76.2973,0,197.315,647.113
128.035,76.3033,0,198.149,647.02
128.046,76.3092,0,198.983,646.928
128.059,76.3139,0,199.984,646.817
128.072,76.3185,0,200.985,646.706
128.086,76.3232,0,201.986,646.595
128.099,76.3279,0,202.988,646.484
128.112,76.3326,0,203.989,646.373
128.129,76.345,0.8505,205.241,646.235
128.145,76.3574,1.701,206.493,646.096
128.158,76.3618,2.1546,207.449,645.991
128.17,76.3663,2.6082,208.405,645.885
128.183,76.3707,3.0618,209.362,645.779
128.195,76.3751,3.5154,210.318,645.674
128.208,76.3795,3.969,211.274,645.568
128.22,76.3862,4.725,212.185,645.467
128.232,76.393,5.481,213.096,645.365
128.244,76.3997,6.237,214.007,645.264
128.258,76.4051,4.67775,215.09,645.143
128.272,76.4104,3.1185,216.172,645.021
128.287,76.4158,1.55925,217.254,644.9
128.301,76.4211,0,218.336,644.778
128.313,76.4275,0,219.247,644.675
128.325,76.4338,0,220.158,644.571
128.337,76.44,0,221.069,644.468
128.351,76.4458,0,222.152,644.344
128.366,76.4516,0,223.234,644.219
128.38,76.4574,0,224.316,644.095
128.394,76.4631,0,225.398,643.97
128.407,76.4706,0,226.386,643.855
128.42,76.478,0,227.373,643.74
128.433,76.4854,0,228.361,643.625
128.446,76.4905,0,229.348,643.508
128.459,76.4957,0,230.336,643.392
128.472,76.5008,0,231.323,643.275
128.486,76.507,0,232.406,643.146
128.501,76.5132,0,233.489,643.017
128.515,76.5194,0,234.571,642.888
128.529,76.5256,0,235.654,642.76
128.54,76.5303,0,236.452,642.664
128.55,76.5349,0,237.25,642.569
128.561,76.5395,0,238.048,642.473
128.571,76.5441,0,238.845,642.378
128.585,76.5519,0,239.909,642.25
128.599,76.5597,0,240.974,642.123
128.613,76.5675,0,242.038,641.995
128.627,76.5731,0,243.064,641.872
128.64,76.5786,0,244.09,641.748
128.654,76.5842,0,245.117,641.625
128.667,76.5897,0,246.143,641.502
128.678,76.598,0,246.941,641.406
128.688,76.6063,0,247.74,641.31
128.703,76.611,0,248.881,641.173
128.718,76.6157,0,250.022,641.036
128.733,76.6205,0,251.163,640.899
128.748,76.6252,0,252.304,640.761
128.763,76.6299,0,253.444,640.624
128.773,76.6371,0.1063125,254.243,640.529
128.784,76.6444,0.212625,255.042,640.433
128.794,76.6517,0.3189375,255.841,640.337
128.805,76.6589,0.42525,256.64,640.241
128.822,76.663,1.18125,257.934,640.086
128.839,76.667,1.93725,259.228,639.932
128.856,76.671,2.69325,260.522,639.777
128.867,76.6763,3.2319,261.344,639.678
128.878,76.6816,3.77055,262.167,639.58
128.888,76.6869,4.3092,262.989,639.481
128.899,76.6922,4.84785,263.811,639.382
128.91,76.6975,5.3865,264.634,639.284
128.924,76.7035,4.617,265.711,639.153
128.938,76.7095,3.8475,266.788,639.023
128.952,76.7155,3.078,267.865,638.892
128.967,76.7215,2.3085,268.942,638.761
128.981,76.7274,1.539,270.019,638.631
128.995,76.7334,0.7695,271.096,638.5
129.009,76.7393,0,272.173,638.37
129.02,76.7478,0,273.011,638.267
129.031,76.7564,0,273.849,638.164
129.042,76.7649,0,274.687,638.06
129.055,76.7691,0,275.647,637.941
129.067,76.7732,0,276.607,637.822
129.08,76.7773,0,277.567,637.702
129.092,76.7815,0,278.526,637.583
129.105,76.7856,0,279.486,637.464
129.121,76.7941,0,280.744,637.306
129.138,76.8026,0,282.001,637.148
129.15,76.8108,0,282.915,637.033
129.162,76.819,0,283.829,636.917
129.174,76.8271,0,284.744,636.802
129.188,76.8306,0,285.796,636.668
129.202,76.834,0,286.847,636.535
129.215,76.8375,0,287.899,636.401
129.229,76.8409,0,288.951,636.268
129.243,76.8444,0,290.003,636.134
129.254,76.8509,0,290.841,636.027
129.265,76.8575,0,291.68,635.92
129.276,76.8641,0,292.518,635.813
129.289,76.8684,0,293.479,635.69
129.301,76.8728,0,294.44,635.567
129.314,76.8772,0,295.4,635.444
129.326,76.8815,0,296.361,635.321
129.339,76.8859,0,297.322,635.198
129.354,76.8949,0,298.466,635.051
129.369,76.9039,0,299.61,634.904
129.383,76.9089,-0.1063125,300.64,634.772
129.396,76.9139,-0.212625,301.67,634.64
129.41,76.9189,-0.3189375,302.699,634.508
129.423,76.924,-0.42525,303.729,634.376
129.434,76.9284,-0.9568125,304.588,634.266
129.445,76.9329,-1.488375,305.446,634.156
129.457,76.9374,-2.0199375,306.305,634.046
129.468,76.9419,-2.5515,307.163,633.937
129.485,76.9508,-1.701,308.461,633.771
129.502,76.9596,-0.8505,309.759,633.606
129.519,76.9685,0,311.056,633.441
129.531,76.9732,0,311.973,633.324
129.543,76.9779,0,312.889,633.208
129.555,76.9826,0,313.805,633.091
129.567,76.9873,0,314.722,632.975
129.58,76.9935,0,315.715,632.849
129.593,76.9997,0,316.707,632.723
129.606,77.0059,0,317.7,632.597
129.62,77.0103,0,318.732,632.467
129.633,77.0146,0,319.763,632.337
129.646,77.019,0,320.795,632.208
129.66,77.0234,0,321.827,632.078
129.671,77.0336,0,322.629,631.977
129.681,77.0437,0,323.432,631.876
129.693,77.0476,-0.023625,324.387,631.757
129.706,77.0515,-0.04725,325.343,631.637
129.719,77.0554,-0.070875,326.298,631.518
129.731,77.0592,-0.0945,327.254,631.398
129.743,77.0631,-0.118125,328.21,631.278
129.756,77.0669,-0.14175,329.165,631.159
129.774,77.078,-1.27575,330.542,630.987
129.792,77.0891,-2.40975,331.919,630.816
129.803,77.0927,-2.835,332.791,630.708
129.815,77.0964,-3.26025,333.663,630.599
129.826,77.1,-3.6855,334.535,630.491
129.838,77.1036,-4.11075,335.407,630.383
129.849,77.1072,-4.536,336.28,630.275
129.864,77.1164,-2.97675,337.428,630.133
129.879,77.1255,-1.4174973,338.576,629.992
129.893,77.1302,-1.0631223,339.609,629.866
129.906,77.1349,-0.7087473,340.643,629.74
129.919,77.1396,-0.354375,341.676,629.614
129.933,77.1443,0,342.71,629.488
129.945,77.1471,0,343.629,629.377
129.957,77.15,0,344.548,629.267
129.969,77.1529,0,345.467,629.157
129.981,77.1558,0,346.387,629.046
129.993,77.1587,0,347.306,628.936
130.004,77.1662,0,348.149,628.835
130.015,77.1738,0,348.992,628.735
130.026,77.1813,0,349.834,628.634
130.047,77.2065,0,351.444,628.444
130.06,77.2076,0,352.441,628.327
130.073,77.2087,0,353.438,628.21
130.086,77.2097,0,354.434,628.094
130.099,77.2108,0,355.431,627.977
130.112,77.2118,0,356.428,627.86
130.125,77.2129,0,357.425,627.744
130.14,77.2272,0,358.575,627.61
130.155,77.2416,0,359.726,627.477
130.167,77.2457,0,360.608,627.375
130.178,77.2498,0,361.491,627.274
130.189,77.2539,0,362.373,627.172
130.201,77.2579,0,363.256,627.07
130.212,77.262,0,364.138,626.969
130.224,77.266,0,365.021,626.867
130.239,77.2742,0,366.172,626.735
130.254,77.2825,0,367.324,626.603
130.267,77.2862,0,368.291,626.492
130.279,77.29,0,369.259,626.382
130.292,77.2937,0,370.226,626.271
130.304,77.2975,0,371.194,626.161
130.317,77.3012,0,372.161,626.05
130.328,77.3067,0,373.006,625.954
130.339,77.3122,0,373.851,625.857
130.35,77.3177,0,374.696,625.761
130.364,77.3221,0,375.79,625.636
130.379,77.3265,0,376.885,625.511
130.393,77.3309,0,377.98,625.387
130.407,77.3353,0,379.075,625.262
130.419,77.3421,0,379.997,625.157
130.431,77.349,0,380.919,625.052
130.443,77.3558,0,381.841,624.947
130.456,77.3611,0,382.879,624.829
130.47,77.3663,0,383.917,624.711
130.483,77.3715,0,384.954,624.594
130.497,77.3768,0,385.992,624.476
130.51,77.3817,0,386.991,624.362
130.523,77.3865,0,387.991,624.248
130.536,77.3914,0,388.991,624.135
130.549,77.3968,0,389.96,624.025
130.561,77.4021,0,390.929,623.915
130.574,77.4075,0,391.898,623.805
130.586,77.4129,0,392.867,623.695
130.599,77.4183,0,393.836,623.585
130.613,77.4237,0.189,394.913,623.463
130.627,77.4291,0.378,395.99,623.34
130.641,77.4345,0.567,397.067,623.218
130.655,77.4411,1.27575,398.144,623.096
130.669,77.4477,1.9845,399.221,622.974
130.683,77.4543,2.69325,400.298,622.852
130.697,77.4622,3.82725,401.337,622.734
130.71,77.47,4.96125,402.376,622.616
130.722,77.4727,5.33925,403.262,622.515
130.733,77.4755,5.71725,404.147,622.414
130.745,77.4782,6.09525,405.032,622.313
130.756,77.481,6.47325,405.917,622.211
130.768,77.4837,6.85125,406.802,622.11
130.779,77.4864,7.22925,407.688,622.009
130.8,77.5034,0,409.304,621.822
130.813,77.5064,0,410.305,621.705
130.826,77.5094,0,411.306,621.587
130.839,77.5124,0,412.306,621.47
130.852,77.5155,0,413.307,621.352
130.865,77.5185,0,414.308,621.235
130.878,77.5215,0,415.309,621.117
130.89,77.5274,0,416.233,621.007
130.902,77.5334,0,417.157,620.897
130.914,77.5393,0,418.08,620.786
130.925,77.5434,0,418.958,620.68
130.937,77.5474,0,419.836,620.574
130.948,77.5515,0,420.713,620.467
130.96,77.5555,0,421.591,620.361
130.971,77.5595,0,422.469,620.255
130.985,77.566,0,423.546,620.123
130.999,77.5724,0,424.624,619.99
131.013,77.5788,0,425.702,619.858
131.031,77.5957,0,427.088,619.687
131.044,77.5988,0,428.051,619.568
131.056,77.6019,0,429.013,619.448
131.069,77.605,0,429.976,619.329
131.081,77.6081,0,430.938,619.209
131.094,77.6112,0,431.901,619.09
131.106,77.6143,0,432.863,618.97
131.117,77.6217,0,433.711,618.865
131.128,77.6292,0,434.558,618.759
131.139,77.6366,0,435.405,618.654
131.153,77.6407,0,436.469,618.521
131.167,77.6449,0,437.532,618.388
131.18,77.649,0,438.595,618.255
131.194,77.6531,0,439.658,618.123
131.208,77.6573,0,440.721,617.99
131.219,77.6628,0,441.569,617.884
131.23,77.6683,0,442.417,617.778
131.241,77.6738,0,443.264,617.672
131.255,77.6777,0,444.363,617.535
131.27,77.6816,0,445.461,617.398
131.284,77.6855,0,446.56,617.261
131.298,77.6894,0,447.658,617.124
131.309,77.6941,0,448.525,617.016
131.32,77.6989,0,449.393,616.907
131.332,77.7037,0,450.26,616.799
131.343,77.7084,0,451.128,616.691
131.356,77.7156,0,452.13,616.566
131.369,77.7227,0,453.133,616.441
131.382,77.7299,0,454.135,616.316
131.396,77.7335,0,455.234,616.179
131.41,77.7372,0,456.334,616.043
131.425,77.7408,0,457.433,615.906
131.439,77.7445,0,458.532,615.769
131.45,77.7518,0.14175,459.381,615.663
131.461,77.7592,0.2835,460.23,615.558
131.472,77.7666,0.42525,461.078,615.452
131.486,77.7714,0.99225,462.178,615.315
131.501,77.7761,1.55925,463.278,615.179
131.515,77.7809,2.12625,464.378,615.042
131.529,77.7857,2.69325,465.477,614.905
131.542,77.7896,2.0199375,466.462,614.783
131.555,77.7935,1.346625,467.446,614.66
131.567,77.7974,0.6733125,468.43,614.538
131.58,77.8014,0,469.414,614.415
131.592,77.8066,0,470.341,614.299
131.604,77.8118,0,471.267,614.184
131.616,77.817,0,472.194,614.068
131.628,77.8222,0,473.121,613.953
131.642,77.8266,0,474.202,613.817
131.656,77.8311,0,475.283,613.681
131.67,77.8355,0,476.364,613.546
131.682,77.8429,0,477.291,613.429
131.694,77.8503,0,478.218,613.313
131.706,77.8576,0,479.145,613.196
131.719,77.8622,0,480.13,613.072
131.732,77.8668,0,481.114,612.948
131.744,77.8713,0,482.099,612.824
131.757,77.8759,0,483.084,612.7
131.771,77.8791,0,484.185,612.561
131.785,77.8824,0,485.287,612.422
131.8,77.8856,0,486.388,612.282
131.814,77.8889,0,487.489,612.143
131.825,77.8956,0,488.339,612.035
131.836,77.9023,0,489.189,611.927
131.847,77.909,0,490.039,611.819
131.862,77.9136,0,491.198,611.672
131.877,77.9182,0,492.358,611.524
131.892,77.9228,0,493.517,611.377
131.907,77.9274,0,494.676,611.23
131.919,77.9318,0,495.604,611.111
131.931,77.9361,0,496.532,610.993
131.943,77.9405,0,497.46,610.875
131.955,77.9448,0,498.387,610.757
131.967,77.949,0,499.315,610.639
131.979,77.9531,0,500.243,610.521
131.991,77.9573,0,501.171,610.403
132.003,77.9614,0,502.099,610.284
132.016,77.9651,0,503.105,610.157
132.029,77.9688,0,504.11,610.029
132.042,77.9725,0,505.116,609.901
132.057,77.979,0,506.276,609.753
132.072,77.9854,0,507.436,609.606
132.087,77.9919,0,508.597,609.459
132.098,77.9958,0,509.479,609.347
132.11,77.9998,0,510.361,609.235
132.121,78.0037,0,511.243,609.123
132.133,78.0076,0,512.125,609.011
132.144,78.0116,0,513.007,608.899
132.158,78.0161,0,514.091,608.762
132.172,78.0206,0,515.174,608.624
132.186,78.0252,0,516.258,608.487
132.199,78.0286,0,517.245,608.363
132.212,78.0321,0,518.232,608.238
132.224,78.0355,0,519.219,608.113
132.237,78.039,0,520.206,607.989
132.246,78.0475,0,520.903,607.901
132.255,78.056,0,521.6,607.813
132.269,78.0584,0,522.715,607.672
132.284,78.0609,0,523.83,607.532
132.298,78.0633,0,524.946,607.391
132.313,78.0657,0,526.061,607.251
132.327,78.0682,0,527.176,607.11
132.341,78.0736,0,528.26,606.974
132.355,78.0791,0,529.345,606.838
132.369,78.0845,0,530.429,606.701
132.381,78.0867,0,531.359,606.584
132.393,78.0888,0,532.289,606.468
132.405,78.091,0,533.219,606.351
132.417,78.0931,0,534.148,606.234
132.429,78.0998,0,535.078,606.117
132.441,78.1065,0,536.008,606.001
132.453,78.1132,0,536.938,605.884
132.466,78.1184,0,537.945,605.758
132.479,78.1237,0,538.953,605.632
132.492,78.1289,0,539.96,605.505
132.505,78.1319,0,540.984,605.377
132.518,78.1348,0,542.007,605.249
132.532,78.1378,0,543.03,605.121
132.545,78.1408,0,544.054,604.993
132.558,78.1437,0,545.077,604.865
132.569,78.1468,0,545.949,604.756
132.581,78.1499,0,546.822,604.647
132.592,78.1529,0,547.694,604.538
132.603,78.156,0,548.567,604.429
132.617,78.1599,0,549.614,604.299
132.63,78.1638,0,550.661,604.168
132.643,78.1677,0,551.708,604.038
132.657,78.1716,0,552.755,603.907
132.669,78.1781,0,553.686,603.791
132.681,78.1845,0,554.617,603.675
132.694,78.1868,0,555.641,603.547
132.707,78.189,0,556.665,603.42
132.721,78.1913,0,557.689,603.292
132.734,78.1935,0,558.713,603.165
132.747,78.1958,0,559.737,603.037
132.758,78.1986,-0.4606875,560.61,602.928
132.77,78.2015,-0.921375,561.483,602.82
132.781,78.2043,-1.3820625,562.356,602.711
132.792,78.2071,-1.84275,563.229,602.603
132.805,78.2137,-2.59875,564.238,602.478
132.818,78.2202,-3.35475,565.247,602.353
132.831,78.2267,-4.11075,566.256,602.228
132.847,78.2304,-2.7405,567.499,602.075
132.863,78.234,-1.37025,568.741,601.921
132.879,78.2377,0,569.983,601.768
132.89,78.2409,0,570.822,601.666
132.901,78.244,0,571.661,601.563
132.911,78.2471,0,572.5,601.46
132.922,78.2503,0,573.338,601.358
132.933,78.2534,0,574.177,601.255
132.946,78.2572,0,575.168,601.135
132.958,78.261,0,576.158,601.015
132.971,78.2648,0,577.149,600.895
132.984,78.2685,0,578.139,600.775
132.998,78.2743,0,579.227,600.645
133.012,78.28,0,580.315,600.514
133.026,78.2857,0,581.403,600.383
133.038,78.2881,0,582.336,600.272
133.05,78.2905,0,583.269,600.161
133.062,78.293,0,584.202,600.05
133.076,78.2977,0,585.31,599.919
133.09,78.3024,0,586.418,599.788
133.105,78.3071,0,587.526,599.658
133.119,78.3118,0,588.634,599.527
133.129,78.3155,0,589.412,599.435
133.139,78.3192,0,590.189,599.344
133.149,78.3228,0,590.967,599.253
133.165,78.3263,0,592.192,599.11
133.181,78.3298,0,593.418,598.967
133.196,78.3333,0,594.643,598.824
133.212,78.3368,0,595.868,598.68
133.223,78.338,0,596.709,598.583
133.234,78.3391,0,597.549,598.485
133.244,78.3402,0,598.39,598.388
133.255,78.3414,0,599.23,598.29
133.266,78.3425,0,600.071,598.192
133.284,78.3564,0,601.471,598.03
133.297,78.3522,0,602.499,597.911
133.31,78.348,0,603.526,597.792
133.324,78.3438,0,604.554,597.673
133.337,78.3396,0,605.581,597.554
133.35,78.3354,0,606.609,597.436
133.362,78.3561,0,607.542,597.328
133.374,78.3765,0,608.476,597.219
133.386,78.3968,0,609.409,597.111
133.398,78.3976,0,610.344,597.003
133.41,78.3984,0,611.278,596.894
133.422,78.3992,0,612.212,596.786
133.434,78.3999,0,613.147,596.677
133.446,78.4006,0,614.081,596.569
133.46,78.4002,0.354375,615.132,596.446
133.473,78.3997,0.70875,616.184,596.324
133.486,78.4017,1.134,617.212,596.204
133.499,78.4037,1.55925,618.24,596.084
133.513,78.4055,1.9845,619.268,595.965
133.526,78.4072,2.40975,620.296,595.845
133.539,78.4089,2.835,621.324,595.725
133.55,78.3942,3.366549,622.2,595.623
133.561,78.3794,3.898125,623.075,595.52
133.573,78.3645,4.429674,623.951,595.417
133.584,78.3495,4.96125,624.827,595.314
133.597,78.3615,5.52825,625.819,595.197
133.609,78.3734,6.09525,626.811,595.079
133.622,78.385,6.66225,627.803,594.961
133.635,78.3965,7.22925,628.795,594.844
133.648,78.4061,4.8195,629.807,594.721
133.661,78.415,2.4097473,630.819,594.597
133.674,78.4232,0,631.831,594.474
133.689,78.4286,0,632.998,594.329
133.704,78.4339,0,634.166,594.185
133.719,78.4392,0,635.333,594.04
133.731,78.4458,0,636.267,593.925
133.743,78.452,0,637.201,593.809
133.755,78.4541,0,638.174,593.687
133.768,78.4562,0,639.147,593.565
133.78,78.4583,0,640.12,593.443
133.793,78.4604,0,641.093,593.321
133.805,78.4625,0,642.066,593.199
133.818,78.4645,0,643.039,593.077
133.829,78.4659,0,643.895,592.968
133.84,78.4672,0,644.752,592.858
133.851,78.4685,0,645.608,592.749
133.864,78.4719,0.14175,646.635,592.616
133.877,78.4753,0.2835,647.662,592.483
133.891,78.4786,0.42525,648.69,592.35
133.904,78.482,0.567,649.717,592.217
133.917,78.4853,0.70875,650.744,592.085
133.934,78.4949,1.84275,652.028,591.916
133.95,78.5042,2.97675,653.312,591.748
133.961,78.506,3.402,654.199,591.63
133.973,78.5078,3.82725,655.086,591.512
133.984,78.5096,4.2525,655.973,591.394
133.996,78.5113,4.67775,656.861,591.276
134.007,78.5131,5.103,657.748,591.158
134.019,78.5157,6.237,658.681,591.033
134.031,78.5182,7.371,659.615,590.908
134.044,78.5208,7.79625,660.642,590.768
134.057,78.5234,8.2215,661.669,590.627
134.071,78.5259,8.64675,662.696,590.487
134.084,78.5284,9.072,663.723,590.347
134.097,78.5309,9.49725,664.75,590.206
134.109,78.533,10.63125,665.683,590.076
134.121,78.5349,11.76525,666.616,589.945
134.133,78.535,12.119625,667.588,589.805
134.146,78.5351,12.474,668.559,589.664
134.159,78.5352,12.828375,669.531,589.523
134.171,78.5353,13.18275,670.502,589.382
134.184,78.5353,13.537125,671.474,589.242
134.196,78.5353,13.8915,672.446,589.101
134.211,78.5182,16.017777,673.611,588.926
134.224,78.5191,16.471377,674.588,588.772
134.236,78.5198,16.924977,675.565,588.618
134.249,78.5204,17.378577,676.543,588.464
134.261,78.5208,17.83215,677.52,588.31
134.274,78.521,18.28575,678.498,588.156
134.288,78.5184,19.04175,679.582,587.975
134.302,78.5156,19.79775,680.666,587.793
134.316,78.5128,20.55375,681.751,587.612
134.327,78.5134,20.979,682.633,587.461
134.339,78.514,21.40425,683.515,587.309
134.35,78.5146,21.8295,684.397,587.158
134.362,78.5151,22.25475,685.279,587.007
134.373,78.5157,22.68,686.161,586.855
134.388,78.5141,18.94725,687.321,586.65
134.403,78.5123,15.2145,688.48,586.444
134.418,78.5105,11.481723,689.64,586.239
134.429,78.5082,9.1854,690.519,586.074
134.441,78.5058,6.88905,691.399,585.909
134.452,78.5034,4.5927,692.279,585.743
134.464,78.501,2.2963473,693.158,585.578
134.475,78.4986,0,694.038,585.413
134.489,78.5006,0,695.116,585.2
134.503,78.5024,0,696.195,584.987
134.517,78.5039,0,697.273,584.773
134.529,78.504,0,698.196,584.586
134.541,78.504,0,699.12,584.399
134.553,78.5039,0,700.043,584.211
134.568,78.5096,0,701.196,583.974
134.583,78.5153,0,702.35,583.736
134.598,78.5209,0,703.503,583.498
134.613,78.5265,0,704.657,583.26
134.625,78.5337,0,705.579,583.065
134.637,78.5407,0,706.501,582.87
134.649,78.5475,0,707.423,582.676
134.661,78.5541,0,708.345,582.481
134.675,78.5579,0,709.42,582.249
134.689,78.5614,0,710.495,582.017
134.703,78.5648,0,711.57,581.785
134.715,78.5658,0.4725,712.491,581.585
134.727,78.5667,0.945,713.412,581.384
134.739,78.5674,1.4175,714.333,581.184
134.753,78.5724,1.9845,715.369,580.957
134.766,78.5773,2.5515,716.405,580.73
134.779,78.5822,3.1185,717.441,580.504
134.793,78.5871,3.6855,718.477,580.277
134.805,78.5888,4.8195,719.398,580.074
134.817,78.5901,5.9535,720.319,579.871
134.829,78.587,6.25725,721.207,579.673
134.84,78.5838,6.561,722.094,579.475
134.852,78.5807,6.86475,722.982,579.277
134.863,78.5774,7.1685,723.869,579.079
134.875,78.5742,7.47225,724.757,578.881
134.886,78.5709,7.776,725.644,578.683
134.898,78.5675,8.07975,726.532,578.485
134.911,78.5779,8.83575,727.528,578.261
134.924,78.5884,9.59175,728.524,578.036
134.937,78.5987,10.34775,729.521,577.812
134.951,78.6006,10.91475,730.556,577.577
134.964,78.6025,11.48175,731.591,577.342
134.977,78.6043,12.04875,732.625,577.108
134.991,78.606,12.61575,733.66,576.873
135.003,78.6143,13.147326,734.58,576.662
135.015,78.6224,13.678875,735.499,576.451
135.027,78.6303,14.210451,736.418,576.24
135.039,78.6379,14.742,737.337,576.028
135.056,78.5982,16.017777,738.6,575.73
135.072,78.5581,17.293527,739.863,575.432
135.084,78.5598,17.973927,740.778,575.204
135.096,78.5613,18.6543,741.693,574.976
135.108,78.5629,19.3347,742.607,574.748
135.12,78.5643,20.0151,743.522,574.52
135.132,78.5656,20.6955,744.437,574.292
135.145,78.561,21.1491,745.441,574.03
135.158,78.556,21.6027,746.444,573.768
135.172,78.5506,22.0563,747.447,573.505
135.185,78.5449,22.5099,748.451,573.243
135.198,78.5388,22.9635,749.454,572.981
135.21,78.5443,15.309,750.365,572.737
135.222,78.5495,7.6545,751.275,572.494
135.234,78.5542,0,752.186,572.25
135.245,78.5549,0,753.057,572.01
135.257,78.5554,0,753.928,571.77
135.268,78.5559,0,754.799,571.53
135.28,78.5563,0,755.67,571.29
135.291,78.5566,0,756.54,571.05
135.303,78.5568,0,757.411,570.81
135.319,78.5612,0,758.658,570.455
135.336,78.5653,0,759.905,570.1
135.349,78.5668,0,760.9,569.808
135.362,78.5682,0,761.895,569.516
135.376,78.5695,0,762.89,569.224
135.389,78.5706,0,763.886,568.932
135.402,78.5717,0,764.881,568.64
135.415,78.5785,0.99225,765.896,568.334
135.429,78.5847,1.9845,766.912,568.028
135.44,78.5864,2.4381,767.768,567.765
135.452,78.5882,2.8917,768.625,567.502
135.463,78.5899,3.3453,769.481,567.24
135.475,78.5915,3.7989,770.338,566.977
135.486,78.593,4.2525,771.194,566.714
135.499,78.594,5.315625,772.207,566.399
135.513,78.5949,6.37875,773.22,566.084
135.526,78.599,6.83235,774.21,565.772
135.539,78.6032,7.28595,775.199,565.46
135.553,78.6074,7.73955,776.189,565.148
135.566,78.6115,8.19315,777.179,564.836
135.579,78.6157,8.64675,778.168,564.524
135.59,78.6162,9.10035,779.022,564.251
135.602,78.6167,9.55395,779.875,563.977
135.613,78.6171,10.00755,780.728,563.703
135.625,78.6176,10.46115,781.582,563.43
135.636,78.6181,10.91475,782.435,563.156
135.649,78.6213,11.6235,783.407,562.839
135.662,78.6245,12.33225,784.378,562.522
135.675,78.6277,13.041,785.35,562.205
135.688,78.6175,13.608,786.301,561.887
135.701,78.6072,14.175,787.251,561.569
135.713,78.5968,14.742,788.202,561.251
135.726,78.5863,15.309027,789.152,560.933
135.744,78.5842,16.372152,790.489,560.47
135.762,78.5808,17.435277,791.826,560.007
135.774,78.5837,17.888877,792.713,559.688
135.786,78.5863,18.34245,793.601,559.37
135.798,78.5884,18.79605,794.488,559.051
135.81,78.5901,19.24965,795.376,558.732
135.822,78.5914,19.70325,796.264,558.414
135.833,78.5794,20.801826,797.094,558.111
135.845,78.5667,21.900375,797.924,557.808
135.856,78.5533,22.998924,798.754,557.505
135.867,78.5391,24.0975,799.584,557.201
135.879,78.5353,24.4215,800.497,556.857
135.892,78.5311,24.745473,801.41,556.512
135.904,78.5266,25.069473,802.324,556.167
135.917,78.5219,25.393473,803.237,555.822
135.929,78.5167,25.717473,804.15,555.478
135.942,78.5113,26.041473,805.063,555.133
135.954,78.5056,26.365473,805.976,554.788
135.967,78.4941,27.07425,806.924,554.409
135.98,78.4825,27.783,807.872,554.029
135.993,78.471,28.49175,808.819,553.65
136.007,78.4602,21.652272,809.796,553.239
136.02,78.4492,14.812848,810.772,552.828
136.033,78.438,7.973397,811.749,552.417
136.047,78.4264,1.1339622,812.725,552.006
136.059,78.419,0.8504703,813.586,551.625
136.071,78.4115,0.5669811,814.446,551.244
136.083,78.4039,0.2834892,815.307,550.863
136.095,78.3961,0,816.167,550.482
136.11,78.4056,0,817.237,549.993
136.125,78.4129,0,818.307,549.505
136.139,78.4168,0,819.288,549.047
136.153,78.4204,0,820.268,548.589
136.166,78.4239,0,821.249,548.131
136.18,78.427,0,822.229,547.673
136.194,78.4299,0,823.21,547.215
136.204,78.4296,0,823.954,546.864
136.215,78.4292,0,824.699,546.512
136.225,78.4287,0,825.444,546.16
136.236,78.4281,0,826.189,545.809
136.249,78.4344,0,827.11,545.373
136.262,78.4403,0,828.032,544.937
136.275,78.446,0,828.954,544.501
136.291,78.4426,0,830.087,543.961
136.307,78.4391,0,831.22,543.421
136.323,78.4355,0,832.353,542.881
136.334,78.4313,0,833.158,542.492
136.346,78.4271,0,833.962,542.102
136.357,78.4228,0,834.767,541.713
136.369,78.4185,0,835.572,541.324
136.38,78.4141,0,836.377,540.935
136.395,78.4149,0.567,837.433,540.417
136.41,78.415,1.134,838.489,539.899
136.425,78.4143,1.701,839.545,539.382
136.436,78.404,2.268,840.336,538.992
136.448,78.3935,2.835,841.127,538.603
136.459,78.383,3.402,841.918,538.213
136.47,78.3725,3.969,842.709,537.824
136.483,78.3832,4.725,843.622,537.37
136.496,78.3926,5.481,844.534,536.917
136.509,78.4008,6.237,845.447,536.463
136.522,78.3996,6.768549,846.338,536.011
136.535,78.3985,7.300125,847.229,535.559
136.547,78.3972,7.831674,848.121,535.107
136.56,78.396,8.36325,849.012,534.655
136.574,78.3747,9.072,849.985,534.149
136.588,78.3533,9.78075,850.958,533.643
136.602,78.3318,10.4895,851.932,533.137
136.615,78.3243,11.0565,852.81,532.663
136.628,78.3168,11.6235,853.688,532.189
136.64,78.3092,12.1905,854.566,531.715
136.653,78.3015,12.7575,855.444,531.241
136.665,78.2951,13.289076,856.264,530.785
136.677,78.2881,13.820625,857.084,530.33
136.689,78.2805,14.352201,857.904,529.874
136.701,78.2722,14.88375,858.725,529.418
136.714,78.2614,15.450777,859.594,528.93
136.727,78.2503,16.017777,860.463,528.442
136.739,78.2392,16.584777,861.333,527.955
136.752,78.2279,17.151777,862.202,527.467
136.767,78.2253,18.214875,863.222,526.888
136.782,78.2212,19.278,864.242,526.309
136.795,78.1941,20.034,865.121,525.799
136.808,78.1649,20.79,866,525.289
136.821,78.1335,21.546,866.879,524.78
136.835,78.1275,21.9996,867.798,524.217
136.849,78.121,22.4532,868.718,523.655
136.862,78.1141,22.9068,869.637,523.093
136.876,78.1066,23.3604,870.556,522.531
136.89,78.0987,23.814,871.475,521.969
136.903,78.0778,24.522723,872.331,521.424
136.916,78.0555,25.231473,873.186,520.88
136.929,78.0319,25.940223,874.042,520.335
136.938,78.0049,27.07425,874.631,519.954
136.947,77.9718,28.20825,875.221,519.573
136.962,77.9451,28.66185,876.193,518.925
136.977,77.9181,29.11545,877.166,518.276
136.992,77.8908,29.56905,878.138,517.628
137.007,77.8633,30.02265,879.111,516.98
137.022,77.8354,30.47625,880.083,516.331
137.033,77.8028,30.9015,880.813,515.828
137.045,77.7699,31.32675,881.543,515.325
137.056,77.7367,31.752,882.273,514.822
137.068,77.7031,32.17725,883.003,514.32
137.079,77.6693,32.6025,883.733,513.817
137.092,77.5353,33.3585,884.554,513.231
137.105,77.4006,34.1145,885.375,512.646
137.118,77.2651,34.8705,886.196,512.061
137.134,76.4732,35.93349,887.212,511.297
137.151,75.6643,36.99675,888.228,510.532
137.162,75.3137,37.59912,888.882,509.989
137.173,74.9592,38.20149,889.535,509.446
137.185,74.6007,38.80386,890.188,508.903
137.196,74.2383,39.4065,890.842,508.36
137.21,74.2083,39.83175,891.65,507.661
137.225,74.1771,40.257,892.459,506.962
137.239,74.1447,40.68225,893.268,506.263
137.254,74.111,41.1075,894.076,505.564
137.268,74.0762,41.53275,894.885,504.865
137.283,74.0208,42.66675,895.722,504.135
137.298,73.9531,43.80075,896.559,503.405
137.311,73.922,44.226,897.256,502.787
137.323,73.8904,44.65125,897.948,502.17
137.336,73.8581,45.0765,898.648,501.552
137.348,73.8254,45.50175,899.348,500.934
137.361,73.7921,45.927,900.048,500.317
137.379,73.674,46.98999,901.018,499.415
137.397,73.5526,48.05325,901.988,498.512
137.411,73.5088,48.62025,902.698,497.82
137.424,73.4639,49.18725,903.408,497.127
137.438,73.4179,49.75425,904.118,496.435
137.451,73.3706,50.32125,904.828,495.742
137.464,73.2807,37.95336,905.488,495.078
137.477,73.1848,25.58574,906.148,494.413
137.489,73.0827,13.218039,906.808,493.748
137.502,72.9747,0.8503542,907.458,493.084
137.515,72.9638,0.7288758,908.098,492.395
137.528,72.9526,0.6073974,908.738,491.705
137.541,72.941,0.4859163,909.378,491.016
137.553,72.9291,0.3644379,910.018,490.327
137.566,72.9169,0.24295842,910.658,489.638
137.579,72.9043,0.12147921,911.288,488.948
137.592,72.8914,0,911.928,488.259
137.609,72.8568,0,912.748,487.327
137.626,72.822,0,913.568,486.394
137.643,72.7869,0,914.378,485.462
137.657,72.7657,0,915.038,484.684
137.671,72.7432,0,915.698,483.906
137.685,72.7195,0,916.358,483.129
137.696,72.6915,0,916.868,482.51
137.707,72.6635,0,917.368,481.891
137.718,72.6354,0,917.878,481.272
137.732,72.6251,-0.2480625,918.518,480.457
137.746,72.6145,-0.496125,919.158,479.642
137.761,72.6037,-0.7441875,919.798,478.828
137.775,72.5926,-0.99225,920.428,478.013
137.788,72.5784,-1.55925,921.008,477.225
137.802,72.5634,-2.12625,921.588,476.437
137.815,72.5475,-2.69325,922.168,475.65
137.829,72.5307,-3.26025,922.758,474.862
137.843,72.5529,-3.969,923.338,474.031
137.857,72.572,-4.67775,923.918,473.2
137.871,72.588,-5.3865,924.498,472.369
137.887,72.6167,-6.1425,925.138,471.408
137.903,72.6406,-6.8985,925.788,470.448
137.919,72.6599,-7.6545,926.438,469.487
137.934,72.6792,-5.103,927.028,468.579
137.949,72.6967,-2.5514973,927.628,467.671
137.964,72.7125,0,928.228,466.763
137.976,72.73,0,928.728,465.986
137.988,72.7469,0,929.228,465.209
138,72.7634,0,929.728,464.432
138.012,72.7793,0,930.228,463.655
138.028,72.7903,0,930.818,462.737
138.044,72.8012,0,931.398,461.82
138.06,72.812,0,931.988,460.902
138.072,72.8309,0,932.458,460.167
138.084,72.8498,0,932.928,459.433
138.096,72.8687,0,933.398,458.698
138.111,72.874,-0.496125,933.978,457.776
138.126,72.8792,-0.99225,934.568,456.855
138.141,72.8844,-1.488375,935.148,455.933
138.156,72.8895,-1.9845,935.738,455.012
138.168,72.906,-1.323,936.198,454.271
138.18,72.9222,-0.6615,936.658,453.531
138.192,72.9381,0,937.128,452.79
138.206,72.9503,0,937.668,451.924
138.22,72.9618,0,938.208,451.057
138.234,72.9726,0,938.738,450.191
138.255,72.988,0.2835,939.548,448.89
138.268,73.001,0.637875,940.048,448.085
138.281,73.0137,0.99225,940.548,447.279
138.294,73.0261,1.346625,941.048,446.473
138.307,73.0381,1.701,941.548,445.667
138.32,73.0498,2.055375,942.048,444.862
138.333,73.0612,2.40975,942.548,444.056
138.346,73.0727,3.16575,943.038,443.247
138.359,73.0842,3.92175,943.538,442.438
138.372,73.0957,4.67775,944.038,441.63
138.386,73.0867,5.24475,944.578,440.739
138.4,73.0776,5.81175,945.118,439.848
138.415,73.0686,6.37875,945.648,438.958
138.429,73.0596,6.94575,946.188,438.067
138.441,73.0656,7.6545,946.638,437.313
138.453,73.07,8.36325,947.088,436.559
138.465,73.0729,9.072,947.528,435.805
138.477,73.0813,4.536,947.978,435.05
138.489,73.0891,0,948.428,434.295
138.503,73.0977,0,948.958,433.38
138.518,73.1061,0,949.498,432.465
138.533,73.1143,0,950.028,431.551
138.547,73.1223,0,950.568,430.636
138.562,73.1301,0,951.098,429.722
138.576,73.1378,0,951.638,428.807
138.591,73.18,0,952.188,427.858
138.604,73.185,0,952.658,427.033
138.617,73.19,0,953.138,426.209
138.63,73.195,0,953.608,425.384
138.643,73.1999,0,954.078,424.559
138.656,73.2049,0,954.558,423.734
138.669,73.2098,0,955.028,422.909
138.687,73.2195,0,955.678,421.762
138.705,73.2287,0,956.328,420.614
138.716,73.2337,0,956.708,419.923
138.727,73.2383,0,957.098,419.232
138.737,73.2426,0,957.478,418.541
138.748,73.2466,0,957.868,417.85
138.759,73.2502,0,958.248,417.159
138.773,73.26,0,958.748,416.261
138.787,73.2697,0,959.248,415.364
138.801,73.2794,0,959.738,414.467
138.814,73.2846,0,960.218,413.602
138.828,73.2898,0,960.698,412.736
138.841,73.2949,0,961.178,411.871
138.855,73.3,0,961.658,411.006
138.873,73.3169,0,962.298,409.852
138.891,73.3335,0,962.938,408.699
138.902,73.3403,0.25515,963.348,407.968
138.914,73.347,0.5103,963.758,407.237
138.925,73.3536,0.76545,964.158,406.507
138.937,73.36,1.0206,964.568,405.776
138.948,73.3664,1.27575,964.978,405.045
138.963,73.3765,2.40975,965.508,404.083
138.978,73.3864,3.54375,966.038,403.121
138.994,73.3908,4.11075,966.598,402.109
139.009,73.3951,4.67775,967.158,401.098
139.025,73.3993,5.24475,967.718,400.086
139.041,73.4033,5.81175,968.278,399.075
139.054,73.4118,6.5205,968.738,398.238
139.067,73.4202,7.22925,969.198,397.402
139.08,73.4285,7.938,969.658,396.565
139.094,73.4321,8.505,970.128,395.694
139.107,73.4357,9.072,970.608,394.823
139.12,73.4392,9.639,971.078,393.952
139.134,73.4428,10.206,971.548,393.082
139.147,73.4473,10.773,971.998,392.258
139.16,73.4519,11.34,972.438,391.434
139.172,73.4565,11.907,972.888,390.61
139.185,73.461,12.474,973.328,389.786
139.199,73.4704,13.18275,973.818,388.88
139.213,73.4797,13.8915,974.298,387.973
139.227,73.4889,14.60025,974.788,387.066
139.241,73.4805,15.356277,975.268,386.156
139.255,73.4716,16.112277,975.748,385.246
139.269,73.4623,16.868277,976.228,384.336
139.28,73.4638,17.293527,976.608,383.591
139.292,73.4652,17.718777,976.988,382.846
139.303,73.4665,18.144,977.368,382.1
139.315,73.4677,18.56925,977.748,381.355
139.326,73.4688,18.9945,978.138,380.609
139.344,73.4572,20.1285,978.718,379.426
139.362,73.4356,21.2625,979.308,378.243
139.377,73.4087,19.632375,979.798,377.255
139.392,73.3809,18.00225,980.288,376.267
139.405,73.3911,13.501674,980.688,375.424
139.417,73.399,9.001125,981.088,374.581
139.43,73.4045,4.500549,981.498,373.738
139.443,73.4076,0,981.898,372.895
139.456,73.4114,0.14175,982.288,372.056
139.468,73.4151,0.2835,982.678,371.217
139.481,73.4187,0.42525,983.068,370.379
139.493,73.4221,0.567,983.458,369.54
139.506,73.4254,0.70875,983.848,368.701
139.524,73.4338,1.84275,984.398,367.498
139.542,73.4392,2.97675,984.938,366.295
139.556,73.4362,3.508299,985.348,365.391
139.569,73.4329,4.039875,985.748,364.487
139.582,73.4295,4.571424,986.158,363.583
139.596,73.4259,5.103,986.558,362.678
139.609,73.4207,5.67,986.958,361.771
139.623,73.4152,6.237,987.358,360.864
139.636,73.4095,6.804,987.748,359.957
139.65,73.4035,7.371,988.148,359.05
139.663,73.4056,8.127,988.528,358.174
139.676,73.407,8.883,988.898,357.298
139.689,73.4077,9.639,989.278,356.422
139.701,73.4009,10.170549,989.618,355.612
139.713,73.394,10.702125,989.968,354.803
139.725,73.3871,11.233701,990.308,353.993
139.737,73.3801,11.76525,990.648,353.183
139.751,73.3872,12.33225,991.048,352.218
139.766,73.3938,12.89925,991.448,351.254
139.78,73.4001,13.46625,991.848,350.289
139.794,73.4059,14.03325,992.248,349.324
139.806,73.3986,14.78925,992.578,348.509
139.818,73.3909,15.545277,992.908,347.693
139.83,73.3828,16.301277,993.238,346.878
139.844,73.3808,16.832826,993.598,345.956
139.857,73.3788,17.364402,993.948,345.034
139.87,73.3768,17.895951,994.308,344.111
139.884,73.3747,18.4275,994.658,343.189
139.9,73.3691,19.1835,995.068,342.091
139.916,73.3622,19.9395,995.478,340.993
139.932,73.3539,20.6955,995.878,339.895
139.947,73.3375,21.40425,996.258,338.862
139.962,73.3209,22.113,996.628,337.829
139.977,73.3042,22.82175,996.998,336.796
139.991,73.2413,23.57775,997.338,335.83
140.005,73.1772,24.333723,997.678,334.864
140.019,73.1121,25.089723,998.008,333.898
140.032,73.0236,25.845723,998.318,333
140.045,72.9342,26.601723,998.618,332.101
140.058,72.8437,27.35775,998.918,331.202
140.071,72.777,28.0665,999.208,330.301
140.084,72.7101,28.77525,999.488,329.399
140.097,72.643,29.484,999.778,328.498
140.111,72.6081,29.9376,1000.048,327.537
140.125,72.5722,30.3912,1000.328,326.577
140.138,72.5354,30.8448,1000.608,325.616
140.152,72.4977,31.2984,1000.888,324.655
140.166,72.459,31.752,1001.168,323.695
140.182,72.3402,32.81499,1001.478,322.544
140.199,72.2205,33.87825,1001.798,321.394
140.213,72.1705,34.44525,1002.058,320.399
140.228,72.1187,35.01225,1002.308,319.405
140.242,72.0651,35.57925,1002.568,318.41
140.256,72.0098,36.14625,1002.828,317.416
140.269,71.9603,34.02,1003.038,316.524
140.281,71.9106,31.89375,1003.248,315.632
140.294,71.8609,29.7675,1003.458,314.741
140.307,71.8111,27.64125,1003.668,313.849
140.32,71.7197,13.820598,1003.878,312.904
140.334,71.6263,0,1004.088,311.959
140.348,71.5792,0,1004.298,310.96
140.363,71.5321,0,1004.508,309.962
140.377,71.485,0,1004.718,308.964
140.391,71.4378,0,1004.928,307.966
140.405,71.4006,0,1005.118,306.967
140.419,71.3627,0,1005.308,305.968
140.434,71.3241,0,1005.498,304.97
140.448,71.2849,0,1005.688,303.971
140.463,71.1334,0,1005.878,302.919
140.479,71.1037,0.42525,1006.058,301.826
140.494,71.0737,0.8505,1006.248,300.732
140.51,71.0435,1.27575,1006.428,299.639
140.525,71.0129,1.701,1006.608,298.545
140.541,70.9822,2.12625,1006.788,297.452
140.552,70.9358,2.88225,1006.908,296.681
140.563,70.8892,3.63825,1007.028,295.911
140.574,70.8425,4.39425,1007.148,295.14
140.588,70.8137,4.925799,1007.298,294.143
140.603,70.7849,5.457375,1007.438,293.145
140.617,70.756,5.988924,1007.588,292.148
140.631,70.7271,6.5205,1007.738,291.151
140.649,70.237,7.6545,1007.898,289.895
140.667,69.7332,8.7885,1008.068,288.639
140.681,69.4187,9.320049,1008.138,287.708
140.694,69.0887,9.851625,1008.208,286.777
140.707,68.743,10.383174,1008.268,285.846
140.721,68.3813,10.91475,1008.338,284.915
140.734,68.3429,12.04875,1008.368,283.992
140.748,68.3006,13.18275,1008.408,283.068
140.764,68.2711,13.74975,1008.448,281.941
140.781,68.2406,14.31675,1008.488,280.813
140.798,68.2091,14.88375,1008.518,279.685
140.814,68.1767,15.450777,1008.558,278.557
140.829,68.1415,16.159527,1008.598,277.533
140.844,68.1037,16.868277,1008.638,276.5095
140.859,68.0632,17.577027,1008.678,275.4856
140.872,68.0442,18.144,1008.708,274.5643
140.886,68.023,18.711,1008.748,273.6431
140.899,67.9996,19.278,1008.778,272.7218
140.913,67.9741,19.845,1008.818,271.8005
140.929,67.8624,20.601,1008.848,270.711
140.945,67.7461,21.357,1008.888,269.6214
140.961,67.6254,22.113,1008.928,268.5318
140.975,67.7607,21.02625,1008.958,267.58
140.989,67.8724,19.9395,1008.978,266.6282
141.003,67.9606,18.852723,1009.008,265.6764
141.017,68.0056,14.139549,1009.028,264.7069
141.031,68.0346,9.426375,1009.058,263.7374
141.046,68.0477,4.713174,1009.078,262.7678
141.06,68.0449,0,1009.108,261.7983
141.078,67.9109,0,1009.118,260.5737
141.096,67.7747,0,1009.128,259.3492
141.109,67.7139,0.1063125,1009.118,258.486
141.121,67.6456,0.212625,1009.098,257.6227
141.134,67.5696,0.3189375,1009.088,256.7595
141.147,67.486,0.42525,1009.078,255.8963
141.164,67.495,1.134,1009.038,254.7493
141.181,67.5012,1.84275,1009.008,253.6024
141.198,67.5044,2.5515,1008.968,252.4554
141.213,67.5252,4.8195,1008.938,251.4435
141.228,67.5234,5.2731,1008.888,250.4316
141.243,67.5215,5.7267,1008.848,249.4198
141.258,67.5197,6.1803,1008.808,248.4079
141.273,67.5179,6.6339,1008.758,247.396
141.288,67.5161,7.0875,1008.718,246.3842
141.301,67.4605,7.79625,1008.668,245.5085
141.314,67.4041,8.505,1008.618,244.6328
141.327,67.3468,9.21375,1008.568,243.7572
141.346,67.3594,9.96975,1008.488,242.4797
141.365,67.372,10.72575,1008.398,241.2023
141.384,67.3845,11.48175,1008.318,239.9248
141.395,67.4024,12.1905,1008.268,239.1853
141.406,67.4199,12.89925,1008.218,238.4458
141.417,67.4369,13.608,1008.168,237.7063
141.437,67.3998,14.364,1008.068,236.3623
141.457,67.3627,15.120027,1007.958,235.0182
141.477,67.3254,15.876027,1007.858,233.6742
141.489,67.3178,16.632027,1007.778,232.8698
141.501,67.3098,17.388027,1007.708,232.0654
141.513,67.3015,18.144,1007.628,231.2611
141.527,67.2997,18.85275,1007.538,230.3235
141.541,67.2958,19.5615,1007.438,229.386
141.555,67.2895,20.27025,1007.348,228.4485
141.571,67.2536,20.83725,1007.228,227.3957
141.586,67.2172,21.40425,1007.118,226.343
141.602,67.1803,21.97125,1007.008,225.2903
141.618,67.1429,22.53825,1006.888,224.2375
141.634,67.2225,23.601375,1006.768,223.1356
141.651,67.2993,24.664473,1006.638,222.0338
141.666,67.3066,25.231473,1006.518,221.0316
141.681,67.3135,25.798473,1006.388,220.0295
141.696,67.3199,26.365473,1006.268,219.0273
141.711,67.3259,26.932473,1006.148,218.0252
141.729,67.3346,27.57024,1005.978,216.8247
141.747,67.3383,28.20825,1005.808,215.6241
141.761,67.3218,28.77525,1005.658,214.6768
141.775,67.3044,29.34225,1005.508,213.7294
141.79,67.286,29.90925,1005.358,212.782
141.804,67.2666,30.47625,1005.208,211.8346
141.818,67.2749,31.61025,1005.058,210.9396
141.831,67.277,32.74425,1004.898,210.0445
141.845,67.2802,33.27588,1004.728,209.1013
141.859,67.283,33.80724,1004.548,208.1581
141.874,67.2853,34.33887,1004.378,207.2149
141.888,67.2872,34.8705,1004.208,206.2717
141.903,67.281,36.0045,1004.008,205.2815
141.918,67.273,37.1385,1003.808,204.2913
141.934,67.2689,37.66986,1003.578,203.2567
141.949,67.2644,38.20149,1003.348,202.2221
141.965,67.2596,38.73312,1003.118,201.1874
141.981,67.2544,39.26475,1002.888,200.1528
141.997,67.2334,26.932419,1002.628,199.0744
142.014,67.2121,14.600169,1002.368,197.996
142.028,67.2188,11.680119,1002.118,197.0605
142.043,67.2253,8.760096,1001.868,196.1249
142.057,67.2317,5.840073,1001.618,195.1893
142.072,67.2379,2.920023,1001.368,194.2538
142.086,67.2439,0,1001.128,193.3182
142.104,67.2676,0,1000.798,192.1538
142.122,67.2896,0,1000.468,190.9894
142.135,67.3035,0,1000.208,190.1185
142.149,67.3167,0,999.948,189.2476
142.162,67.3295,0,999.698,188.3767
142.176,67.3417,0,999.438,187.5058
142.193,67.3813,0,999.098,186.41404
142.21,67.4194,0,998.758,185.32229
142.227,67.4561,0,998.408,184.23054
142.242,67.4658,0.070875,998.108,183.30265
142.256,67.4755,0.14175,997.798,182.37476
142.271,67.485,0.212625,997.488,181.44686
142.285,67.4944,0.2835,997.188,180.51897
142.299,67.5036,0.354375,996.878,179.59107
142.314,67.5128,0.42525,996.568,178.66318
142.33,67.5166,1.134,996.228,177.639736
142.346,67.5203,1.84275,995.878,176.616293
142.362,67.524,2.5515,995.538,175.59285
142.374,67.554,3.3075,995.278,174.82513
142.386,67.5834,4.0635,995.018,174.0574
142.398,67.6124,4.8195,994.758,173.28968
142.415,67.6291,5.5755,994.388,172.20278
142.432,67.6458,6.3315,994.018,171.11588
142.449,67.6622,7.0875,993.648,170.02898
142.462,67.6726,7.619049,993.358,169.215
142.475,67.6829,8.150625,993.068,168.40102
142.487,67.693,8.682174,992.788,167.58703
142.5,67.703,9.21375,992.498,166.773
142.519,67.7187,9.96975,992.058,165.5638
142.538,67.7343,10.72575,991.618,164.3546
142.557,67.7498,11.48175,991.188,163.1454
142.568,67.7637,12.1905,990.918,162.4473
142.579,67.7774,12.89925,990.658,161.7492
142.59,67.7907,13.608,990.398,161.0512
142.611,67.8012,14.742,989.898,159.7195
142.632,67.8113,15.876027,989.388,158.3878
142.646,67.8266,16.407576,989.068,157.5327
142.659,67.8416,16.939152,988.738,156.6775
142.673,67.8564,17.470701,988.408,155.8223
142.686,67.8711,18.002277,988.088,154.9671
142.701,67.8858,18.75825,987.708,154.0201
142.716,67.9,19.51425,987.338,153.0731
142.731,67.9138,20.27025,986.968,152.1261
142.745,67.9187,20.1285,986.618,151.2788
142.758,67.9235,19.98675,986.268,150.4315
142.771,67.9283,19.845,985.918,149.5842
142.785,67.933,19.70325,985.568,148.7369
142.8,67.9454,13.1355,985.158,147.8015
142.815,67.9575,6.56775,984.758,146.8661
142.83,67.9693,0,984.348,145.9307
142.845,67.9949,0,983.938,144.9985
142.862,68.005,0,983.468,143.959
142.879,68.015,0,982.988,142.9195
142.895,68.025,0,982.518,141.88
142.912,68.0348,0,982.048,140.8405
142.929,68.0445,0,981.568,139.801
142.943,68.0807,0,981.188,138.9675
142.956,68.1168,0,980.798,138.134
142.969,68.1233,0,980.418,137.3189
142.982,68.1298,0,980.038,136.5039
142.996,68.1363,0,979.658,135.6889
143.009,68.1428,0,979.278,134.8739
143.022,68.1493,0,978.898,134.0588
143.038,68.1705,0.8505,978.418,133.0407
143.055,68.1916,1.701,977.948,132.0225
143.068,68.2052,2.457,977.568,131.2215
143.081,68.2187,3.213,977.188,130.4205
143.094,68.2321,3.969,976.808,129.6195
143.11,68.2419,4.536,976.338,128.6521
143.125,68.2518,5.103,975.868,127.6847
143.141,68.2616,5.67,975.398,126.7174
143.157,68.2714,6.237,974.928,125.75
143.173,68.2831,6.94575,974.448,124.7706
143.189,68.2947,7.6545,973.968,123.7913
143.205,68.306,8.36325,973.478,122.812
143.218,68.3168,9.11925,973.078,122.0185
143.231,68.3275,9.87525,972.678,121.2249
143.244,68.3381,10.63125,972.288,120.4314
143.261,68.3524,11.38725,971.758,119.3964
143.278,68.3666,12.14325,971.228,118.3614
143.295,68.3808,12.89925,970.698,117.3264
143.309,68.3885,13.430826,970.278,116.5068
143.322,68.396,13.962375,969.848,115.6872
143.335,68.4036,14.493951,969.428,114.8677
143.349,68.4111,15.0255,968.998,114.0481
143.365,68.4219,15.781527,968.488,113.0804
143.381,68.4326,16.537527,967.978,112.1127
143.397,68.4432,17.293527,967.458,111.1451
143.41,68.4535,18.4275,967.018,110.3323
143.424,68.4637,19.5615,966.578,109.5195
143.439,68.4691,20.1285,966.078,108.6229
143.454,68.4746,20.6955,965.578,107.7263
143.469,68.48,21.2625,965.078,106.8297
143.484,68.4855,21.8295,964.578,105.9331
143.497,68.4943,22.892625,964.118,105.1321
143.511,68.5031,23.95575,963.658,104.3311
143.526,68.5061,24.40935,963.128,103.4489
143.541,68.5092,24.862923,962.598,102.5667
143.556,68.5122,25.316523,962.078,101.6846
143.571,68.5152,25.770123,961.548,100.8024
143.586,68.5182,26.223723,961.018,99.9202
143.602,68.5256,26.932473,960.448,98.9883
143.618,68.5329,27.64125,959.868,98.0564
143.634,68.5402,28.35,959.288,97.1245
143.648,68.5397,29.106,958.778,96.3145
143.662,68.539,29.862,958.258,95.5046
143.676,68.538,30.618,957.748,94.6946
143.685,68.5425,27.64125,957.408,94.1766
143.694,68.5466,24.664446,957.078,93.6587
143.71,68.5465,18.498348,956.448,92.7164
143.727,68.5463,12.332223,955.818,91.7742
143.743,68.546,6.166125,955.198,90.8319
143.76,68.5457,0,954.568,89.8897
143.776,68.5502,0,953.928,88.9567
143.793,68.5539,0,953.288,88.0237
143.807,68.5623,0,952.718,87.2207
143.822,68.5703,0,952.138,86.4177
143.836,68.5779,0,951.568,85.6147
143.851,68.585,0,950.988,84.8117
143.865,68.5917,0,950.418,84.0088
143.882,68.6172,0,949.738,83.1007
143.898,68.641,0,949.068,82.1926
143.91,68.646,0,948.568,81.536
143.922,68.6505,0,948.068,80.8794
143.934,68.6546,0,947.578,80.2229
143.946,68.6582,0,947.078,79.5663
143.958,68.6614,0,946.578,78.9097
143.977,68.6791,1.134,945.768,77.8437
143.997,68.6964,2.268,944.958,76.778
144.01,68.7268,3.402,944.398,76.039
144.024,68.7551,4.536,943.838,75.301
144.037,68.7607,4.96125,943.288,74.579
144.05,68.7663,5.3865,942.738,73.857
144.064,68.7719,5.81175,942.188,73.136
144.077,68.7773,6.237,941.638,72.414
144.09,68.7827,6.66225,941.088,71.692
144.104,68.7939,7.22925,940.488,70.915
144.118,68.8049,7.79625,939.888,70.139
144.133,68.8158,8.36325,939.288,69.362
144.147,68.8265,8.93025,938.688,68.586
144.171,68.8517,11.19825,937.678,67.283
144.185,68.8558,11.6235,937.058,66.506
144.2,68.8599,12.04875,936.438,65.729
144.214,68.864,12.474,935.828,64.953
144.229,68.868,12.89925,935.208,64.176
144.243,68.8721,13.3245,934.598,63.399
144.259,68.8904,14.4585,933.878,62.516
144.276,68.9086,15.592527,933.168,61.633
144.288,68.9154,16.301277,932.638,60.993
144.3,68.9221,17.010027,932.118,60.353
144.312,68.9287,17.718777,931.588,59.713
144.326,68.9334,18.172377,930.958,58.951
144.341,68.9381,18.62595,930.318,58.188
144.355,68.9428,19.07955,929.688,57.426
144.37,68.9474,19.53315,929.048,56.663
144.384,68.9521,19.98675,928.418,55.901
144.399,68.9574,20.6955,927.738,55.115
144.414,68.9627,21.40425,927.068,54.33
144.429,68.9679,22.113,926.398,53.544
144.443,68.9707,22.869,925.758,52.82
144.457,68.9736,23.625,925.118,52.096
144.471,68.9763,24.380973,924.478,51.372
144.487,68.979,25.089723,923.738,50.555
144.503,68.9816,25.798473,922.998,49.737
144.519,68.9841,26.507223,922.248,48.92
144.533,68.984,27.26325,921.598,48.215
144.547,68.9839,28.01925,920.938,47.509
144.561,68.9837,28.77525,920.278,46.804
144.579,68.9815,20.128446,919.418,45.906
144.592,68.9873,16.102773,918.778,45.256
144.605,68.9931,12.077073,918.138,44.607
144.619,68.999,8.051373,917.498,43.958
144.632,69.0047,4.0257,916.858,43.309
144.645,69.0105,0,916.218,42.66
144.661,69.0182,0,915.418,41.859
144.678,69.0259,0,914.608,41.058
144.691,69.0333,0,913.948,40.422
144.704,69.0407,0,913.298,39.786
144.718,69.048,0,912.648,39.15
144.731,69.0552,0,911.988,38.513
144.744,69.0624,0,911.338,37.877
144.762,69.0748,0,910.448,37.016
144.78,69.0863,0,909.548,36.155
144.795,69.0871,0,908.788,35.446
144.81,69.0874,0,908.038,34.737
144.825,69.087,0,907.278,34.028
144.84,69.0861,0,906.518,33.32
144.852,69.0909,0.756,905.908,32.762
144.864,69.0912,1.512,905.298,32.204
144.876,69.0869,2.268,904.678,31.647
144.891,69.0281,3.402,903.908,30.953
144.906,68.9673,4.536,903.138,30.26
144.923,68.9778,5.103,902.298,29.498
144.939,68.9876,5.67,901.448,28.736
144.956,68.9965,6.237,900.608,27.974
144.972,69.0047,6.804,899.758,27.212
144.985,69.035,7.371,899.108,26.623
144.997,69.0637,7.938,898.448,26.035
145.01,69.0909,8.505,897.798,25.446
145.023,69.1165,9.072,897.14,24.858
145.041,69.1312,11.34,896.213,24.027
145.056,69.135,11.694375,895.435,23.343
145.071,69.1383,12.04875,894.656,22.658
145.086,69.1409,12.403125,893.878,21.973
145.101,69.1429,12.7575,893.099,21.288
145.116,69.1444,13.111875,892.321,20.603
145.131,69.1453,13.46625,891.542,19.918
145.143,69.146,14.22225,890.913,19.378
145.155,69.1462,14.97825,890.284,18.837
145.167,69.1458,15.734277,889.655,18.297
145.185,69.1566,16.443027,888.706,17.491
145.203,69.1671,17.151777,887.757,16.686
145.221,69.1772,17.860527,886.808,15.881
145.234,69.1816,18.4275,886.13,15.317
145.246,69.1858,18.9945,885.452,14.752
145.259,69.1895,19.5615,884.775,14.188
145.272,69.193,20.1285,884.097,13.623
145.29,69.1909,21.191625,883.131,12.838
145.308,69.1886,22.25475,882.164,12.052
145.322,69.1786,22.9635,881.403,11.454
145.336,69.1682,23.67225,880.641,10.856
145.35,69.1575,24.380973,879.88,10.258
145.363,69.1588,24.947973,879.176,9.72800000000001
145.376,69.1588,25.514973,878.471,9.19800000000001
145.388,69.1575,26.081973,877.767,8.667
145.401,69.1549,26.648973,877.063,8.137
145.421,69.1553,27.71199,875.977,7.33799999999999
145.44,69.1549,28.77525,874.89,6.53999999999999
145.453,69.1435,29.34225,874.177,6.02099999999999
145.465,69.1317,29.90925,873.464,5.50200000000001
145.478,69.1194,30.47625,872.752,4.98400000000001
145.491,69.1068,31.04325,872.039,4.465
145.506,69.1167,31.752,871.195,3.863
145.521,69.124,32.46075,870.35,3.25999999999999
145.536,69.1288,33.1695,869.506,2.65799999999999
145.549,69.1136,33.7365,868.779,2.16
145.561,69.0983,34.3035,868.051,1.66200000000001
145.574,69.083,34.8705,867.324,1.16399999999999
145.587,69.0675,35.4375,866.597,0.664999999999992
145.602,69.0365,23.624946,865.727,0.102000000000004
145.617,69.0054,11.812473,864.858,-0.461999999999989
145.632,68.9743,0,863.988,-1.02500000000001
145.65,68.986,0,862.929,-1.67500000000001
145.668,68.9972,0,861.871,-2.32599999999999
145.686,69.0078,0,860.812,-2.976
145.698,69.0198,0,860.1,-3.399
145.71,69.0304,0,859.388,-3.82300000000001
145.722,69.0396,0,858.676,-4.24600000000001
145.736,69.0579,0,857.841,-4.733
145.75,69.0755,0,857.005,-5.21899999999999
145.764,69.0922,0,856.17,-5.70599999999999
145.78,69.1013,0.1771875,855.179,-6.27000000000001
145.796,69.1102,0.354375,854.189,-6.83500000000001
145.811,69.1189,0.5315625,853.199,-7.40000000000001
145.827,69.1273,0.70875,852.208,-7.965
145.842,69.1476,1.84275,851.395,-8.423
145.857,69.1675,2.97675,850.582,-8.88200000000001
145.87,69.1738,3.402,849.784,-9.32400000000001
145.883,69.1801,3.82725,848.985,-9.767
145.897,69.1864,4.2525,848.187,-10.21
145.91,69.1927,4.67775,847.388,-10.653
145.923,69.199,5.103,846.59,-11.096
145.941,69.2226,6.237,845.495,-11.692
145.959,69.2458,7.371,844.401,-12.289
145.974,69.2589,8.505,843.488,-12.783
145.989,69.2717,9.639,842.574,-13.277
146.003,69.2794,10.06425,841.695,-13.748
146.018,69.2871,10.4895,840.815,-14.219
146.032,69.2948,10.91475,839.936,-14.69
146.047,69.3024,11.34,839.056,-15.161
146.061,69.31,11.76525,838.177,-15.632
146.077,69.323,12.52125,837.194,-16.146
146.093,69.3358,13.27725,836.21,-16.659
146.109,69.3483,14.03325,835.227,-17.172
146.124,69.3726,16.301277,834.302,-17.648
146.138,69.379,16.754877,833.447,-18.078
146.152,69.3854,17.208477,832.592,-18.509
146.165,69.3918,17.66205,831.737,-18.939
146.179,69.3982,18.11565,830.881,-19.37
146.193,69.4045,18.56925,830.026,-19.8
146.208,69.4092,19.632375,829.092,-20.258
146.223,69.4137,20.6955,828.157,-20.717
146.236,69.417,21.12075,827.33,-21.112
146.249,69.4201,21.546,826.503,-21.506
146.263,69.4231,21.97125,825.676,-21.901
146.276,69.4261,22.3965,824.849,-22.296
146.289,69.429,22.82175,824.022,-22.691
146.304,69.4343,23.95575,823.076,-23.126
146.319,69.4396,25.089723,822.13,-23.561
146.335,69.4405,25.621299,821.081,-24.023
146.352,69.4414,26.152848,820.032,-24.484
146.368,69.4422,26.684424,818.983,-24.945
146.385,69.443,27.216,817.934,-25.407
146.398,69.4543,28.35,817.07,-25.771
146.412,69.4654,29.484,816.206,-26.135
146.426,69.4629,29.9376,815.28,-26.513
146.441,69.4603,30.3912,814.354,-26.892
146.455,69.4577,30.8448,813.428,-27.27
146.47,69.4551,31.2984,812.503,-27.649
146.484,69.4524,31.752,811.577,-28.027
146.496,69.45,32.319,810.8,-28.33
146.508,69.4472,32.886,810.024,-28.633
146.52,69.4439,33.453,809.247,-28.936
146.532,69.4403,34.02,808.471,-29.239
146.551,69.4228,17.576946,807.2,-29.708
146.571,69.4052,1.1339379,805.929,-30.176
146.583,69.4082,0.8504541,805.142,-30.448
146.595,69.4109,0.5669676,804.355,-30.721
146.607,69.4135,0.2834838,803.567,-30.994
146.619,69.4158,0,802.78,-31.266
146.633,69.4281,0,801.857,-31.57
146.647,69.44,0,800.934,-31.874
146.661,69.4516,0,800.01,-32.178
146.68,69.4671,0,798.752,-32.577
146.699,69.4821,0,797.494,-32.976
146.718,69.4967,0,796.236,-33.375
146.729,69.5174,0,795.506,-33.602
146.74,69.5377,0,794.776,-33.829
146.751,69.5576,0,794.046,-34.057
146.769,69.5777,0,792.85,-34.426
146.787,69.5974,0,791.654,-34.795
146.8,69.6049,0.31185,790.775,-35.06
146.813,69.6122,0.6237,789.896,-35.326
146.827,69.6195,0.93555,789.017,-35.591
146.84,69.6266,1.2474,788.137,-35.857
146.853,69.6336,1.55925,787.258,-36.123
146.868,69.6208,2.31525,786.255,-36.414
146.883,69.6079,3.07125,785.252,-36.705
146.898,69.5949,3.82725,784.249,-36.996
146.911,69.5977,4.536,783.377,-37.236
146.924,69.5983,5.24475,782.505,-37.477
146.937,69.5966,5.9535,781.633,-37.717
146.952,69.5971,6.5205,780.624,-37.985
146.967,69.597,7.0875,779.615,-38.253
146.982,69.5962,7.6545,778.606,-38.521
146.997,69.5947,8.2215,777.598,-38.788
147.01,69.5705,8.93025,776.723,-39.019
147.023,69.5462,9.639,775.849,-39.251
147.036,69.522,10.34775,774.974,-39.482
147.053,69.5028,11.10375,773.832,-39.783
147.07,69.483,11.85975,772.689,-40.085
147.087,69.4624,12.61575,771.547,-40.387
147.105,69.6555,14.88375,770.338,-40.705
147.117,69.6555,15.238152,769.494,-40.919
147.13,69.6554,15.592527,768.651,-41.133
147.142,69.6553,15.946902,767.807,-41.347
147.155,69.655,16.301277,766.963,-41.561
147.167,69.6546,16.655652,766.12,-41.775
147.18,69.6541,17.010027,765.276,-41.989
147.198,69.6559,18.144,764.055,-42.272
147.216,69.6514,19.278,762.833,-42.555
147.23,69.6472,19.809576,761.863,-42.763
147.245,69.6422,20.341125,760.893,-42.971
147.259,69.6365,20.872701,759.922,-43.179
147.273,69.6301,21.40425,758.952,-43.388
147.285,69.6325,22.16025,758.133,-43.556
147.297,69.6344,22.91625,757.315,-43.725
147.309,69.6355,23.67225,756.496,-43.893
147.328,69.6489,24.380973,755.198,-44.15
147.347,69.6607,25.089723,753.899,-44.406
147.366,69.6707,25.798473,752.6,-44.662
147.379,69.6717,26.365473,751.726,-44.822
147.392,69.6726,26.932473,750.852,-44.983
147.404,69.6734,27.4995,749.978,-45.143
147.417,69.6741,28.0665,749.104,-45.303
147.432,69.6562,22.112973,748.074,-45.481
147.446,69.6505,17.690373,747.083,-45.636
147.461,69.6448,13.267773,746.092,-45.792
147.475,69.6391,8.845173,745.101,-45.947
147.49,69.6334,4.4226,744.109,-46.102
147.504,69.6277,0,743.118,-46.258
147.518,69.6348,0,742.186,-46.38
147.531,69.6415,0,741.254,-46.502
147.544,69.6477,0,740.321,-46.624
147.558,69.6535,0,739.389,-46.746
147.571,69.6664,0,738.489,-46.852
147.584,69.6774,0,737.59,-46.958
147.597,69.6864,0,736.69,-47.064
147.612,69.6796,0,735.652,-47.184
147.627,69.6717,0,734.614,-47.304
147.642,69.6629,0,733.575,-47.424
147.66,69.6801,0,732.33,-47.569
147.678,69.6962,0,731.085,-47.715
147.696,69.7114,0,729.839,-47.86
147.708,69.7338,0,729.008,-47.959
147.72,69.7552,0,728.177,-48.057
147.732,69.7755,0,727.345,-48.155
147.746,69.7695,0,726.358,-48.273
147.76,69.7633,0,725.371,-48.391
147.775,69.7569,0,724.383,-48.509
147.789,69.7503,0,723.396,-48.627
147.806,69.7593,0,722.253,-48.762
147.822,69.761,0,721.11,-48.896
147.837,69.7431,0,720.071,-49.018
147.852,69.7246,0,719.032,-49.139
147.867,69.7056,0,717.993,-49.261
147.882,69.686,0,716.954,-49.382
147.894,69.653,0,716.123,-49.479
147.906,69.6198,0,715.293,-49.577
147.918,69.5865,0,714.463,-49.674
147.932,69.6315,0.23625,713.495,-49.787
147.946,69.674,0.4725,712.528,-49.9
147.96,69.7139,0.70875,711.56,-50.013
147.972,69.7604,1.84275,710.729,-50.109
147.984,69.8031,2.97675,709.899,-50.205
148,69.806,3.43035,708.775,-50.326
148.016,69.8088,3.88395,707.65,-50.447
148.033,69.8114,4.33755,706.526,-50.568
148.049,69.8139,4.79115,705.402,-50.688
148.065,69.8161,5.24475,704.277,-50.809
148.077,69.8228,5.9535,703.444,-50.889
148.089,69.8285,6.66225,702.61,-50.968
148.101,69.8332,7.371,701.776,-51.048
148.117,69.8324,7.938,700.681,-51.146
148.133,69.8312,8.505,699.586,-51.244
148.148,69.8295,9.072,698.492,-51.343
148.164,69.8274,9.639,697.397,-51.441
148.176,69.8034,10.773,696.562,-51.514
148.188,69.7791,11.907,695.728,-51.588
148.203,69.8135,12.61575,694.685,-51.678
148.218,69.8466,13.3245,693.643,-51.768
148.233,69.8785,14.03325,692.6,-51.858
148.247,69.8907,14.78925,691.626,-51.939
148.261,69.9024,15.545277,690.651,-52.02
148.275,69.9138,16.301277,689.677,-52.101
148.291,69.9159,15.677577,688.589,-52.181
148.306,69.9179,15.053877,687.501,-52.262
148.322,69.9199,14.430177,686.414,-52.343
148.337,69.9218,13.80645,685.326,-52.424
148.353,69.9238,13.18275,684.238,-52.504
148.365,69.9262,8.7885,683.401,-52.554
148.377,69.9284,4.39425,682.563,-52.604
148.389,69.9302,0,681.725,-52.653
148.403,69.936,0,680.73,-52.701
148.418,69.9415,0,679.735,-52.75
148.432,69.9468,0,678.739,-52.798
148.446,69.9517,0,677.744,-52.846
148.46,69.9611,0,676.766,-52.887
148.474,69.9703,0,675.787,-52.927
148.488,69.9794,0,674.809,-52.968
148.504,69.9889,0,673.69,-53.011
148.52,69.9984,0,672.571,-53.053
148.536,70.0077,0,671.452,-53.096
148.549,70.0163,0,670.543,-53.13
148.562,70.0248,0,669.633,-53.164
148.575,70.0333,0,668.724,-53.198
148.589,70.0436,0.496125,667.779,-53.232
148.602,70.0538,0.99225,666.834,-53.266
148.615,70.0639,1.488375,665.889,-53.3
148.629,70.0739,1.9845,664.944,-53.334
148.647,70.0832,3.1185,663.683,-53.377
148.665,70.0923,4.2525,662.423,-53.421
148.679,70.0981,4.8195,661.424,-53.453
148.693,70.1038,5.3865,660.426,-53.486
148.708,70.1094,5.9535,659.428,-53.519
148.722,70.115,6.5205,658.43,-53.552
148.735,70.131,7.22925,657.518,-53.581
148.748,70.1468,7.938,656.607,-53.609
148.761,70.1625,8.64675,655.696,-53.638
148.775,70.1684,9.21375,654.749,-53.666
148.788,70.1741,9.78075,653.802,-53.693
148.801,70.1798,10.34775,652.855,-53.72
148.815,70.1855,10.91475,651.908,-53.748
148.832,70.1983,11.977875,650.751,-53.776
148.848,70.211,13.041,649.593,-53.805
148.863,70.2206,14.175,648.54,-53.826
148.878,70.2298,15.309027,647.488,-53.847
148.891,70.2312,15.663402,646.575,-53.859
148.904,70.2326,16.017777,645.662,-53.871
148.917,70.234,16.372152,644.749,-53.883
148.93,70.2353,16.726527,643.837,-53.895
148.943,70.2366,17.080902,642.924,-53.907
148.956,70.238,17.435277,642.011,-53.919
148.973,70.2517,11.836125,640.852,-53.925
148.989,70.265,6.237,639.693,-53.931
149.003,70.2706,4.67775,638.692,-53.93
149.018,70.2762,3.1185,637.69,-53.929
149.032,70.2817,1.5592527,636.689,-53.928
149.046,70.2873,0,635.688,-53.927
149.061,70.2934,0,634.633,-53.919
149.076,70.2995,0,633.579,-53.912
149.091,70.3056,0,632.524,-53.904
149.105,70.3147,0,631.575,-53.893
149.118,70.3239,0,630.625,-53.882
149.132,70.333,0,629.676,-53.87
149.145,70.3421,0,628.727,-53.859
149.161,70.357,0,627.566,-53.837
149.178,70.3714,0,626.405,-53.816
149.191,70.3812,0,625.491,-53.794
149.204,70.3908,0,624.576,-53.772
149.217,70.4002,0,623.661,-53.75
149.233,70.4071,0,622.553,-53.717
149.249,70.4137,0,621.445,-53.684
149.264,70.4201,0,620.336,-53.651
149.28,70.4263,0,619.228,-53.618
149.292,70.4309,0,618.384,-53.591
149.304,70.4355,0,617.539,-53.564
149.316,70.4399,0,616.694,-53.537
149.328,70.4443,0,615.849,-53.51
149.346,70.4296,1.063125,614.477,-53.467
149.364,70.4149,2.12625,613.104,-53.425
149.378,70.4438,2.728674,612.206,-53.397
149.391,70.4723,3.331125,611.308,-53.37
149.404,70.5004,3.933549,610.41,-53.343
149.418,70.5282,4.536,609.512,-53.316
149.431,70.5336,5.032125,608.613,-53.29
149.443,70.539,5.52825,607.714,-53.264
149.456,70.5443,6.024375,606.815,-53.238
149.469,70.5496,6.5205,605.916,-53.212
149.488,70.5651,7.6545,604.541,-53.172
149.508,70.5803,8.7885,603.165,-53.132
149.522,70.5862,9.320049,602.16,-53.1
149.536,70.592,9.851625,601.155,-53.069
149.551,70.5978,10.383174,600.149,-53.038
149.565,70.6034,10.91475,599.144,-53.006
149.576,70.6117,7.2765,598.368,-52.98
149.587,70.6198,3.63825,597.592,-52.953
149.598,70.6278,0,596.816,-52.926
149.614,70.6331,0,595.704,-52.885
149.63,70.6384,0,594.592,-52.844
149.645,70.6437,0,593.48,-52.803
149.661,70.6489,0,592.369,-52.762
149.676,70.6622,0,591.31,-52.721
149.691,70.6756,0,590.251,-52.68
149.705,70.6873,0,589.244,-52.64
149.719,70.6991,0,588.238,-52.599
149.734,70.7108,0,587.231,-52.559
149.748,70.7225,0,586.225,-52.519
149.759,70.7314,0,585.43,-52.485
149.771,70.7404,0,584.634,-52.452
149.782,70.7492,0,583.839,-52.419
149.793,70.7581,0,583.044,-52.385
149.808,70.7692,0,581.984,-52.339
149.823,70.7803,0,580.923,-52.292
149.838,70.7913,0,579.863,-52.245
149.852,70.7993,0,578.855,-52.199
149.867,70.8072,0,577.847,-52.153
149.881,70.8152,0,576.839,-52.107
149.895,70.823,0,575.831,-52.061
149.913,70.8467,0,574.558,-52.001
149.928,70.8542,0,573.496,-51.952
149.943,70.8617,0,572.434,-51.903
149.958,70.8692,0,571.373,-51.853
149.973,70.8768,0,570.311,-51.804
149.988,70.8843,0,569.249,-51.754
150.003,70.9007,0,568.187,-51.705
150.018,70.9172,0,567.124,-51.656
150.032,70.9243,0,566.115,-51.609
150.047,70.9315,0,565.105,-51.563
150.061,70.9386,0,564.096,-51.516
150.075,70.9457,0,563.086,-51.47
150.086,70.9561,0,562.306,-51.434
150.097,70.9665,0,561.527,-51.399
150.108,70.9769,0,560.747,-51.363
150.121,70.9859,0,559.825,-51.321
150.134,70.9949,0,558.903,-51.28
150.147,71.0037,0,557.982,-51.238
150.164,71.0085,0,556.758,-51.183
150.182,71.0133,0,555.535,-51.128
150.199,71.0181,0,554.311,-51.073
150.216,71.0227,0,553.087,-51.018
150.23,71.031,0.756,552.094,-50.974
150.244,71.0393,1.512,551.101,-50.93
150.258,71.0476,2.268,550.107,-50.885
150.271,71.0612,2.799549,549.202,-50.845
150.284,71.0746,3.331125,548.297,-50.805
150.296,71.0878,3.862674,547.391,-50.765
150.309,71.101,4.39425,546.486,-50.725
150.323,71.111,5.15025,545.492,-50.68
150.337,71.1211,5.90625,544.497,-50.636
150.351,71.1311,6.66225,543.502,-50.591
150.364,71.1394,7.193799,542.596,-50.55
150.376,71.1477,7.725375,541.69,-50.508
150.389,71.156,8.256924,540.784,-50.466
150.402,71.1643,8.7885,539.878,-50.424
150.418,71.1693,9.49725,538.741,-50.369
150.434,71.1741,10.206,537.603,-50.315
150.45,71.1786,10.91475,536.466,-50.26
150.462,71.1846,11.67075,535.613,-50.218
150.474,71.1904,12.42675,534.76,-50.175
150.486,71.1961,13.18275,533.907,-50.133
150.502,71.212,8.7885,532.769,-50.072
150.518,71.2276,4.39425,531.631,-50.012
150.534,71.243,0,530.493,-49.951
150.546,71.2513,0,529.64,-49.903
150.558,71.2595,0,528.786,-49.855
150.572,71.2661,0,527.804,-49.795
150.586,71.2727,0,526.823,-49.734
150.599,71.2792,0,525.841,-49.674
150.613,71.2858,0,524.859,-49.614
150.627,71.2924,0,523.878,-49.554
150.643,71.3054,0,522.704,-49.476
150.66,71.318,0,521.53,-49.397
150.675,71.3349,0,520.463,-49.323
150.69,71.3517,0,519.395,-49.25
150.704,71.3575,0,518.435,-49.18
150.717,71.3634,0,517.474,-49.111
150.73,71.3692,0,516.513,-49.042
150.744,71.375,0,515.552,-48.973
150.757,71.3808,0,514.592,-48.903
150.771,71.3866,0,513.631,-48.834
150.786,71.395,0,512.563,-48.755
150.801,71.4033,0,511.495,-48.676
150.816,71.4116,0,510.427,-48.597
150.83,71.4261,0,509.43,-48.523
150.844,71.4404,0,508.433,-48.449
150.858,71.4547,0,507.435,-48.374
150.872,71.4615,0,506.42,-48.298
150.887,71.4682,0,505.404,-48.222
150.901,71.475,0,504.389,-48.145
150.915,71.4817,0,503.373,-48.069
150.924,71.4953,-0.070875,502.732,-48.02
150.933,71.5088,-0.14175,502.09,-47.972
150.948,71.515,-0.567,501.021,-47.891
150.963,71.5212,-0.99225,499.951,-47.81
150.978,71.5274,-1.4175,498.881,-47.73
150.993,71.5336,-1.84275,497.812,-47.649
151.008,71.5397,-2.268,496.742,-47.568
151.021,71.5481,-2.97675,495.814,-47.498
151.034,71.5565,-3.6855,494.887,-47.428
151.047,71.5649,-4.39425,493.959,-47.359
151.061,71.5754,-3.295674,492.942,-47.283
151.076,71.5858,-2.197125,491.925,-47.207
151.09,71.5961,-1.0985625,490.907,-47.131
151.104,71.6065,0,489.89,-47.055
151.12,71.6156,0,488.712,-46.968
151.137,71.6246,0,487.533,-46.881
151.151,71.6329,0,486.515,-46.807
151.165,71.6413,0,485.497,-46.732
151.18,71.6496,0,484.479,-46.658
151.194,71.6578,0,483.461,-46.584
151.206,71.6672,0,482.603,-46.522
151.218,71.6765,0,481.745,-46.46
151.23,71.6858,0,480.888,-46.399
151.243,71.6899,0,479.922,-46.33
151.257,71.6939,0,478.957,-46.261
151.27,71.6979,0,477.992,-46.193
151.284,71.7018,0,477.026,-46.124
151.303,71.7154,0.921375,475.631,-46.026
151.323,71.7289,1.84275,474.236,-45.927
151.337,71.7399,2.3743125,473.27,-45.86
151.35,71.7508,2.905875,472.304,-45.792
151.363,71.7616,3.437424,471.338,-45.725
151.377,71.7722,3.969,470.372,-45.657
151.391,71.7808,2.646,469.369,-45.587
151.405,71.7894,1.323,468.367,-45.517
151.419,71.798,0,467.364,-45.446
151.433,71.8041,0,466.397,-45.378
151.446,71.8102,0,465.43,-45.31
151.46,71.8161,0,464.463,-45.241
151.473,71.8221,0,463.496,-45.173
151.486,71.8273,0,462.583,-45.108
151.499,71.8324,0,461.669,-45.043
151.511,71.8374,0,460.756,-44.978
151.524,71.8424,0,459.842,-44.913
151.538,71.8512,0,458.839,-44.842
151.552,71.86,0,457.836,-44.77
151.566,71.8688,0,456.832,-44.698
151.58,71.8811,0,455.829,-44.626
151.594,71.8933,0,454.825,-44.554
151.608,71.9055,0,453.821,-44.481
151.621,71.9136,0,452.907,-44.415
151.633,71.9216,0,451.992,-44.349
151.646,71.9296,0,451.078,-44.282
151.659,71.9375,0,450.163,-44.216
151.674,71.9555,0,449.087,-44.136
151.689,71.9734,0,448.011,-44.057
151.706,71.9766,0.3189375,446.826,-43.97
151.722,71.9797,0.637875,445.642,-43.883
151.738,71.9829,0.9568125,444.457,-43.796
151.755,71.9859,1.27575,443.273,-43.709
151.767,71.9985,2.03175,442.411,-43.645
151.779,72.011,2.78775,441.55,-43.582
151.791,72.0236,3.54375,440.688,-43.519
151.805,72.0299,4.075299,439.718,-43.447
151.818,72.0362,4.606875,438.749,-43.375
151.831,72.0425,5.138424,437.779,-43.304
151.845,72.0488,5.67,436.809,-43.232
151.862,72.0499,6.733125,435.624,-43.143
151.878,72.0508,7.79625,434.438,-43.054
151.89,72.0623,8.24985,433.576,-42.988
151.902,72.0737,8.70345,432.714,-42.922
151.914,72.0851,9.15705,431.852,-42.856
151.926,72.0964,9.61065,430.989,-42.79
151.938,72.1076,10.06425,430.127,-42.724
151.953,72.1201,5.032125,429.049,-42.639
151.968,72.132,0,427.97,-42.554
151.983,72.1387,0,426.892,-42.464
151.998,72.1454,0,425.813,-42.375
152.013,72.152,0,424.735,-42.285
152.028,72.1586,0,423.657,-42.196
152.039,72.1634,0,422.866,-42.127
152.05,72.1679,0,422.075,-42.059
152.061,72.1723,0,421.284,-41.99
152.075,72.1801,0,420.292,-41.901
152.089,72.188,0,419.299,-41.812
152.102,72.1957,0,418.307,-41.724
152.116,72.2035,0,417.315,-41.635
152.13,72.2113,0,416.323,-41.546
152.148,72.222,0,415.028,-41.427
152.166,72.2326,0,413.734,-41.308
152.179,72.2442,0.4725,412.799,-41.22
152.192,72.2558,0.945,411.864,-41.133
152.205,72.2673,1.4175,410.929,-41.045
152.22,72.2759,1.9845,409.849,-40.943
152.235,72.2845,2.5515,408.77,-40.841
152.25,72.2931,3.1185,407.691,-40.739
152.265,72.3016,3.6855,406.611,-40.637
152.277,72.316,4.748625,405.748,-40.554
152.289,72.3303,5.81175,404.884,-40.471
152.302,72.3351,6.26535,403.934,-40.378
152.315,72.3399,6.71895,402.983,-40.286
152.329,72.3446,7.17255,402.033,-40.193
152.342,72.3494,7.62615,401.083,-40.1
152.355,72.3541,8.07975,400.132,-40.007
152.369,72.3599,8.64675,399.107,-39.904
152.383,72.3656,9.21375,398.081,-39.801
152.398,72.3713,9.78075,397.055,-39.698
152.412,72.3768,10.34775,396.029,-39.594
152.427,72.3782,11.00925,394.949,-39.483
152.442,72.3794,11.67075,393.869,-39.371
152.457,72.3805,12.33225,392.789,-39.259
152.468,72.3896,13.041,391.997,-39.175
152.479,72.3985,13.74975,391.205,-39.091
152.49,72.4072,14.4585,390.413,-39.007
152.508,72.4161,15.592527,389.117,-38.865
152.526,72.4246,16.726527,387.822,-38.723
152.539,72.4296,11.151,386.886,-38.616
152.552,72.4345,5.5755,385.951,-38.509
152.565,72.4393,0,385.015,-38.402
152.578,72.4427,0,384.066,-38.286
152.591,72.4461,0,383.117,-38.17
152.605,72.4494,0,382.167,-38.054
152.618,72.4528,0,381.218,-37.938
152.631,72.4561,0,380.269,-37.822
152.647,72.4635,0,379.119,-37.672
152.663,72.4707,0,377.969,-37.522
152.679,72.4777,0,376.82,-37.372
152.693,72.4838,0,375.85,-37.241
152.706,72.4899,0,374.88,-37.11
152.719,72.4959,0,373.91,-36.98
152.733,72.5018,0,372.94,-36.849
152.745,72.5112,0,372.078,-36.731
152.757,72.5206,0,371.216,-36.613
152.769,72.5298,0,370.354,-36.495
152.781,72.5391,0,369.492,-36.376
152.795,72.5489,-0.567,368.486,-36.237
152.809,72.5586,-1.134,367.48,-36.097
152.823,72.5683,-1.701,366.474,-35.957
152.837,72.5748,-2.2325625,365.503,-35.821
152.85,72.5812,-2.764125,364.533,-35.685
152.863,72.5876,-3.295674,363.563,-35.549
152.877,72.594,-3.82725,362.592,-35.413
152.892,72.6017,-4.58325,361.514,-35.262
152.907,72.6094,-5.33925,360.435,-35.111
152.922,72.617,-6.09525,359.357,-34.96
152.936,72.6247,-6.804,358.35,-34.82
152.95,72.6324,-7.51275,357.342,-34.68
152.964,72.64,-8.2215,356.335,-34.541
152.98,72.6499,-8.9775,355.184,-34.383
152.996,72.6597,-9.7335,354.032,-34.226
153.012,72.6693,-10.4895,352.88,-34.068
153.021,72.68,-5.24475,352.232,-33.981
153.03,72.6904,0,351.584,-33.894
153.045,72.6948,0,350.502,-33.753
153.06,72.6992,0,349.421,-33.613
153.075,72.7036,0,348.34,-33.472
153.09,72.708,0,347.259,-33.331
153.105,72.7123,0,346.177,-33.19
153.118,72.7193,0,345.239,-33.072
153.131,72.7263,0,344.301,-32.955
153.144,72.7332,0,343.363,-32.837
153.157,72.7391,0,342.453,-32.725
153.169,72.745,0,341.544,-32.614
153.182,72.7508,0,340.634,-32.503
153.194,72.7567,0,339.724,-32.392
153.207,72.7625,0,338.814,-32.281
153.224,72.7763,0,337.622,-32.139
153.24,72.79,0,336.429,-31.997
153.254,72.7966,-0.1771875,335.399,-31.876
153.268,72.8032,-0.354375,334.369,-31.756
153.283,72.8097,-0.5315625,333.338,-31.635
153.297,72.8162,-0.70875,332.308,-31.515
153.311,72.8243,-1.4175,331.295,-31.398
153.325,72.8324,-2.12625,330.282,-31.281
153.339,72.8404,-2.835,329.27,-31.164
153.353,72.8479,-3.402,328.292,-31.053
153.366,72.8554,-3.969,327.315,-30.941
153.38,72.8629,-4.536,326.338,-30.829
153.393,72.8703,-5.103,325.361,-30.718
153.408,72.8814,-6.166125,324.275,-30.595
153.423,72.8925,-7.22925,323.188,-30.473
153.436,72.9018,-4.8195,322.247,-30.368
153.449,72.911,-2.4097473,321.305,-30.263
153.462,72.9202,0,320.363,-30.157
153.476,72.9252,0,319.319,-30.043
153.491,72.9302,0,318.275,-29.929
153.505,72.9352,0,317.231,-29.815
153.52,72.9402,0,316.187,-29.7
153.534,72.9452,0,315.144,-29.586
153.548,72.9572,0,314.164,-29.481
153.561,72.9691,0,313.185,-29.375
153.574,72.9747,0,312.227,-29.274
153.587,72.9804,0,311.269,-29.172
153.601,72.986,0,310.311,-29.071
153.614,72.9916,0,309.354,-28.969
153.627,72.9973,0,308.396,-28.868
153.642,73.0047,0,307.306,-28.754
153.657,73.0121,0,306.217,-28.64
153.672,73.0196,0,305.128,-28.527
153.683,73.0292,0,304.329,-28.444
153.694,73.0388,0,303.53,-28.362
153.705,73.0484,0,302.731,-28.279
153.718,73.0575,0,301.786,-28.183
153.731,73.0667,0,300.841,-28.086
153.744,73.0758,0,299.897,-27.989
153.758,73.0809,0,298.85,-27.882
153.773,73.086,0,297.803,-27.775
153.787,73.0911,0,296.756,-27.669
153.802,73.0962,0,295.709,-27.562
153.816,73.1013,0,294.662,-27.455
153.831,73.1141,0,293.571,-27.345
153.846,73.1269,0,292.48,-27.234
153.859,73.14,0,291.498,-27.135
153.873,73.1532,0,290.515,-27.035
153.886,73.1571,0,289.569,-26.94
153.899,73.161,0,288.623,-26.844
153.912,73.1649,0,287.677,-26.749
153.925,73.1688,0,286.731,-26.653
153.938,73.1727,0,285.785,-26.558
153.951,73.1766,0,284.838,-26.462
153.967,73.1901,0,283.637,-26.341
153.984,73.2036,0,282.435,-26.22
153.997,73.2095,0,281.518,-26.128
154.009,73.2154,0,280.6,-26.036
154.022,73.2212,0,279.682,-25.943
154.034,73.2271,0,278.764,-25.851
154.047,73.2329,0,277.846,-25.759
154.061,73.2461,0,276.863,-25.66
154.074,73.2594,0,275.879,-25.561
154.09,73.2652,0,274.731,-25.446
154.105,73.271,0,273.583,-25.33
154.121,73.2767,0,272.435,-25.215
154.137,73.2825,0,271.286,-25.1
154.148,73.2914,0,270.484,-25.02
154.159,73.3002,0,269.682,-24.939
154.17,73.309,0,268.88,-24.859
154.184,73.3138,0,267.873,-24.758
154.198,73.3186,0,266.867,-24.657
154.211,73.3233,0,265.86,-24.556
154.225,73.3281,0,264.853,-24.456
154.239,73.3328,0,263.847,-24.355
154.254,73.3475,0,262.752,-24.245
154.269,73.3623,0,261.657,-24.136
154.282,73.3672,0,260.694,-24.04
154.295,73.3722,0,259.73,-23.943
154.309,73.3772,0,258.766,-23.847
154.322,73.3822,0,257.803,-23.751
154.335,73.3872,0,256.839,-23.655
154.347,73.3951,0,255.963,-23.567
154.359,73.4031,0,255.086,-23.48
154.371,73.411,0,254.21,-23.392
154.385,73.4199,0,253.187,-23.291
154.399,73.4287,0,252.164,-23.189
154.413,73.4375,0,251.142,-23.087
154.426,73.4434,0,250.155,-22.989
154.44,73.4493,0,249.168,-22.89
154.453,73.4552,0,248.182,-22.792
154.467,73.4611,0,247.195,-22.694
154.488,73.4859,0,245.66,-22.541
154.502,73.4913,0,244.607,-22.437
154.517,73.4967,0,243.554,-22.332
154.531,73.5021,0,242.501,-22.228
154.546,73.5075,0,241.448,-22.123
154.56,73.5129,0,240.395,-22.019
154.571,73.5214,0,239.59,-21.939
154.582,73.53,0,238.785,-21.859
154.593,73.5385,0,237.98,-21.779
154.606,73.5432,0,237.058,-21.688
154.618,73.548,0,236.136,-21.597
154.631,73.5527,0,235.214,-21.506
154.643,73.5575,0,234.292,-21.415
154.656,73.5622,0,233.37,-21.324
154.673,73.5745,0,232.162,-21.205
154.689,73.5868,0,230.954,-21.086
154.702,73.5917,0,230.031,-20.995
154.714,73.5966,0,229.108,-20.904
154.727,73.6014,0,228.185,-20.813
154.739,73.6063,0,227.263,-20.722
154.752,73.6112,0,226.34,-20.632
154.766,73.624,0,225.351,-20.535
154.779,73.6368,0,224.361,-20.438
154.792,73.6496,0,223.372,-20.341
154.806,73.6624,0,222.383,-20.244
154.82,73.6662,0,221.32,-20.14
154.835,73.6699,0,220.257,-20.036
154.85,73.6737,0,219.194,-19.932
154.864,73.6775,0,218.131,-19.828
154.879,73.6813,0,217.068,-19.725
154.893,73.685,0,216.005,-19.621
154.906,73.6936,0,215.051,-19.528
154.919,73.7021,0,214.098,-19.435
154.932,73.7106,0,213.144,-19.342
154.946,73.7189,0,212.117,-19.242
154.96,73.7271,0,211.09,-19.142
154.974,73.7354,0,210.063,-19.043
154.986,73.7444,0,209.182,-18.957
154.998,73.7533,0,208.302,-18.871
155.01,73.7623,0,207.421,-18.786
155.023,73.7681,0,206.43,-18.69
155.037,73.7739,0,205.439,-18.594
155.05,73.7798,0,204.447,-18.498
155.064,73.7856,0,203.456,-18.402
155.077,73.7903,0,202.487,-18.308
155.09,73.7951,0,201.517,-18.214
155.104,73.7998,0,200.548,-18.12
155.117,73.8046,0,199.578,-18.026
155.13,73.8093,0,198.609,-17.932
155.146,73.8211,0,197.397,-17.815
155.163,73.8328,0,196.184,-17.698
155.178,73.8384,0,195.082,-17.592
155.193,73.8439,0,193.979,-17.485
155.208,73.8495,0,192.877,-17.379
155.223,73.855,0,191.774,-17.272
155.237,73.8641,-0.33075,190.745,-17.173
155.251,73.8732,-0.6615,189.716,-17.074
155.265,73.8823,-0.99225,188.686,-16.975
155.278,73.8894,-1.701,187.73,-16.883
155.291,73.8966,-2.40975,186.774,-16.791
155.304,73.9037,-3.1185,185.818,-16.699
155.315,73.9099,-2.338875,184.99,-16.619
155.327,73.9161,-1.55925,184.163,-16.54
155.338,73.9223,-0.779625,183.335,-16.461
155.349,73.9286,0,182.507,-16.381
155.366,73.9357,0,181.256,-16.262
155.383,73.9428,0,180.005,-16.143
155.4,73.9499,0,178.754,-16.024
155.411,73.9545,0,177.914,-15.944
155.423,73.9591,0,177.075,-15.865
155.434,73.9637,0,176.236,-15.785
155.446,73.9683,0,175.396,-15.706
155.457,73.9729,0,174.557,-15.627
155.473,73.9821,0,173.378,-15.516
155.489,73.9912,0,172.2,-15.405
155.505,74.0004,0,171.021,-15.294
155.52,74.0236,0,169.916,-15.191
155.532,74.0275,0,169.031,-15.108
155.544,74.0313,0,168.147,-15.026
155.556,74.0351,0,167.262,-14.943
155.568,74.0389,0,166.378,-14.861
155.58,74.0427,0,165.494,-14.779
155.592,74.0465,0,164.609,-14.696
155.607,74.0576,0,163.503,-14.594
155.622,74.0687,0,162.397,-14.492
155.635,74.0737,0,161.423,-14.402
155.648,74.0787,0,160.45,-14.312
155.662,74.0838,0,159.476,-14.222
155.675,74.0888,0,158.502,-14.132
155.688,74.0938,0,157.529,-14.043
155.704,74.1043,0,156.311,-13.931
155.721,74.1147,0,155.094,-13.819
155.735,74.1208,0,154.042,-13.722
155.749,74.127,0,152.99,-13.626
155.764,74.1331,0,151.938,-13.53
155.778,74.1392,0,150.887,-13.433
155.789,74.1453,0,150.056,-13.357
155.801,74.1514,0,149.225,-13.281
155.812,74.1575,0,148.394,-13.205
155.823,74.1636,0,147.564,-13.129
155.837,74.1716,0,146.53,-13.035
155.851,74.1797,0,145.496,-12.94
155.865,74.1878,0,144.462,-12.846
155.879,74.193,0,143.409,-12.75
155.893,74.1981,0,142.356,-12.654
155.908,74.2033,0,141.303,-12.558
155.922,74.2084,0,140.25,-12.462
155.936,74.2322,0,139.252,-12.371
155.949,74.2561,0,138.255,-12.28
155.962,74.2584,0,137.318,-12.195
155.974,74.2608,0,136.381,-12.11
155.987,74.2631,0,135.445,-12.025
156,74.2654,0,134.508,-11.94
156.012,74.2678,0,133.571,-11.855
156.025,74.2701,0,132.635,-11.77
156.038,74.2725,0,131.698,-11.685
156.05,74.2748,0,130.762,-11.6
156.063,74.2771,0,129.825,-11.515
156.077,74.2833,0,128.826,-11.425
156.09,74.2895,0,127.827,-11.334
156.104,74.2956,0,126.829,-11.244
156.117,74.3018,0,125.83,-11.154
156.131,74.3098,0,124.794,-11.06
156.145,74.3178,0,123.757,-10.967
156.159,74.3258,0,122.721,-10.873
156.177,74.3367,0,121.389,-10.753
156.195,74.3475,0,120.056,-10.633
156.206,74.3531,0,119.278,-10.563
156.216,74.3587,0,118.501,-10.493
156.227,74.3643,0,117.723,-10.423
156.237,74.3699,0,116.946,-10.353
156.253,74.3758,0,115.723,-10.244
156.27,74.3816,0,114.501,-10.134
156.286,74.3875,0,113.279,-10.025
156.303,74.3933,0,112.057,-9.91499999999999
156.314,74.4006,0,111.241,-9.84200000000001
156.325,74.4079,0,110.426,-9.76900000000001
156.336,74.4152,0,109.611,-9.696
156.35,74.421,0,108.555,-9.602
156.365,74.4268,0,107.499,-9.50700000000001
156.379,74.4326,0,106.442,-9.41300000000001
156.393,74.4384,0,105.386,-9.31800000000001
156.408,74.4461,0,104.274,-9.21899999999999
156.423,74.4538,0,103.161,-9.12
156.438,74.4615,0,102.049,-9.02000000000001
156.451,74.468,0,101.085,-8.935
156.464,74.4745,0,100.121,-8.84899999999999
156.477,74.481,0,99.156,-8.76300000000001
156.49,74.4871,0,98.21,-8.679
156.503,74.4932,0,97.264,-8.595
156.515,74.4993,0,96.318,-8.511
156.528,74.5055,0,95.372,-8.42699999999999
156.537,74.5152,0,94.704,-8.36699999999999
156.546,74.525,0,94.036,-8.30799999999999
156.561,74.5296,0,92.923,-8.209
156.576,74.5341,0,91.809,-8.11099999999999
156.591,74.5387,0,90.696,-8.012
156.606,74.5433,0,89.582,-7.91300000000001
156.621,74.5478,0,88.469,-7.81399999999999
156.634,74.5553,0,87.503,-7.72900000000001
156.647,74.5628,0,86.538,-7.64400000000001
156.66,74.5703,0,85.573,-7.55799999999999
156.673,74.5745,0,84.637,-7.476
156.685,74.5788,0,83.701,-7.393
156.698,74.5831,0,82.765,-7.31
156.71,74.5873,0,81.829,-7.22800000000001
156.723,74.5916,0,80.893,-7.14500000000001
156.741,74.6027,0,79.555,-7.02700000000002
156.759,74.6139,0,78.217,-6.91
156.77,74.6256,0,77.437,-6.84100000000001
156.78,74.6374,0,76.656,-6.77199999999999
156.793,74.6411,0,75.69,-6.68700000000001
156.806,74.6448,0,74.723,-6.602
156.819,74.6484,0,73.757,-6.518
156.832,74.6521,0,72.79,-6.43299999999999
156.845,74.6558,0,71.824,-6.34800000000001
156.858,74.6595,0,70.857,-6.26300000000001
156.874,74.6664,0,69.667,-6.15899999999999
156.89,74.6732,0,68.477,-6.054
156.906,74.6801,0,67.287,-5.94999999999999
156.917,74.6861,0,66.506,-5.88200000000001
156.927,74.692,0,65.724,-5.81299999999999
156.938,74.698,0,64.943,-5.745
156.948,74.7039,0,64.162,-5.67599999999999
156.962,74.7089,0,63.157,-5.589
156.975,74.7138,0,62.152,-5.501
156.988,74.7187,0,61.148,-5.41300000000001
157.002,74.7236,0,60.143,-5.32499999999999
157.02,74.7433,0,58.803,-5.208
157.035,74.7482,0,57.686,-5.11099999999999
157.05,74.7531,0,56.569,-5.01400000000001
157.065,74.758,0,55.452,-4.917
157.08,74.7629,0,54.335,-4.81899999999999
157.095,74.7679,0,53.218,-4.72200000000001
157.107,74.7747,0,52.324,-4.64500000000001
157.119,74.7816,0,51.43,-4.56700000000001
157.131,74.7885,0,50.536,-4.489
157.143,74.7923,0,49.642,-4.41200000000001
157.155,74.7962,0,48.748,-4.334
157.167,74.8001,0,47.854,-4.25700000000001
157.179,74.8039,0,46.96,-4.179
157.191,74.8078,0,46.065,-4.102
157.204,74.8153,0.0945,45.096,-4.018
157.217,74.8228,0.189,44.127,-3.934
157.23,74.8302,0.2835,43.158,-3.84999999999999
157.254,74.8524,2.5515,41.369,-3.696
157.266,74.8561,2.9295,40.474,-3.61799999999999
157.278,74.8598,3.3075,39.579,-3.541
157.29,74.8635,3.6855,38.684,-3.464
157.302,74.8672,4.0635,37.789,-3.386
157.314,74.871,4.4415,36.895,-3.309
157.326,74.8747,4.8195,36,-3.23099999999999
157.342,74.8818,3.213,34.806,-3.12700000000001
157.358,74.8889,1.6065,33.613,-3.023
157.374,74.896,0,32.419,-2.91900000000001
157.384,74.8999,0,31.636,-2.84999999999999
157.395,74.9038,0,30.852,-2.78100000000001
157.406,74.9077,0,30.069,-2.71299999999999
157.416,74.9116,0,29.285,-2.64400000000001
157.432,74.9197,0,28.091,-2.53800000000001
157.448,74.9279,0,26.897,-2.43299999999999
157.464,74.936,0,25.703,-2.327
157.477,74.9417,0,24.751,-2.24199999999999
157.49,74.9473,0,23.8,-2.15700000000001
157.502,74.9529,0,22.848,-2.072
157.515,74.9585,0,21.896,-1.98699999999999
157.529,74.9641,0,20.851,-1.893
157.543,74.9697,0,19.806,-1.79900000000001
157.557,74.9753,0,18.76,-1.70500000000001
157.57,74.9808,0,17.808,-1.619
157.583,74.9863,0,16.856,-1.53300000000002
157.595,74.9918,0,15.904,-1.447
157.608,74.9974,0,14.952,-1.36099999999999
157.623,75.0044,0,13.831,-1.25900000000001
157.638,75.0115,0,12.711,-1.15700000000001
157.653,75.0186,0,11.59,-1.05600000000001
157.668,75.0396,1.134,10.469,-0.954000000000008
157.68,75.0427,1.512,9.61,-0.876000000000005
157.691,75.0459,1.89,8.751,-0.798000000000002
157.702,75.049,2.268,7.89100000000001,-0.719999999999999
157.714,75.0521,2.646,7.03200000000001,-0.641999999999996
157.725,75.0553,3.024,6.172,-0.563999999999993
157.737,75.0584,3.402,5.313,-0.48599999999999
157.737,75.0584,3.402,5.313,-0.48599999999999
157.737,75.0584,3.402,5.313,-0.48599999999999
