timestamp,x_coordinate,y_coordinate,Str_angl,vx
0.021,0,0,0,68.7764
0.021,0,0,0,68.7764
0.021,0,0,0,68.7764
0.034,-0.888999999999996,0.0910000000000082,0.23625,68.7886
0.047,-1.77799999999999,0.182999999999993,0.4725,68.8007
0.06,-2.66759999999999,0.274000000000001,0.70875,68.8128
0.0738,-3.61229999999999,0.371000000000009,1.134,68.8205
0.0876,-4.557,0.467999999999989,1.55925,68.8281
0.1014,-5.5017,0.563999999999993,1.9845,68.8357
0.1152,-6.4464,0.661000000000001,2.40975,68.8433
0.129,-7.39109999999999,0.75800000000001,2.835,68.851
0.147,-8.6241,0.884999999999991,2.69325,68.863
0.165,-9.8571,1.011,2.5514973,68.875
0.183,-11.0902,1.13800000000001,2.4097473,68.887
0.19425,-11.8612,1.21699999999998,1.8073098,68.8965
0.2055,-12.6322,1.297,1.204875,68.906
0.21675,-13.4033,1.37700000000001,0.6024375,68.9155
0.228,-14.1743,1.45599999999999,0,68.925
0.244,-15.2714,1.56999999999999,0,68.9357
0.26,-16.3684,1.684,0,68.9464
0.276,-17.4655,1.797,0,68.9572
0.291,-18.4945,1.904,0,68.968
0.306,-19.5235,2.011,0,68.9789
0.321,-20.5525,2.11799999999999,0,68.9897
0.339,-21.7876,2.24799999999999,0,69.0321
0.3522,-22.6938,2.34299999999999,0,69.0392
0.3654,-23.6,2.43799999999999,0,69.0463
0.3786,-24.5062,2.53299999999999,0,69.0533
0.3918,-25.4125,2.62799999999999,0,69.0604
0.405,-26.3187,2.72399999999999,0,69.0675
0.4215,-27.4521,2.84299999999999,0,69.0842
0.438,-28.5854,2.96199999999999,0,69.1008
0.4518,-29.5339,3.06200000000001,0,69.1091
0.4656,-30.4823,3.16200000000001,0,69.1175
0.4794,-31.4307,3.262,0,69.1258
0.4932,-32.3791,3.36199999999999,0,69.1341
0.507,-33.3275,3.46199999999999,0,69.1424
0.5235,-34.4622,3.58199999999999,0,69.1605
0.54,-35.5968,3.70099999999999,0,69.1786
0.5532,-36.505,3.797,0,69.1854
0.5664,-37.4132,3.893,0,69.1922
0.5796,-38.3214,3.988,0,69.199
0.5928,-39.2297,4.084,0,69.2058
0.606,-40.1379,4.18000000000001,0,69.2126
0.621,-41.1705,4.28800000000001,0,69.2289
0.636,-42.2031,4.39599999999999,0,69.2452
0.653,-43.3739,4.51900000000001,0,69.2573
0.67,-44.5448,4.642,0,69.2694
0.687,-45.7156,4.76400000000001,0,69.2815
0.702,-46.7493,4.87299999999999,0,69.2906
0.717,-47.7831,4.98099999999999,0,69.2997
0.732,-48.8168,5.089,0,69.3088
0.747,-49.8505,5.197,0,69.3179
0.759,-50.678,5.28399999999999,0,69.3293
0.771,-51.5055,5.37,0,69.3408
0.783,-52.3329,5.45599999999999,0,69.3522
0.79725,-53.3161,5.559,0.1771875,69.3614
0.8115,-54.2992,5.661,0.354375,69.3705
0.82575,-55.2823,5.76300000000001,0.5315625,69.3797
0.84,-56.2655,5.86599999999999,0.70875,69.3888
0.855,-57.301,5.97299999999998,1.4175,69.4001
0.87,-58.3364,6.08099999999999,2.12625,69.4115
0.885,-59.3719,6.18899999999999,2.835,69.4228
0.901,-60.4769,6.304,2.69325,69.4352
0.917,-61.582,6.41900000000001,2.5514973,69.4476
0.933,-62.687,6.53399999999999,2.4097473,69.46
0.947,-63.6543,6.636,1.6065,69.4699
0.961,-64.6217,6.73699999999999,0.80325,69.4798
0.975,-65.589,6.83799999999999,0,69.4897
0.987,-66.4185,6.92500000000001,0,69.4993
0.999,-67.248,7.012,0,69.5088
1.011,-68.0775,7.09899999999999,0,69.5184
1.023,-68.907,7.18600000000001,0,69.5279
1.038,-69.9444,7.29599999999999,0,69.5402
1.053,-70.9817,7.405,0,69.5525
1.068,-72.0191,7.51499999999999,0,69.5648
1.085,-73.1953,7.63900000000001,0,69.5747
1.102,-74.3715,7.76400000000001,0,69.5847
1.119,-75.5476,7.88800000000001,0,69.5946
1.13,-76.309,7.96899999999999,0,69.6069
1.141,-77.0704,8.05000000000001,0,69.6193
1.152,-77.8318,8.131,0,69.6316
1.17,-79.0782,8.26300000000001,0,69.6484
1.188,-80.3246,8.39599999999999,0,69.6652
1.2015,-81.2598,8.495,0,69.6734
1.215,-82.195,8.595,0,69.6816
1.2285,-83.1302,8.69399999999999,0,69.6898
1.242,-84.0654,8.79400000000001,0,69.698
1.259,-85.2437,8.91900000000001,0,69.7102
1.276,-86.4221,9.04400000000001,0,69.7225
1.293,-87.6004,9.16999999999999,0,69.7348
1.306,-88.5019,9.26499999999999,0,69.7451
1.319,-89.4034,9.36099999999999,0,69.7553
1.332,-90.3049,9.45699999999999,0,69.7656
1.3458,-91.2625,9.559,0,69.7728
1.3596,-92.22,9.66,0,69.7799
1.3734,-93.17755,9.762,0,69.7871
1.3872,-94.13509,9.863,0,69.7943
1.401,-95.09263,9.965,0,69.8015
1.416,-96.13397,10.076,-0.14175,69.8176
1.431,-97.17531,10.186,-0.2835,69.8337
1.443,-98.00863,10.274,-1.4175,69.8512
1.455,-98.84194,10.362,-2.5515,69.8687
1.47,-99.88417,10.472,-2.0412,69.8747
1.485,-100.9264,10.582,-1.5309,69.8808
1.5,-101.968629,10.692,-1.0206,69.8868
1.515,-103.010858,10.802,-0.5103,69.8928
1.53,-104.05309,10.912,0,69.8988
1.548,-105.30439,11.043,0,69.9361
1.561,-106.20862,11.138,0,69.9415
1.574,-107.11285,11.233,0,69.9469
1.587,-108.01708,11.327,0,69.9523
1.6,-108.92131,11.422,0,69.9577
1.613,-109.82553,11.517,0,69.9631
1.626,-110.72976,11.611,0,69.9685
1.641,-111.77381,11.72,0,69.9791
1.656,-112.8179,11.829,0,69.9897
1.671,-113.8619,11.937,0,70.0002
1.684,-114.7672,12.031,0,70.0116
1.697,-115.6724,12.125,0,70.023
1.71,-116.5776,12.219,0,70.0343
1.7295,-117.9361,12.359,0,70.052
1.749,-119.2946,12.5,0,70.0697
1.7622,-120.2147,12.595,0,70.075
1.7754,-121.1348,12.689,0,70.0802
1.7886,-122.0549,12.784,0,70.0855
1.8018,-122.975,12.879,0,70.0908
1.815,-123.8951,12.974,0,70.096
1.832,-125.0808,13.096,-0.04725,70.1095
1.849,-126.2665,13.218,-0.0945,70.123
1.866,-127.4522,13.34,-0.14175,70.1364
1.879,-128.3594,13.433,-0.89775,70.1483
1.892,-129.2666,13.526,-1.65375,70.1602
1.905,-130.1738,13.62,-2.40975,70.1721
1.917,-131.0117,13.705,-2.941299,70.18
1.929,-131.8495,13.791,-3.472875,70.1879
1.941,-132.6873,13.876,-4.004424,70.1958
1.953,-133.5252,13.962,-4.536,70.2037
1.969,-134.6429,14.075,-3.024,70.214
1.985,-135.7606,14.189,-1.512,70.2244
2.001,-136.8783,14.302,0,70.2348
2.015,-137.8568,14.4,0,70.2463
2.029,-138.8353,14.499,0,70.2578
2.043,-139.8138,14.597,0,70.2693
2.06,-141.0026,14.716,0,70.2795
2.077,-142.1915,14.835,0,70.2898
2.094,-143.3803,14.954,0,70.3
2.106,-144.22,15.037,0,70.309
2.118,-145.0596,15.12,0,70.3179
2.13,-145.8993,15.203,0,70.3269
2.142,-146.7389,15.286,0,70.3358
2.157,-147.7889,15.39,0,70.3694
2.1705,-148.7344,15.482,0,70.3745
2.184,-149.6799,15.574,0,70.3795
2.1975,-150.6255,15.667,0,70.3846
2.211,-151.571,15.759,0,70.3897
2.2245,-152.5165,15.852,0,70.3948
2.238,-153.462,15.944,0,70.3999
2.256,-154.7233,16.066,0,70.4313
2.27175,-155.8275,16.173,0,70.4403
2.2875,-156.9317,16.28,0,70.4493
2.30325,-158.0358,16.387,0,70.4582
2.319,-159.14,16.494,0,70.4672
2.331,-159.9817,16.575,0,70.478
2.343,-160.8235,16.656,0,70.4888
2.355,-161.6652,16.737,0,70.4996
2.3688,-162.6337,16.83,0,70.5057
2.3826,-163.6022,16.923,0,70.5118
2.3964,-164.5707,17.016,0,70.5179
2.4102,-165.5392,17.109,0,70.524
2.424,-166.5077,17.202,0,70.53
2.442,-167.7717,17.323,0,70.5479
2.46,-169.0357,17.444,0,70.5658
2.472,-169.8787,17.525,-0.567,70.5737
2.484,-170.7217,17.605,-1.134,70.5815
2.496,-171.5647,17.686,-1.701,70.5894
2.508,-172.4077,17.767,-2.268,70.5972
2.526,-173.6729,17.887,-2.97675,70.6073
2.544,-174.9381,18.007,-3.6855,70.6174
2.562,-176.2033,18.128,-4.39425,70.6274
2.5725,-176.9416,18.197,-2.197125,70.6451
2.583,-177.68,18.267,0,70.6627
2.598,-178.7352,18.366,0,70.6702
2.613,-179.7905,18.465,0,70.6778
2.628,-180.8458,18.564,0,70.6853
2.643,-181.901,18.663,0,70.6928
2.6565,-182.8514,18.752,0,70.7001
2.67,-183.8018,18.84,0,70.7075
2.6835,-184.7521,18.928,0,70.7148
2.697,-185.7025,19.016,0,70.7222
2.7105,-186.6534,19.104,0,70.7311
2.724,-187.6043,19.191,0,70.74
2.7375,-188.5552,19.279,0,70.749
2.751,-189.5061,19.366,0,70.7579
2.766,-190.5632,19.463,0,70.7683
2.781,-191.6204,19.559,0,70.7786
2.796,-192.6775,19.656,0,70.7889
2.809,-193.5941,19.739,0,70.7985
2.822,-194.5108,19.822,0,70.8081
2.835,-195.4274,19.905,0,70.8177
2.851,-196.556,20.007,0,70.8288
2.867,-197.6847,20.109,0,70.8398
2.883,-198.8133,20.21,0,70.8508
2.8965,-199.7661,20.296,0,70.859
2.91,-200.7189,20.381,0,70.8671
2.9235,-201.6717,20.467,0,70.8752
2.937,-202.624,20.552,0,70.8833
2.952,-203.684,20.647,0,70.8936
2.967,-204.743,20.742,0,70.9039
2.982,-205.802,20.836,0,70.9142
2.99475,-206.703,20.917,0,70.9221
3.0075,-207.604,20.997,0,70.9301
3.02025,-208.504,21.077,0,70.9381
3.033,-209.405,21.158,0,70.9461
3.049,-210.536,21.258,0,70.9566
3.065,-211.667,21.359,0,70.9672
3.081,-212.798,21.459,0,70.9778
3.0945,-213.752,21.544,0,70.9926
3.108,-214.707,21.629,0,71.0073
3.1212,-215.641,21.711,0,71.014
3.1344,-216.574,21.794,0,71.0208
3.1476,-217.508,21.877,0,71.0275
3.1608,-218.442,21.96,0,71.0343
3.174,-219.376,22.042,0,71.041
3.192,-220.65,22.155,0,71.0572
3.21,-221.924,22.267,0,71.0733
3.222,-222.773,22.342,0,71.0795
3.234,-223.623,22.417,0,71.0857
3.246,-224.473,22.492,0,71.0918
3.258,-225.322,22.567,0,71.098
3.27,-226.172,22.642,0,71.1042
3.288,-227.447,22.754,0,71.1198
3.306,-228.722,22.866,0,71.1354
3.317,-229.502,22.934,0,71.1456
3.328,-230.281,23.003,0,71.1557
3.339,-231.061,23.071,0,71.1658
3.35625,-232.284,23.178,0,71.1739
3.3735,-233.507,23.286,0,71.182
3.39075,-234.73,23.393,0,71.1902
3.408,-235.953,23.5,0,71.1983
3.42075,-236.858,23.579,0,71.2064
3.4335,-237.762,23.658,0,71.2146
3.44625,-238.667,23.737,0,71.2227
3.459,-239.571,23.817,0,71.2309
3.471,-240.423,23.891,0,71.2413
3.483,-241.274,23.965,0,71.2517
3.495,-242.126,24.04,0,71.2621
3.511,-243.262,24.138,0,71.2713
3.527,-244.398,24.237,0,71.2805
3.543,-245.534,24.336,0,71.2897
3.55575,-246.44,24.415,0,71.2974
3.5685,-247.345,24.493,0,71.3051
3.58125,-248.251,24.572,0,71.3128
3.594,-249.157,24.651,0,71.3204
3.608,-250.152,24.737,0,71.33
3.622,-251.147,24.823,0,71.3395
3.636,-252.141,24.909,0,71.349
3.6495,-253.101,24.992,0,71.357
3.663,-254.061,25.075,0,71.365
3.6765,-255.021,25.158,0,71.3729
3.69,-255.981,25.241,0,71.3809
3.704,-256.976,25.327,0,71.3915
3.718,-257.972,25.413,0,71.4022
3.732,-258.968,25.499,0,71.4128
3.749,-260.178,25.603,0,71.4236
3.766,-261.388,25.708,0,71.4344
3.783,-262.597,25.812,0,71.4452
3.795,-263.452,25.885,0,71.4523
3.807,-264.306,25.959,0,71.4594
3.819,-265.161,26.032,0,71.4665
3.831,-266.015,26.105,0,71.4736
3.846,-267.083,26.197,0,71.5026
3.8604,-268.109,26.285,0,71.509
3.8748,-269.135,26.373,0,71.5153
3.8892,-270.161,26.461,0,71.5217
3.9036,-271.187,26.549,0,71.528
3.918,-272.213,26.636,0,71.5343
3.935,-273.425,26.74,0,71.5549
3.952,-274.636,26.843,0,71.5755
3.969,-275.848,26.947,0,71.5961
3.98186,-276.765,27.025,0,71.6002
3.99471,-277.683,27.103,0,71.6044
4.00757,-278.6,27.181,0,71.6085
4.02043,-279.517,27.259,0,71.6126
4.03329,-280.434,27.337,0,71.6168
4.04614,-281.351,27.415,0,71.6209
4.059,-282.268,27.493,0,71.6251
4.072,-283.196,27.572,0,71.6346
4.085,-284.124,27.65,0,71.6441
4.098,-285.052,27.729,0,71.6536
4.113,-286.123,27.819,0,71.6615
4.128,-287.194,27.91,0,71.6694
4.143,-288.266,28,0,71.6773
4.158,-289.337,28.091,0,71.6852
4.17075,-290.248,28.167,-0.3898125,71.6998
4.1835,-291.159,28.244,-0.779625,71.7143
4.19625,-292.07,28.321,-1.1694375,71.7288
4.209,-292.98,28.397,-1.55925,71.7434
4.223,-293.981,28.481,-1.93725,71.7486
4.237,-294.982,28.565,-2.31525,71.7539
4.251,-295.983,28.649,-2.69325,71.7592
4.265,-296.984,28.733,-3.07125,71.7645
4.279,-297.985,28.817,-3.44925,71.7698
4.293,-298.986,28.9,-3.82725,71.775
4.3065,-299.951,28.981,-1.913625,71.789
4.32,-300.917,29.061,0,71.803
4.3344,-301.948,29.146,0,71.8094
4.3488,-302.978,29.231,0,71.8158
4.3632,-304.009,29.316,0,71.8222
4.3776,-305.039,29.401,0,71.8286
4.392,-306.07,29.486,0,71.835
4.409,-307.287,29.585,0,71.8439
4.426,-308.505,29.685,0,71.8529
4.443,-309.722,29.784,0,71.8618
4.456,-310.653,29.86,0,71.8713
4.469,-311.585,29.935,0,71.8809
4.482,-312.516,30.01,0,71.8904
4.49475,-313.43,30.084,0,71.8973
4.5075,-314.344,30.157,0,71.9043
4.52025,-315.257,30.231,0,71.9112
4.533,-316.171,30.304,0,71.9181
4.548,-317.247,30.39,0,71.9274
4.563,-318.322,30.475,0,71.9366
4.578,-319.398,30.561,0,71.9458
4.59,-320.259,30.63,0,71.9534
4.602,-321.119,30.698,0,71.961
4.614,-321.98,30.766,0,71.9686
4.626,-322.841,30.835,0,71.9762
4.641,-323.917,30.92,0,71.9855
4.656,-324.994,31.006,0,71.9948
4.671,-326.07,31.091,0,72.0041
4.687,-327.219,31.182,0,72.0144
4.703,-328.368,31.273,0,72.0246
4.719,-329.516,31.363,0,72.0349
4.73025,-330.325,31.427,0,72.0423
4.7415,-331.133,31.491,0,72.0496
4.75275,-331.941,31.555,0,72.0569
4.764,-332.749,31.618,0,72.0643
4.782,-334.042,31.72,0,72.0925
4.7955,-335.012,31.797,0,72.0967
4.809,-335.982,31.873,0,72.101
4.8225,-336.953,31.949,0,72.1053
4.836,-337.923,32.026,0,72.1095
4.8495,-338.893,32.102,0,72.1138
4.863,-339.864,32.178,0,72.118
4.878,-340.942,32.263,0,72.1408
4.893,-342.021,32.347,0,72.1492
4.908,-343.1,32.432,0,72.1576
4.923,-344.179,32.516,0,72.166
4.938,-345.257,32.6,0,72.1744
4.953,-346.337,32.684,0,72.1846
4.968,-347.416,32.768,0,72.1949
4.983,-348.496,32.852,0,72.2051
4.9935,-349.251,32.911,0,72.2181
5.004,-350.007,32.97,0,72.231
5.018,-351.015,33.048,0.165375,72.2357
5.032,-352.024,33.126,0.33075,72.2405
5.046,-353.032,33.205,0.496125,72.2453
5.06,-354.04,33.283,0.6615,72.25
5.074,-355.048,33.361,0.826875,72.2547
5.088,-356.056,33.439,0.99225,72.2595
5.10075,-356.975,33.51,1.5238125,72.2669
5.1135,-357.894,33.582,2.055375,72.2743
5.12625,-358.813,33.653,2.5869375,72.2818
5.139,-359.731,33.724,3.1185,72.2892
5.155,-360.885,33.814,3.8745,72.2993
5.171,-362.038,33.904,4.6305,72.3094
5.187,-363.191,33.994,5.3865,72.3196
5.202,-364.273,34.079,3.591,72.3276
5.217,-365.354,34.165,1.7955,72.3356
5.232,-366.436,34.25,0,72.3435
5.244,-367.301,34.319,0,72.3515
5.256,-368.167,34.388,0,72.3594
5.268,-369.032,34.458,0,72.3672
5.283,-370.114,34.545,0,72.3746
5.298,-371.196,34.632,0,72.3819
5.313,-372.279,34.72,0,72.3892
5.328,-373.361,34.807,0,72.3966
5.34,-374.227,34.878,0,72.4043
5.352,-375.093,34.949,0,72.4121
5.364,-375.959,35.02,0,72.4198
5.376,-376.825,35.091,0,72.4276
5.394,-378.124,35.199,0,72.4407
5.412,-379.424,35.306,0,72.4538
5.4255,-380.399,35.388,0,72.4611
5.439,-381.373,35.469,0,72.4684
5.4525,-382.348,35.551,0,72.4757
5.466,-383.323,35.633,0,72.483
5.478,-384.19,35.706,0,72.491
5.49,-385.057,35.779,0,72.4989
5.502,-385.923,35.852,0,72.5069
5.51775,-387.061,35.948,0,72.5141
5.5335,-388.2,36.044,0,72.5214
5.54925,-389.338,36.14,0,72.5286
5.565,-390.476,36.236,0,72.5359
5.577,-391.343,36.31,0,72.5459
5.589,-392.211,36.383,0,72.556
5.601,-393.078,36.456,0,72.5661
5.616,-394.163,36.548,0,72.5744
5.631,-395.248,36.64,0,72.5828
5.646,-396.332,36.731,0,72.5912
5.658,-397.2,36.804,0.5315625,72.5979
5.67,-398.068,36.878,1.063125,72.6046
5.682,-398.937,36.951,1.5946875,72.6112
5.694,-399.805,37.024,2.12625,72.6179
5.71,-400.962,37.122,2.835,72.627
5.726,-402.12,37.22,3.54375,72.6361
5.742,-403.278,37.318,4.2525,72.6453
5.757,-404.364,37.411,6.5205,72.6745
5.769,-405.233,37.485,6.82425,72.6781
5.781,-406.102,37.56,7.128,72.6816
5.793,-406.97,37.635,7.43175,72.6851
5.805,-407.839,37.71,7.7355,72.6887
5.817,-408.708,37.784,8.03925,72.6922
5.829,-409.577,37.859,8.343,72.6957
5.841,-410.446,37.934,8.64675,72.6992
5.859,-411.75,38.049,4.323375,72.7102
5.877,-413.053,38.165,0,72.7212
5.891,-414.067,38.257,0,72.7284
5.905,-415.081,38.349,0,72.7356
5.919,-416.095,38.441,0,72.7428
5.93175,-417.019,38.527,0,72.7495
5.9445,-417.942,38.612,0,72.7562
5.95725,-418.866,38.698,0,72.7629
5.97,-419.79,38.784,0,72.7695
5.982,-420.659,38.866,0,72.7847
5.994,-421.528,38.949,0,72.7998
6.0096,-422.659,39.058,0,72.8053
6.0252,-423.789,39.168,0,72.8108
6.0408,-424.919,39.278,0,72.8164
6.0564,-426.05,39.387,0,72.8219
6.072,-427.18,39.497,0,72.8274
6.084,-428.05,39.583,0,72.8362
6.096,-428.92,39.67,0,72.8451
6.108,-429.789,39.756,0,72.8539
6.1212,-430.746,39.852,0,72.8586
6.1344,-431.703,39.948,0,72.8634
6.1476,-432.66,40.044,0,72.8681
6.1608,-433.617,40.14,0,72.8728
6.174,-434.574,40.236,0,72.8775
6.1905,-435.771,40.356,0,72.8912
6.207,-436.967,40.476,0,72.9049
6.2175,-437.729,40.553,0,72.9192
6.228,-438.491,40.63,0,72.9336
6.2436,-439.623,40.744,0,72.9385
6.2592,-440.755,40.859,0,72.9435
6.2748,-441.887,40.973,0,72.9485
6.2904,-443.019,41.087,0,72.9535
6.306,-444.151,41.201,0,72.9584
6.317,-444.949,41.282,0,72.9676
6.328,-445.748,41.362,0,72.9767
6.339,-446.546,41.443,0,72.9858
6.3522,-447.505,41.539,0,72.991
6.3654,-448.464,41.635,0,72.9962
6.3786,-449.422,41.731,0,73.0014
6.3918,-450.381,41.828,0,73.0066
6.405,-451.34,41.924,0,73.0118
6.421,-452.502,42.04,0,73.0199
6.437,-453.665,42.157,0,73.028
6.453,-454.827,42.273,0,73.0361
6.466,-455.772,42.368,0,73.0457
6.479,-456.717,42.462,0,73.0553
6.492,-457.662,42.557,0,73.0649
6.506,-458.68,42.659,0,73.0729
6.52,-459.698,42.76,0,73.0809
6.534,-460.715,42.862,0,73.0889
6.549,-461.807,42.97,0,73.0951
6.564,-462.898,43.079,0,73.1012
6.579,-463.989,43.188,0,73.1074
6.594,-465.08,43.296,0,73.1135
6.606,-465.953,43.383,0,73.1203
6.618,-466.826,43.469,0,73.127
6.63,-467.699,43.556,0,73.1338
6.642,-468.573,43.643,0,73.1405
6.655,-469.519,43.736,0,73.1492
6.668,-470.465,43.83,0,73.1578
6.681,-471.412,43.924,0,73.1664
6.69375,-472.34,44.016,0,73.1726
6.7065,-473.269,44.107,0,73.1789
6.71925,-474.197,44.199,0,73.1852
6.732,-475.126,44.291,0,73.1914
6.75,-476.437,44.42,0,73.2041
6.768,-477.748,44.549,0,73.2169
6.78,-478.623,44.635,0,73.2216
6.792,-479.497,44.721,0,73.2262
6.804,-480.372,44.807,0,73.2309
6.816,-481.246,44.893,0,73.2356
6.828,-482.121,44.979,0,73.2403
6.843,-483.214,45.087,0,73.2537
6.858,-484.307,45.194,0,73.2671
6.87375,-485.456,45.307,0,73.274
6.8895,-486.605,45.419,0,73.281
6.90525,-487.753,45.532,0,73.2879
6.921,-488.902,45.644,0,73.2948
6.932,-489.704,45.723,-0.33075,73.3036
6.943,-490.507,45.801,-0.6615,73.3123
6.954,-491.309,45.879,-0.99225,73.321
6.969,-492.404,45.986,-1.55925,73.3268
6.984,-493.499,46.093,-2.12625,73.3327
6.999,-494.594,46.2,-2.69325,73.3385
7.014,-495.688,46.307,-3.26025,73.3444
7.026,-496.564,46.392,-4.01625,73.3521
7.038,-497.44,46.477,-4.77225,73.3599
7.05,-498.317,46.562,-5.52825,73.3677
7.065,-499.412,46.667,-3.6855,73.3763
7.08,-500.508,46.772,-1.84275,73.385
7.095,-501.603,46.878,0,73.3936
7.10775,-502.535,46.966,0,73.4005
7.1205,-503.466,47.055,0,73.4073
7.13325,-504.398,47.144,0,73.4142
7.146,-505.33,47.233,0,73.421
7.1595,-506.317,47.325,0,73.427
7.173,-507.303,47.418,0,73.433
7.1865,-508.29,47.511,0,73.4391
7.2,-509.277,47.604,0,73.4451
7.215,-510.374,47.706,0,73.4572
7.23,-511.471,47.808,0,73.4692
7.24425,-512.514,47.904,0,73.4753
7.2585,-513.557,47.999,0,73.4814
7.27275,-514.599,48.095,0,73.4874
7.287,-515.642,48.191,0,73.4935
7.299,-516.52,48.271,-0.42525,73.4989
7.311,-517.398,48.352,-0.8505,73.5043
7.323,-518.277,48.432,-1.27575,73.5096
7.335,-519.155,48.512,-1.701,73.515
7.347,-520.034,48.592,-2.12625,73.5203
7.361,-521.059,48.684,-2.88225,73.5288
7.375,-522.084,48.777,-3.63825,73.5372
7.389,-523.109,48.869,-4.39425,73.5456
7.4025,-524.098,48.957,-4.96125,73.5519
7.416,-525.087,49.045,-5.52825,73.5582
7.4295,-526.077,49.133,-6.09525,73.5644
7.443,-527.066,49.222,-6.66225,73.5707
7.459,-528.239,49.324,-7.371,73.5771
7.475,-529.411,49.426,-8.07975,73.5836
7.491,-530.584,49.529,-8.7885,73.59
7.503,-531.464,49.603,-9.5445,73.5971
7.515,-532.344,49.678,-10.3005,73.6041
7.527,-533.224,49.753,-11.0565,73.6111
7.542,-534.325,49.842,-11.76525,73.6165
7.557,-535.426,49.932,-12.474,73.6218
7.572,-536.526,50.022,-13.18275,73.6271
7.58475,-537.462,50.094,-9.887076,73.6299
7.5975,-538.398,50.166,-6.591375,73.6327
7.61025,-539.334,50.238,-3.295701,73.6354
7.623,-540.27,50.31,0,73.638
7.637,-541.299,50.386,0,73.6446
7.651,-542.327,50.461,0,73.6512
7.665,-543.355,50.536,0,73.6578
7.6785,-544.347,50.605,0,73.6638
7.692,-545.34,50.673,0,73.6698
7.7055,-546.332,50.742,0,73.6757
7.719,-547.324,50.81,0,73.6817
7.73175,-548.262,50.871,0,73.6875
7.7445,-549.199,50.931,0,73.6934
7.75725,-550.137,50.992,0,73.6992
7.77,-551.075,51.052,0,73.7049
7.782,-551.958,51.107,0,73.7163
7.794,-552.84,51.162,0,73.7274
7.8078,-553.856,51.223,0,73.7325
7.8216,-554.872,51.284,0,73.7376
7.8354,-555.888,51.345,0,73.7426
7.8492,-556.903,51.405,0,73.7476
7.863,-557.919,51.466,0,73.7527
7.8825,-559.355,51.55,0,73.765
7.902,-560.791,51.634,0,73.7772
7.9155,-561.785,51.691,0,73.7885
7.929,-562.78,51.748,0,73.7998
7.9405,-563.627,51.797,0,73.8038
7.952,-564.474,51.845,0,73.8077
7.9635,-565.322,51.894,0,73.8117
7.975,-566.169,51.942,0,73.8156
7.9865,-567.016,51.99,0,73.8196
7.998,-567.864,52.039,0,73.8235
8.016,-569.19,52.114,0,73.8356
8.034,-570.517,52.19,0,73.8476
8.0475,-571.512,52.246,0,73.8537
8.061,-572.508,52.303,0,73.8598
8.0745,-573.503,52.36,0,73.8658
8.088,-574.499,52.416,0,73.8719
8.1,-575.384,52.466,0,73.8781
8.112,-576.269,52.517,0,73.8843
8.124,-577.154,52.567,0,73.8905
8.136,-578.039,52.617,0,73.8967
8.15025,-579.091,52.677,0,73.9026
8.1645,-580.142,52.737,0,73.9084
8.17875,-581.193,52.797,0,73.9143
8.193,-582.245,52.856,0,73.9202
8.206,-583.204,52.911,0,73.9278
8.219,-584.164,52.965,0,73.9356
8.232,-585.123,53.02,0,73.9433
8.24475,-586.065,53.073,0,73.9488
8.2575,-587.006,53.127,0,73.9543
8.27025,-587.948,53.18,0,73.9598
8.283,-588.889,53.233,0,73.9654
8.296,-589.849,53.288,0.567,73.9735
8.309,-590.809,53.342,1.134,73.9817
8.322,-591.769,53.396,1.701,73.9899
8.339,-593.025,53.467,2.40975,73.9975
8.356,-594.281,53.539,3.1185,74.0051
8.373,-595.537,53.61,3.82725,74.0127
8.387,-596.572,53.669,4.536,74.0201
8.401,-597.606,53.728,5.24475,74.0275
8.415,-598.641,53.787,5.9535,74.035
8.4285,-599.639,53.845,6.5205,74.0406
8.442,-600.636,53.903,7.0875,74.0463
8.4555,-601.634,53.961,7.6545,74.052
8.469,-602.632,54.019,8.2215,74.0576
8.48025,-603.464,54.069,6.768549,74.0626
8.4915,-604.296,54.118,5.315625,74.0675
8.50275,-605.127,54.168,3.862674,74.0724
8.514,-605.959,54.218,2.40975,74.0773
8.528,-606.994,54.283,1.6065,74.0847
8.542,-608.029,54.347,0.80325,74.092
8.556,-609.065,54.412,0,74.0992
8.571,-610.174,54.484,0,74.1058
8.586,-611.283,54.556,0,74.1124
8.601,-612.392,54.627,0,74.119
8.6145,-613.391,54.694,0,74.1245
8.628,-614.389,54.762,0,74.1299
8.6415,-615.388,54.829,0,74.1353
8.655,-616.386,54.896,0,74.1407
8.66625,-617.218,54.953,0,74.1464
8.6775,-618.051,55.011,0,74.152
8.68875,-618.883,55.069,0,74.1576
8.7,-619.715,55.126,0,74.1632
8.7135,-620.714,55.197,0,74.1697
8.727,-621.713,55.267,0,74.1762
8.7405,-622.711,55.338,0,74.1827
8.754,-623.71,55.409,0,74.1891
8.775,-625.264,55.52,0,74.2104
8.7882,-626.241,55.591,0,74.2146
8.8014,-627.219,55.661,0,74.2189
8.8146,-628.196,55.732,0,74.2231
8.8278,-629.173,55.802,0,74.2274
8.841,-630.15,55.873,0,74.2316
8.854,-631.112,55.942,0,74.2394
8.867,-632.075,56.012,0,74.2472
8.88,-633.038,56.082,0,74.2549
8.89425,-634.093,56.158,0,74.2602
8.9085,-635.148,56.235,0,74.2656
8.92275,-636.204,56.311,0,74.2709
8.937,-637.259,56.388,0,74.2762
8.952,-638.371,56.468,0,74.2839
8.967,-639.482,56.549,0,74.2916
8.982,-640.593,56.629,0,74.2993
8.99325,-641.427,56.689,0,74.3049
9.0045,-642.261,56.75,0,74.3104
9.01575,-643.095,56.81,0,74.316
9.027,-643.929,56.87,0,74.3216
9.042,-645.041,56.95,0,74.3284
9.057,-646.153,57.03,0,74.3352
9.072,-647.265,57.11,0,74.3419
9.084,-648.155,57.174,0,74.347
9.096,-649.045,57.238,0,74.3521
9.108,-649.934,57.302,0,74.3573
9.12,-650.824,57.365,0,74.3624
9.135,-651.937,57.445,0.70875,74.3702
9.15,-653.05,57.524,1.4175,74.3781
9.165,-654.163,57.604,2.12625,74.3859
9.177,-655.053,57.668,2.6578125,74.3914
9.189,-655.944,57.731,3.189375,74.3968
9.201,-656.834,57.795,3.720924,74.4022
9.213,-657.724,57.859,4.2525,74.4076
9.228,-658.838,57.939,5.0085,74.4149
9.243,-659.951,58.019,5.7645,74.4222
9.258,-661.064,58.099,6.5205,74.4295
9.276,-662.401,58.196,0,74.4502
9.2898,-663.425,58.272,0,74.4545
9.3036,-664.45,58.347,0,74.4587
9.3174,-665.475,58.423,0,74.463
9.3312,-666.499,58.498,0,74.4673
9.345,-667.524,58.574,0,74.4715
9.357,-668.415,58.641,0,74.4785
9.369,-669.306,58.708,0,74.4854
9.381,-670.197,58.775,0,74.4924
9.3945,-671.2,58.852,-0.1063125,74.4982
9.408,-672.203,58.929,-0.212625,74.5041
9.4215,-673.206,59.006,-0.3189375,74.5099
9.435,-674.208,59.083,-0.42525,74.5157
9.44925,-675.267,59.165,-0.99225,74.521
9.4635,-676.326,59.248,-1.55925,74.5262
9.47775,-677.384,59.33,-2.12625,74.5313
9.492,-678.443,59.413,-2.69325,74.5365
9.501,-679.112,59.465,-3.756375,74.5471
9.51,-679.781,59.518,-4.8195,74.5577
9.523,-680.747,59.593,-4.01625,74.5614
9.536,-681.713,59.669,-3.213,74.5651
9.549,-682.68,59.744,-2.40975,74.5689
9.562,-683.646,59.82,-1.6065,74.5726
9.575,-684.612,59.896,-0.80325,74.5763
9.588,-685.579,59.971,0,74.58
9.605,-686.843,60.07,0,74.5872
9.622,-688.107,60.168,0,74.5943
9.639,-689.371,60.266,0,74.6015
9.652,-690.338,60.341,0,74.6086
9.665,-691.305,60.415,0,74.6158
9.678,-692.272,60.49,0,74.6229
9.69075,-693.221,60.562,0,74.6285
9.7035,-694.17,60.635,0,74.6342
9.71625,-695.119,60.707,0,74.6398
9.729,-696.068,60.779,0,74.6454
9.747,-697.407,60.881,0,74.6664
9.7605,-698.413,60.956,0,74.6698
9.774,-699.418,61.032,0,74.6733
9.7875,-700.423,61.107,0,74.6767
9.801,-701.428,61.183,0,74.6801
9.8145,-702.433,61.258,0,74.6835
9.828,-703.439,61.333,0,74.687
9.84,-704.332,61.4,0,74.6938
9.852,-705.226,61.467,0,74.7006
9.864,-706.12,61.533,0,74.7075
9.8775,-707.126,61.608,0,74.7134
9.891,-708.132,61.682,0,74.7193
9.9045,-709.138,61.757,0,74.7252
9.918,-710.144,61.831,0,74.731
9.931,-711.113,61.903,0,74.737
9.944,-712.082,61.974,0,74.743
9.957,-713.051,62.046,0,74.749
9.97,-714.02,62.117,0,74.7566
9.983,-714.989,62.188,0,74.7641
9.996,-715.958,62.259,0,74.7716
10.0092,-716.942,62.332,0,74.7756
10.0224,-717.927,62.404,0,74.7795
10.0356,-718.911,62.476,0,74.7835
10.0488,-719.896,62.548,0,74.7874
10.062,-720.88,62.62,0,74.7914
10.075,-721.85,62.691,0,74.7987
10.088,-722.82,62.762,0,74.8061
10.101,-723.79,62.833,0,74.8135
10.1145,-724.797,62.906,0,74.8189
10.128,-725.804,62.98,0,74.8242
10.1415,-726.812,63.054,0,74.8296
10.155,-727.819,63.127,0,74.835
10.173,-729.163,63.225,0,74.856
10.1868,-730.193,63.3,0,74.8598
10.2006,-731.223,63.375,0,74.8635
10.2144,-732.254,63.45,0,74.8673
10.2282,-733.284,63.525,0,74.8711
10.242,-734.314,63.6,0,74.8749
10.2525,-735.098,63.657,0.212625,74.8802
10.263,-735.882,63.714,0.42525,74.8855
10.2735,-736.667,63.771,0.637875,74.8908
10.284,-737.451,63.827,0.8505,74.8961
10.299,-738.571,63.909,1.55925,74.9032
10.314,-739.692,63.99,2.268,74.9104
10.329,-740.813,64.071,2.97675,74.9175
10.3433,-741.877,64.149,3.508299,74.9223
10.3575,-742.942,64.226,4.039875,74.9271
10.3717,-744.007,64.304,4.571424,74.9318
10.386,-745.072,64.381,5.103,74.9366
10.398,-745.969,64.448,3.82725,74.9413
10.41,-746.866,64.514,2.5515,74.946
10.422,-747.763,64.58,1.27575,74.9506
10.434,-748.66,64.646,0,74.9553
10.448,-749.706,64.724,0,74.9618
10.462,-750.753,64.802,0,74.9684
10.476,-751.799,64.88,0,74.9749
10.488,-752.697,64.947,0,74.9822
10.5,-753.594,65.015,0,74.9895
10.512,-754.491,65.082,0,74.9969
10.5278,-755.669,65.172,0,75.0026
10.5435,-756.847,65.262,0,75.0082
10.5592,-758.025,65.351,0,75.0139
10.575,-759.203,65.441,0,75.0196
10.587,-760.1,65.51,0,75.0259
10.599,-760.998,65.58,0,75.0322
10.611,-761.896,65.649,0,75.0386
10.626,-763.018,65.736,0,75.0449
10.641,-764.14,65.824,0,75.0512
10.656,-765.262,65.911,0,75.0576
10.6687,-766.216,65.986,0,75.0622
10.6815,-767.171,66.06,0,75.0669
10.6943,-768.125,66.135,0,75.0716
10.707,-769.079,66.209,0,75.0763
10.7205,-770.09,66.288,0,75.0823
10.734,-771.1,66.367,0,75.0882
10.7475,-772.111,66.446,0,75.0942
10.761,-773.121,66.526,0,75.1001
10.7715,-773.907,66.587,0.212625,75.11
10.782,-774.694,66.649,0.42525,75.1198
10.7958,-775.727,66.729,0.8505,75.1235
10.8096,-776.761,66.81,1.27575,75.1271
10.8234,-777.794,66.891,1.701,75.1308
10.8372,-778.828,66.972,2.12625,75.1344
10.851,-779.861,67.053,2.5515,75.1381
10.863,-780.76,67.123,3.1185,75.1431
10.875,-781.659,67.194,3.6855,75.1482
10.887,-782.558,67.264,4.2525,75.1533
10.899,-783.457,67.335,4.8195,75.1584
10.912,-784.431,67.411,5.52825,75.1657
10.925,-785.406,67.488,6.237,75.173
10.938,-786.38,67.565,6.94575,75.1802
10.954,-787.579,67.661,4.6305,75.1855
10.97,-788.778,67.757,2.3152473,75.1907
10.986,-789.977,67.853,0,75.1959
10.9987,-790.933,67.932,0,75.2015
11.0115,-791.888,68.01,0,75.2071
11.0243,-792.844,68.088,0,75.2127
11.037,-793.8,68.167,0,75.2182
11.049,-794.699,68.242,0,75.2228
11.061,-795.599,68.318,0,75.2274
11.073,-796.498,68.393,0,75.232
11.085,-797.398,68.469,0,75.2366
11.0985,-798.41,68.556,0,75.2423
11.112,-799.422,68.643,0,75.2479
11.1255,-800.434,68.729,0,75.2535
11.139,-801.446,68.816,0,75.2591
11.154,-802.571,68.915,0,75.2645
11.169,-803.696,69.013,0,75.2697
11.184,-804.82,69.111,0,75.275
11.193,-805.495,69.171,0,75.2872
11.202,-806.17,69.23,0,75.2994
11.2185,-807.408,69.341,0,75.3043
11.235,-808.645,69.451,0,75.3092
11.2515,-809.883,69.561,0,75.314
11.268,-811.12,69.671,0,75.3189
11.279,-811.946,69.744,0,75.3249
11.29,-812.771,69.818,0,75.331
11.301,-813.596,69.892,0,75.337
11.3142,-814.587,69.981,0,75.3408
11.3274,-815.577,70.069,0,75.3446
11.3406,-816.568,70.158,0,75.3484
11.3538,-817.558,70.247,0,75.3521
11.367,-818.549,70.336,0,75.3559
11.3805,-819.562,70.427,0,75.3657
11.394,-820.575,70.518,0,75.3754
11.4075,-821.589,70.609,0,75.3851
11.421,-822.602,70.7,0,75.3948
11.434,-823.578,70.787,0,75.3986
11.447,-824.554,70.874,0,75.4024
11.46,-825.531,70.962,0,75.4062
11.473,-826.507,71.049,0,75.41
11.486,-827.483,71.137,0,75.4138
11.499,-828.459,71.224,0,75.4176
11.5132,-829.53,71.32,0,75.4225
11.5275,-830.6,71.415,0,75.4275
11.5417,-831.671,71.511,0,75.4324
11.556,-832.741,71.607,0,75.4374
11.5665,-833.53,71.677,0,75.4469
11.577,-834.319,71.748,0,75.4565
11.592,-835.446,71.848,0,75.46
11.607,-836.574,71.949,0,75.4635
11.622,-837.701,72.049,0,75.4671
11.637,-838.829,72.15,0,75.4706
11.652,-839.956,72.25,0,75.4741
11.664,-840.858,72.33,0,75.4809
11.676,-841.76,72.411,0,75.4877
11.688,-842.662,72.491,0,75.4945
11.7,-843.565,72.571,0,75.4985
11.712,-844.467,72.651,0,75.5024
11.724,-845.37,72.731,0,75.5064
11.736,-846.272,72.812,0,75.5104
11.748,-847.175,72.892,0,75.5143
11.764,-848.378,72.998,0,75.5209
11.78,-849.582,73.105,0,75.5274
11.796,-850.786,73.212,0,75.534
11.81,-851.839,73.305,0,75.5401
11.824,-852.893,73.399,0,75.5463
11.838,-853.946,73.492,0,75.5524
11.85,-854.849,73.572,0,75.5576
11.862,-855.753,73.652,0,75.5628
11.874,-856.656,73.732,0,75.568
11.886,-857.559,73.812,0,75.5732
11.904,-858.914,73.932,0,75.5666
11.916,-859.817,74.011,0,75.5429
11.928,-860.72,74.091,0,75.5191
11.94,-861.623,74.171,0,75.4954
11.952,-862.526,74.251,0,75.4717
11.964,-863.429,74.331,0,75.448
11.976,-864.332,74.41,0,75.4243
11.9925,-865.572,74.52,0,75.3532
12.009,-866.811,74.629,0,75.2822
12.0216,-867.8,74.717,0,75.2548
12.0342,-868.79,74.804,0,75.2274
12.0468,-869.78,74.891,0,75.2
12.0594,-870.769,74.979,0,75.1727
12.072,-871.759,75.066,0,75.1453
12.0833,-872.544,75.135,0,75.0907
12.0945,-873.33,75.204,0,75.0361
12.1057,-874.115,75.274,0,74.9815
12.117,-874.901,75.343,0,74.9269
12.1312,-875.96,75.436,0,74.7402
12.1455,-877.02,75.529,0,74.5533
12.1597,-878.079,75.622,0,74.3664
12.174,-879.138,75.715,0,74.1794
12.1905,-880.352,75.822,0,73.7015
12.207,-881.565,75.929,0,73.2234
12.2205,-882.547,76.015,0,72.997
12.234,-883.528,76.101,0,72.7706
12.2475,-884.509,76.187,0,72.5443
12.261,-885.49,76.273,0,72.3179
12.2745,-886.457,76.358,0,72.072
12.288,-887.423,76.443,0,71.8261
12.3015,-888.39,76.527,0,71.5803
12.315,-889.357,76.612,0,71.3344
12.333,-890.634,76.724,0,70.4272
12.3474,-891.642,76.812,0,70.2407
12.3618,-892.65,76.9,0,70.0541
12.3762,-893.658,76.988,0,69.8676
12.3906,-894.667,77.076,0,69.681
12.405,-895.675,77.1645,0,69.4944
12.416,-896.434,77.2308,0,69.2053
12.427,-897.193,77.2972,0,68.9162
12.438,-897.952,77.3635,0,68.6271
12.453,-898.974,77.4529,0,68.3979
12.468,-899.995,77.5423,0,68.1688
12.483,-901.017,77.6317,0,67.9397
12.498,-902.039,77.7211,0,67.7105
12.516,-903.248,77.8269,0,67.2413
12.534,-904.458,77.9326,0,66.772
12.5475,-905.353,78.0108,0,66.5386
12.561,-906.248,78.0889,0,66.3053
12.5745,-907.144,78.1671,0,66.0719
12.588,-908.039,78.2452,0,65.8386
12.603,-909.022,78.3313,0.921375,65.3866
12.618,-910.004,78.4174,1.84275,64.9345
12.633,-910.974,78.5026,2.3743125,64.7093
12.648,-911.944,78.5878,2.905875,64.484
12.663,-912.914,78.673,3.437424,64.2588
12.678,-913.884,78.7583,3.969,64.0335
12.6945,-914.935,78.8508,5.103,63.5841
12.711,-915.987,78.9433,6.237,63.1347
12.7275,-917.023,79.0354,4.890375,62.9219
12.744,-918.06,79.1275,3.54375,62.7092
12.7605,-919.096,79.2196,2.197125,62.4964
12.777,-920.133,79.3117,0.8505,62.2836
12.792,-921.062,79.3954,1.913625,61.8592
12.807,-921.991,79.479,2.97675,61.4348
12.822,-922.908,79.5626,2.870424,61.1981
12.837,-923.824,79.6461,2.764125,60.9614
12.852,-924.74,79.7296,2.6578098,60.7247
12.867,-925.657,79.8132,2.5514973,60.4879
12.8835,-926.65,79.9053,1.27575,60.0858
12.9,-927.643,79.9974,0,59.6837
12.9172,-928.665,80.0941,0,59.4909
12.9345,-929.688,80.1909,0,59.2982
12.9517,-930.711,80.2876,0,59.1054
12.969,-931.733,80.3844,0,58.9127
12.99,-932.959,80.5026,0,58.5083
13.011,-934.184,80.6209,0,58.104
13.027,-935.104,80.711,0,57.8007
13.043,-936.025,80.8012,0,57.4974
13.059,-936.945,80.8914,0,57.194
13.076,-937.907,80.987,0,56.9226
13.093,-938.869,81.0827,0,56.6512
13.11,-939.831,81.1784,0,56.3798
13.128,-940.836,81.2793,0,55.9516
13.146,-941.84,81.3803,0,55.5234
13.166,-942.939,81.4919,0,55.2601
13.186,-944.038,81.6035,0,54.9968
13.206,-945.137,81.715,0,54.7335
13.2225,-946.031,81.8065,0.8817984,54.3575
13.239,-946.924,81.8979,1.7635995,53.9816
13.259,-947.992,82.0079,2.733885,53.7032
13.279,-949.059,82.1179,3.704157,53.4248
13.299,-950.126,82.2278,4.674429,53.1464
13.3155,-950.993,82.318,6.189696,52.7039
13.332,-951.86,82.4083,7.704963,52.2614
13.3485,-952.717,82.4984,9.168687,52.1451
13.365,-953.574,82.5885,10.632438,52.0287
13.387,-954.712,82.7115,11.678067,52.0039
13.409,-955.85,82.8344,12.723696,51.9788
13.431,-956.988,82.9574,13.769298,51.9537
13.446,-957.762,83.044,15.343263,51.9161
13.461,-958.536,83.1306,16.917228,51.8785
13.484,-959.721,83.2693,18.102231,51.8474
13.507,-960.906,83.408,19.287261,51.8163
13.53,-962.091,83.5467,20.472291,51.785
13.5465,-962.938,83.6516,21.661695,51.7513
13.563,-963.786,83.7565,22.851099,51.7174
13.583,-964.811,83.8916,15.234075,51.6881
13.603,-965.836,84.0267,7.617024,51.6587
13.623,-966.861,84.1619,0,51.6291
13.641,-967.781,84.291,0,51.5936
13.659,-968.701,84.42,0,51.558
13.679,-969.721,84.5709,0,51.5399
13.699,-970.74,84.7218,0,51.5217
13.719,-971.76,84.8726,0,51.5035
13.737,-972.676,85.0139,1.1043891,51.4855
13.755,-973.592,85.1552,2.2087755,51.4673
13.773,-974.507,85.2998,3.815856,51.4747
13.791,-975.422,85.4444,5.422923,51.4819
13.813,-976.541,85.626,6.425811,51.4987
13.835,-977.659,85.8076,7.428672,51.5154
13.857,-978.777,85.9893,8.431533,51.5321
13.872,-979.54,86.116,10.031823,51.5636
13.887,-980.302,86.2428,11.632113,51.5951
13.908,-981.371,86.4244,12.62952,51.6156
13.929,-982.439,86.606,13.626927,51.6362
13.95,-983.508,86.7876,14.624334,51.6567
13.965,-984.271,86.9208,16.215228,51.6906
13.98,-985.035,87.054,17.806122,51.7245
14.002,-986.155,87.2558,18.797427,51.7447
14.024,-987.275,87.4577,19.788732,51.7649
14.046,-988.396,87.6595,20.78001,51.7852
14.0655,-989.389,87.846,23.83992,51.8468
14.085,-990.382,88.0325,26.89983,51.9079
14.1024,-991.267,88.2097,27.52893,51.9183
14.1198,-992.152,88.3868,28.15776,51.9287
14.1372,-993.038,88.5639,28.78686,51.9391
14.1546,-993.923,88.741,29.41596,51.9495
14.172,-994.808,88.9182,30.04506,51.9598
14.194,-995.926,89.1619,29.25909,51.9776
14.216,-997.043,89.4055,28.47339,51.9954
14.238,-998.161,89.6492,27.68742,52.013
14.259,-999.225,89.8962,13.843764,52.0413
14.28,-1000.29,90.1432,0,52.0695
14.298,-1001.202,90.3622,0,52.1005
14.316,-1002.114,90.5812,0,52.1316
14.337,-1003.177,90.8445,0,52.1711
14.358,-1004.24,91.1077,0,52.2103
14.3745,-1005.075,91.3219,0,52.2288
14.391,-1005.91,91.5362,0,52.2472
14.4075,-1006.745,91.7505,0,52.2656
14.424,-1007.58,91.9647,0,52.2838
14.442,-1008.49,92.2048,0.3856032,52.3247
14.46,-1009.401,92.4449,0.7712064,52.3653
14.487,-1010.767,92.8109,2.3100201,52.4055
14.514,-1012.134,93.177,3.848823,52.4456
14.5335,-1013.122,93.4446,5.381829,52.4887
14.553,-1014.109,93.7123,6.914835,52.5317
14.568,-1014.869,93.9206,7.678422,52.5505
14.583,-1015.63,94.1288,8.442009,52.5692
14.598,-1016.39,94.3371,9.205596,52.588
14.613,-1017.15,94.5454,9.96921,52.6067
14.6325,-1018.14,94.8195,11.395971,52.6439
14.652,-1019.129,95.0936,12.822759,52.681
14.6715,-1020.118,95.3711,14.244687,52.7164
14.691,-1021.108,95.6485,15.666588,52.7517
14.7165,-1022.402,96.0177,17.178075,52.7892
14.742,-1023.695,96.3869,18.689562,52.8265
14.754,-1024.304,96.5638,20.101905,52.8587
14.766,-1024.913,96.7407,21.514248,52.8908
14.7855,-1025.901,97.0364,22.265226,52.9068
14.805,-1026.889,97.3322,23.016177,52.9229
14.8245,-1027.878,97.6279,23.767155,52.9388
14.844,-1028.866,97.9237,24.518106,52.9548
14.877,-1030.535,98.4421,27.32616,53.0097
14.895,-1031.445,98.7299,30.31344,53.0668
14.9124,-1032.322,99.0188,30.9096,53.0761
14.9298,-1033.199,99.3076,31.50549,53.0854
14.9472,-1034.076,99.5964,32.10138,53.0947
14.9646,-1034.953,99.8852,32.69727,53.104
14.982,-1035.83,100.174,33.29316,53.1133
15.0045,-1036.96,100.5662,36.17055,53.1517
15.027,-1038.089,100.9584,39.04794,53.1895
15.0444,-1038.958,101.2778,39.64032,53.1954
15.0618,-1039.827,101.5972,40.2327,53.2012
15.0792,-1040.695,101.9166,40.82508,53.207
15.0966,-1041.564,102.236,41.41746,53.2128
15.114,-1042.433,102.5554,42.00984,53.2186
15.132,-1043.327,102.9018,43.39656,53.228
15.15,-1044.22,103.2482,44.78301,53.2372
15.171,-1045.257,103.6683,45.70641,53.2433
15.192,-1046.294,104.0883,46.62981,53.2493
15.213,-1047.33,104.5084,47.55321,53.2553
15.228,-1048.067,104.8195,49.0293,53.2578
15.243,-1048.803,105.1305,50.50539,53.2601
15.266,-1049.924,105.6262,51.42744,53.2598
15.289,-1051.046,106.1218,52.34976,53.2594
15.312,-1052.167,106.6175,53.27181,53.2589
15.327,-1052.893,106.9516,56.22237,53.2554
15.3457,-1053.795,107.3838,56.96001,53.2545
15.3645,-1054.696,107.816,57.69765,53.2536
15.3833,-1055.597,108.2481,58.43529,53.2527
15.402,-1056.498,108.6803,59.17293,53.2518
15.417,-1057.212,109.0408,60.09498,53.2506
15.432,-1057.926,109.4012,61.01703,53.2493
15.447,-1058.639,109.7617,61.93908,53.248
15.4695,-1059.702,110.3179,51.10263,53.2441
15.492,-1060.765,110.874,40.26618,53.2401
15.509,-1061.561,111.3063,27.50868,53.2436
15.526,-1062.357,111.7387,14.751261,53.247
15.543,-1063.154,112.171,1.9937637,53.2505
15.567,-1064.269,112.7987,0.9968805,53.2652
15.591,-1065.385,113.4263,0,53.28
15.609,-1066.217,113.9057,0,53.3235
15.6255,-1066.975,114.3553,0,53.3394
15.642,-1067.732,114.805,0,53.3552
15.6585,-1068.489,115.2547,0,53.3707
15.675,-1069.247,115.7043,0,53.386
15.693,-1070.066,116.2077,0,53.4191
15.711,-1070.886,116.7111,0,53.4509
15.733,-1071.881,117.3395,0,53.4771
15.755,-1072.875,117.968,0,53.5026
15.777,-1073.87,118.5965,0,53.5275
15.795,-1074.681,119.1192,0,53.5698
15.813,-1075.491,119.642,0,53.611
15.833,-1076.389,120.2289,0,53.6357
15.853,-1077.287,120.8158,0,53.6603
15.873,-1078.185,121.4027,0,53.6846
15.891,-1078.992,121.9344,0,53.7261
15.909,-1079.8,122.4661,0,53.7673
15.927,-1080.608,122.9994,0,53.8055
15.945,-1081.416,123.5327,0,53.8435
15.9615,-1082.157,124.0227,0,53.8632
15.978,-1082.898,124.5128,0,53.8828
15.9945,-1083.64,125.0028,0,53.9024
16.011,-1084.381,125.4929,0,53.9221
16.0335,-1085.394,126.1623,0.8936757,53.9624
16.056,-1086.407,126.8318,1.7873514,54.0027
16.0755,-1087.286,127.4128,3.124116,54.0384
16.095,-1088.165,127.9937,4.460886,54.0742
16.116,-1089.112,128.6204,5.881572,54.114
16.137,-1090.059,129.2472,7.302231,54.1538
16.155,-1090.872,129.7857,8.629524,54.1891
16.173,-1091.684,130.3243,9.956844,54.2244
16.1888,-1092.395,130.7978,10.662219,54.2444
16.2045,-1093.106,131.2714,11.367621,54.2645
16.2202,-1093.817,131.7449,12.073023,54.2846
16.236,-1094.528,132.2184,12.778425,54.3046
16.254,-1095.34,132.7632,14.18418,54.3402
16.272,-1096.152,133.308,15.589935,54.3758
16.294,-1097.142,133.98,16.46568,54.3983
16.316,-1098.132,134.6519,17.341425,54.4207
16.338,-1099.122,135.3239,18.21717,54.443
16.3545,-1099.862,135.8333,19.61388,54.4758
16.371,-1100.603,136.3428,21.01059,54.5085
16.389,-1101.407,136.9047,21.938904,54.5286
16.407,-1102.212,137.4666,22.867245,54.5486
16.425,-1103.012,138.0285,23.795559,54.5685
16.4415,-1103.752,138.55,25.097283,54.5962
16.458,-1104.482,139.0716,26.399034,54.6238
16.473,-1105.152,139.5505,27.78408,54.6495
16.488,-1105.812,140.0294,29.16918,54.6752
16.5075,-1106.672,140.6632,29.81691,54.6862
16.527,-1107.532,141.2969,30.46464,54.6971
16.5465,-1108.382,141.9307,31.11237,54.708
16.566,-1109.242,142.5645,31.7601,54.7189
16.584,-1110.032,143.161,33.22485,54.7412
16.602,-1110.812,143.7576,34.68987,54.7633
16.625,-1111.802,144.5335,35.54982,54.7743
16.648,-1112.802,145.3095,36.40977,54.7852
16.671,-1113.792,146.0855,37.26972,54.796
16.689,-1114.562,146.7041,18.634806,54.814
16.707,-1115.332,147.3227,0,54.8316
16.7213,-1115.932,147.8201,0,54.8429
16.7355,-1116.532,148.3176,0,54.8541
16.7498,-1117.142,148.815,0,54.8654
16.764,-1117.742,149.3124,0,54.8767
16.794,-1119.002,150.3742,0,54.9426
16.813,-1119.792,151.0553,0,54.9653
16.832,-1120.582,151.7364,0,54.9876
16.851,-1121.382,152.4175,0,55.0097
16.866,-1122.002,152.9617,0,55.0343
16.881,-1122.622,153.5058,0,55.0586
16.896,-1123.242,154.0499,0,55.0826
16.92,-1124.232,154.9273,0,55.1183
16.944,-1125.222,155.8046,0,55.1536
16.958,-1125.792,156.3191,0.11234727,55.1809
16.972,-1126.372,156.8337,0.22469454,55.2082
16.986,-1126.952,157.3482,0.337041,55.2354
17.004,-1127.692,158.0124,1.1781531,55.2579
17.022,-1128.432,158.6765,2.0192652,55.2803
17.04,-1129.172,159.3407,2.86038,55.3027
17.064,-1130.162,160.2291,4.201605,55.3409
17.088,-1131.142,161.1175,5.542857,55.3792
17.106,-1131.882,161.7852,8.215803,55.4536
17.124,-1132.622,162.455,8.840151,55.4706
17.142,-1133.362,163.1248,9.464472,55.4875
17.16,-1134.102,163.7946,10.088793,55.5045
17.178,-1134.842,164.4645,10.713141,55.5215
17.195,-1135.542,165.1006,11.598228,55.5461
17.212,-1136.242,165.7368,12.483342,55.5706
17.229,-1136.942,166.373,13.368456,55.5951
17.247,-1137.682,167.0494,15.849486,55.6582
17.2642,-1138.382,167.70165,16.509069,55.6752
17.2815,-1139.082,168.35387,17.168625,55.6922
17.2987,-1139.792,169.0061,17.828208,55.7092
17.316,-1140.492,169.65832,18.487791,55.7261
17.333,-1141.182,170.30756,19.364589,55.7463
17.35,-1141.872,170.95679,20.241387,55.7663
17.367,-1142.572,171.60603,21.118212,55.7864
17.3865,-1143.352,172.35738,22.34763,55.8134
17.406,-1144.142,173.10872,23.577048,55.8402
17.422,-1144.782,173.73098,24.44904,55.8578
17.438,-1145.422,174.35324,25.321005,55.8753
17.454,-1146.062,174.9755,26.192997,55.8928
17.4765,-1146.962,175.86008,27.49788,55.9148
17.499,-1147.852,176.744656,28.80306,55.9366
17.514,-1148.442,177.3425,29.41326,55.9465
17.529,-1149.032,177.940344,30.02373,55.9563
17.544,-1149.622,178.53819,30.6342,55.9661
17.559,-1150.212,179.13603,31.2444,55.9758
17.583,-1151.142,180.10657,33.7608,56.0077
17.607,-1152.072,181.07712,36.2772,56.0393
17.6238,-1152.712,181.76863,36.7632,56.0428
17.6406,-1153.352,182.46014,37.2492,56.0464
17.6574,-1153.992,183.15166,37.7352,56.0499
17.6742,-1154.632,183.84317,38.2212,56.0535
17.691,-1155.272,184.53468,38.7072,56.057
17.718,-1156.282,185.66251,38.583,56.0721
17.736,-1156.942,186.42459,28.93725,56.0782
17.754,-1157.602,187.1867,19.291446,56.0843
17.772,-1158.262,187.9488,9.645723,56.0903
17.79,-1158.932,188.7108,0,56.0963
17.805,-1159.472,189.353,0,56.1332
17.8236,-1160.142,190.1585,0,56.157
17.8422,-1160.802,190.964,0,56.1805
17.8608,-1161.472,191.7695,0,56.2038
17.8794,-1162.132,192.575,0,56.2268
17.898,-1162.802,193.3805,0,56.2497
17.9145,-1163.382,194.1068,0.4406049,56.2663
17.931,-1163.962,194.8331,0.8812071,56.2828
17.9475,-1164.532,195.5594,1.321812,56.299
17.964,-1165.112,196.2857,1.7624142,56.3151
17.979,-1165.632,196.9518,3.040902,56.3512
17.994,-1166.152,197.6179,4.319406,56.3865
18.0105,-1166.722,198.3556,4.916916,56.4032
18.027,-1167.292,199.0933,5.514399,56.4198
18.0435,-1167.852,199.831,6.111909,56.4364
18.06,-1168.422,200.5686,6.709392,56.4528
18.093,-1169.552,202.0519,9.092223,56.5198
18.109,-1170.092,202.7736,9.936621,56.5423
18.125,-1170.642,203.4954,10.781019,56.5648
18.141,-1171.182,204.2172,11.62539,56.5872
18.1575,-1171.742,204.9653,12.256704,56.6052
18.174,-1172.302,205.7134,12.888018,56.6232
18.1905,-1172.862,206.4614,13.519332,56.6411
18.207,-1173.422,207.2095,14.150646,56.6591
18.225,-1174.032,208.0288,16.510581,56.72
18.2437,-1174.662,208.8866,17.138007,56.7358
18.2625,-1175.282,209.7444,17.765406,56.7517
18.2812,-1175.912,210.6022,18.392805,56.7674
18.3,-1176.542,211.4599,19.020204,56.7832
18.318,-1177.142,212.2889,21.519216,56.8375
18.336,-1177.742,213.1179,24.018228,56.8913
18.354,-1178.332,213.9557,24.407217,56.8993
18.372,-1178.922,214.7935,24.796233,56.9073
18.39,-1179.502,215.6313,25.185222,56.9152
18.408,-1180.092,216.4691,25.574238,56.9232
18.426,-1180.682,217.3068,25.963254,56.9311
18.444,-1181.272,218.1446,26.352243,56.9391
18.462,-1181.852,218.9925,27.59427,56.9604
18.48,-1182.422,219.8404,28.83627,56.9816
18.4995,-1183.042,220.765,29.99835,56.9991
18.519,-1183.662,221.6895,31.16043,57.0165
18.5355,-1184.172,222.4789,31.77927,57.0237
18.552,-1184.682,223.2683,32.39811,57.0309
18.5685,-1185.192,224.0576,33.01668,57.0381
18.585,-1185.712,224.847,33.63552,57.0452
18.601,-1186.192,225.6203,34.40772,57.0543
18.617,-1186.682,226.3936,35.17992,57.0633
18.633,-1187.162,227.1669,35.95212,57.0723
18.6525,-1187.752,228.1169,37.18602,57.082
18.672,-1188.332,229.0669,38.42019,57.0916
18.688,-1188.792,229.8527,39.1905,57.0946
18.704,-1189.262,230.6384,39.96108,57.0976
18.72,-1189.732,231.4241,40.73166,57.1005
18.741,-1190.332,232.464,41.96367,57.1026
18.762,-1190.922,233.5039,43.19568,57.1046
18.778,-1191.372,234.3028,44.01675,57.1035
18.794,-1191.812,235.1017,44.83782,57.1023
18.81,-1192.262,235.9006,45.65889,57.1011
18.825,-1192.662,236.6558,46.42839,57.1018
18.84,-1193.072,237.411,47.19789,57.1025
18.855,-1193.472,238.1661,47.96766,57.1032
18.873,-1193.952,239.0799,48.78846,57.0984
18.891,-1194.422,239.9937,49.60953,57.0936
18.909,-1194.892,240.9076,50.43033,57.0888
18.9315,-1195.462,242.0591,51.66207,57.0816
18.954,-1196.042,243.2106,52.89381,57.0744
18.971,-1196.452,244.0871,49.20588,57.0701
18.988,-1196.872,244.9637,45.51822,57.0658
19.005,-1197.292,245.8402,41.83056,57.0615
19.02,-1197.652,246.6192,29.07306,57.0579
19.035,-1198.012,247.3982,16.315479,57.0542
19.05,-1198.362,248.1771,3.557979,57.0506
19.068,-1198.782,249.1161,0,57.0679
19.0883,-1199.242,250.1797,0,57.0767
19.1085,-1199.692,251.2434,0,57.0855
19.1287,-1200.152,252.307,0,57.0942
19.149,-1200.612,253.3707,0,57.1028
19.162,-1200.892,254.059,0,57.1218
19.175,-1201.172,254.7474,0,57.1404
19.188,-1201.452,255.4357,0,57.1586
19.206,-1201.832,256.393,-0.153306,57.1865
19.224,-1202.212,257.3504,-0.306612,57.2133
19.243,-1202.602,258.366,-1.1230407,57.2374
19.262,-1202.992,259.3816,-1.9394694,57.2608
19.281,-1203.382,260.3971,-2.75589,57.2837
19.296,-1203.682,261.2017,-5.045895,57.3523
19.3155,-1204.062,262.2515,-5.654583,57.372
19.335,-1204.452,263.3012,-6.263271,57.3914
19.3545,-1204.842,264.351,-6.871932,57.4107
19.374,-1205.222,265.4008,-7.48062,57.4297
19.3935,-1205.602,266.4539,-3.74031,57.466
19.413,-1205.992,267.507,0,57.5017
19.4287,-1206.292,268.3589,0,57.5175
19.4445,-1206.602,269.2108,0,57.5333
19.4603,-1206.912,270.0627,0,57.5491
19.476,-1207.222,270.9146,0,57.5648
19.4895,-1207.482,271.6454,0,57.6015
19.503,-1207.752,272.3763,0,57.6382
19.524,-1208.162,273.514,0,57.6598
19.545,-1208.582,274.6518,0,57.6814
19.566,-1208.992,275.7895,0,57.703
19.579,-1209.252,276.4943,0.4487049,57.7281
19.592,-1209.512,277.199,0.8974098,57.7533
19.605,-1209.762,277.904,1.3461174,57.7784
19.626,-1210.182,279.043,2.4651432,57.8096
19.647,-1210.602,280.183,3.584169,57.8407
19.665,-1210.962,281.16,4.327938,57.8629
19.683,-1211.322,282.138,5.071707,57.8851
19.701,-1211.682,283.116,5.815449,57.9073
19.719,-1212.042,284.094,8.188047,57.9749
19.737,-1212.392,285.074,8.742384,57.9911
19.755,-1212.752,286.054,9.296721,58.0073
19.773,-1213.112,287.035,9.851058,58.0235
19.791,-1213.472,288.015,10.405395,58.0397
19.809,-1213.822,288.997,11.584404,58.071
19.827,-1214.182,289.98,12.763386,58.1022
19.842,-1214.472,290.801,13.314402,58.117
19.857,-1214.772,291.621,13.865418,58.1318
19.872,-1215.062,292.442,14.416407,58.1466
19.887,-1215.352,293.263,14.967423,58.1614
19.908,-1215.762,294.416,16.139736,58.1901
19.929,-1216.162,295.568,17.312022,58.2186
19.944,-1216.452,296.395,17.860095,58.2311
19.959,-1216.732,297.221,18.408168,58.2436
19.974,-1217.012,298.047,18.956241,58.2561
19.989,-1217.302,298.874,19.504287,58.2686
20.004,-1217.572,299.703,20.670525,58.2921
20.019,-1217.852,300.532,21.836763,58.3157
20.04,-1218.232,301.697,22.6125,58.3331
20.061,-1218.612,302.862,23.38821,58.3504
20.082,-1218.992,304.027,24.163947,58.3677
20.0985,-1219.282,304.946,25.252398,58.3855
20.115,-1219.572,305.865,26.340849,58.4033
20.133,-1219.872,306.871,27.06507,58.4144
20.151,-1220.182,307.877,27.78948,58.4254
20.169,-1220.492,308.883,28.51362,58.4365
20.184,-1220.732,309.724,29.28501,58.447
20.199,-1220.982,310.566,30.0564,58.4575
20.214,-1221.222,311.408,30.82779,58.4678
20.2335,-1221.532,312.506,31.91103,58.4786
20.253,-1221.842,313.604,32.994,58.4893
20.271,-1222.112,314.622,33.76323,58.4956
20.289,-1222.382,315.639,34.53246,58.5018
20.307,-1222.662,316.657,35.30169,58.508
20.316,-1222.792,317.167,36.45459,58.5153
20.325,-1222.922,317.677,37.60749,58.5226
20.343,-1223.172,318.701,38.14749,58.5251
20.361,-1223.422,319.725,38.68749,58.5275
20.379,-1223.662,320.749,39.22749,58.5299
20.397,-1223.912,321.773,39.76749,58.5323
20.4195,-1224.212,323.059,40.9185,58.5345
20.442,-1224.502,324.344,42.06951,58.5365
20.4562,-1224.682,325.204,32.53743,58.5369
20.4705,-1224.862,326.063,23.005134,58.5373
20.4848,-1225.042,326.923,13.472973,58.5375
20.499,-1225.222,327.783,3.940812,58.5377
20.516,-1225.402,328.703,2.6272134,58.5433
20.533,-1225.582,329.624,1.3136067,58.5488
20.55,-1225.762,330.544,0,58.5542
20.571,-1225.982,331.755,0,58.5728
20.592,-1226.202,332.967,0,58.5912
20.609,-1226.362,333.95,0,58.6099
20.626,-1226.532,334.933,0,58.6283
20.643,-1226.692,335.917,0,58.6462
20.658,-1226.832,336.786,0,58.7033
20.673,-1226.962,337.656,0,58.7212
20.688,-1227.102,338.527,0,58.7389
20.703,-1227.232,339.398,0,58.7563
20.718,-1227.362,340.269,0,58.7734
20.739,-1227.532,341.491,0,58.7947
20.76,-1227.712,342.713,0,58.8157
20.781,-1227.882,343.935,0,58.8365
20.7975,-1228.022,344.898,0,58.8599
20.814,-1228.152,345.86,0,58.8831
20.8305,-1228.282,346.823,0,58.9063
20.847,-1228.412,347.785,0,58.9294
20.865,-1228.552,348.837,0,58.9597
20.883,-1228.702,349.888,0,58.9899
20.896,-1228.802,350.648,0,59.0133
20.909,-1228.902,351.409,0,59.0367
20.922,-1229.002,352.169,0,59.0601
20.9385,-1229.132,353.135,0.1063125,59.0764
20.955,-1229.262,354.101,0.212625,59.0928
20.9715,-1229.392,355.067,0.3189375,59.1091
20.988,-1229.522,356.033,0.42525,59.1255
21.009,-1229.692,357.264,1.488375,59.1553
21.03,-1229.852,358.495,2.5515,59.185
21.0495,-1230.012,359.64,3.6855,59.2189
21.069,-1230.162,360.784,4.8195,59.2527
21.084,-1230.282,361.665,5.3865,59.2682
21.099,-1230.402,362.546,5.9535,59.2836
21.114,-1230.522,363.428,6.5205,59.2991
21.129,-1230.632,364.309,7.0875,59.3145
21.144,-1230.752,365.191,7.79625,59.3356
21.159,-1230.872,366.074,8.505,59.3567
21.174,-1230.982,366.956,9.21375,59.3777
21.1935,-1231.132,368.105,10.276875,59.4071
21.213,-1231.282,369.254,11.34,59.4364
21.231,-1231.422,370.316,12.096,59.4567
21.249,-1231.552,371.377,12.852,59.4769
21.267,-1231.682,372.439,13.608,59.4972
21.282,-1231.792,373.325,14.671125,59.5233
21.297,-1231.902,374.211,15.734277,59.5492
21.316,-1232.032,375.336,16.490277,59.5672
21.335,-1232.162,376.46,17.24625,59.585
21.354,-1232.302,377.584,18.002277,59.6028
21.3675,-1232.392,378.383,19.065375,59.6272
21.381,-1232.472,379.183,20.1285,59.6515
21.399,-1232.582,380.252,18.675576,59.6633
21.417,-1232.692,381.32,17.222625,59.675
21.435,-1232.802,382.389,15.769674,59.6868
21.453,-1232.912,383.457,14.31675,59.6986
21.468,-1233.002,384.349,0,59.7425
21.4842,-1233.082,385.313,0,59.7539
21.5004,-1233.162,386.278,0,59.7652
21.5166,-1233.252,387.242,0,59.7765
21.5328,-1233.332,388.207,0,59.7879
21.549,-1233.422,389.171,0,59.7992
21.564,-1233.492,390.065,0,59.8637
21.582,-1233.572,391.14,0,59.8789
21.6,-1233.652,392.215,0,59.894
21.618,-1233.732,393.289,0,59.9091
21.636,-1233.812,394.364,0,59.924
21.649,-1233.872,395.142,0.567,59.9435
21.662,-1233.922,395.919,1.134,59.9628
21.675,-1233.982,396.696,1.701,59.982
21.695,-1234.062,397.894,2.40975,60.0023
21.715,-1234.142,399.091,3.1185,60.0226
21.735,-1234.222,400.288,3.82725,60.0428
21.7515,-1234.282,401.278,4.96125,60.0769
21.768,-1234.352,402.267,6.09525,60.111
21.786,-1234.412,403.347,6.85125,60.1312
21.804,-1234.482,404.427,7.60725,60.1514
21.822,-1234.552,405.507,8.36325,60.1716
21.837,-1234.602,406.408,9.072,60.1904
21.852,-1234.662,407.309,9.78075,60.2092
21.867,-1234.712,408.211,10.4895,60.2279
21.8865,-1234.782,409.383,11.6235,60.258
21.906,-1234.852,410.556,12.7575,60.288
21.9225,-1234.902,411.55,13.3245,60.303
21.939,-1234.962,412.543,13.8915,60.318
21.9555,-1235.012,413.537,14.4585,60.333
21.972,-1235.062,414.531,15.0255,60.3479
21.981,-1235.092,415.073,16.088652,60.3713
21.99,-1235.122,415.616,17.151777,60.3946
22.008,-1235.162,416.702,18.250326,60.4177
22.026,-1235.212,417.789,19.348875,60.4407
22.044,-1235.262,418.875,20.447451,60.4635
22.062,-1235.302,419.961,21.546,60.4863
22.08,-1235.342,421.05,17.2368,60.4956
22.098,-1235.372,422.138,12.9276,60.5049
22.116,-1235.402,423.226,8.6184,60.5142
22.134,-1235.432,424.315,4.3092,60.5235
22.152,-1235.472,425.403,0,60.5328
22.167,-1235.482,426.311,0,60.5495
22.182,-1235.502,427.22,0,60.5663
22.197,-1235.522,428.128,0,60.583
22.2165,-1235.542,429.31,0,60.6139
22.236,-1235.552,430.491,0,60.6447
22.2488,-1235.562,431.265,0,60.6587
22.2615,-1235.562,432.038,0,60.6727
22.2743,-1235.572,432.812,0,60.6866
22.287,-1235.582,433.585,0,60.7005
22.305,-1235.582,434.678,-0.756,60.7218
22.323,-1235.582,435.771,-1.512,60.743
22.341,-1235.592,436.864,-2.268,60.7641
22.362,-1235.592,438.141,-3.402,60.7948
22.383,-1235.592,439.418,-4.536,60.8253
22.3958,-1235.592,440.193,-3.402,60.8408
22.4085,-1235.592,440.969,-2.268,60.8562
22.4212,-1235.592,441.745,-1.134,60.8716
22.434,-1235.592,442.521,0,60.887
22.4535,-1235.592,443.709,0,60.9169
22.473,-1235.592,444.896,0,60.9468
22.489,-1235.592,445.872,0,60.9655
22.505,-1235.592,446.847,0,60.9842
22.521,-1235.592,447.823,0,61.0029
22.536,-1235.592,448.738,-0.70875,61.0235
22.551,-1235.602,449.653,-1.4175,61.044
22.566,-1235.602,450.569,-2.12625,61.0646
22.583,-1235.602,451.607,-2.88225,61.0853
22.6,-1235.602,452.646,-3.63825,61.1061
22.617,-1235.612,453.684,-4.39425,61.1268
22.6395,-1235.612,455.06,-2.197125,61.1567
22.662,-1235.622,456.435,0,61.1865
22.6748,-1235.622,457.216,0,61.1992
22.6875,-1235.632,457.996,0,61.2119
22.7002,-1235.632,458.776,0,61.2245
22.713,-1235.642,459.557,0,61.2371
22.7355,-1235.642,460.935,0,61.2684
22.758,-1235.652,462.314,0,61.2996
22.776,-1235.662,463.417,0,61.36
22.7916,-1235.672,464.374,0,61.3708
22.8072,-1235.682,465.331,0,61.3815
22.8228,-1235.692,466.289,0,61.3922
22.8384,-1235.702,467.246,0,61.403
22.854,-1235.702,468.203,0,61.4137
22.869,-1235.712,469.125,0,61.4342
22.884,-1235.722,470.046,0,61.4546
22.899,-1235.732,470.968,0,61.4751
22.913,-1235.742,471.828,-0.23625,61.4944
22.927,-1235.752,472.689,-0.4725,61.5136
22.941,-1235.762,473.55,-0.70875,61.5329
22.957,-1235.772,474.535,-1.4175,61.5522
22.973,-1235.782,475.519,-2.12625,61.5715
22.989,-1235.792,476.504,-2.835,61.5907
23.0055,-1235.802,477.52,-3.898125,61.618
23.022,-1235.812,478.537,-4.96125,61.6452
23.0392,-1235.832,479.6,-5.52825,61.6588
23.0565,-1235.842,480.664,-6.09525,61.6724
23.0737,-1235.852,481.727,-6.66225,61.686
23.091,-1235.862,482.791,-7.22925,61.6995
23.112,-1235.882,484.087,-3.614625,61.728
23.133,-1235.902,485.383,0,61.7565
23.1458,-1235.912,486.171,0,61.7722
23.1585,-1235.922,486.958,0,61.788
23.1712,-1235.942,487.746,0,61.8037
23.184,-1235.952,488.533,0,61.8194
23.2,-1235.972,489.523,0,61.8356
23.216,-1235.982,490.512,0,61.8516
23.232,-1236.002,491.501,0,61.8677
23.2485,-1236.022,492.522,0,61.8959
23.265,-1236.042,493.543,0,61.924
23.28,-1236.062,494.472,0,61.9527
23.295,-1236.072,495.401,0,61.9815
23.313,-1236.102,496.516,0,61.9942
23.331,-1236.122,497.632,0,62.007
23.349,-1236.142,498.747,0,62.0197
23.367,-1236.172,499.863,0,62.0324
23.3835,-1236.192,500.886,-0.496125,62.0609
23.4,-1236.212,501.91,-0.99225,62.0894
23.415,-1236.232,502.841,-1.55925,62.1036
23.43,-1236.252,503.772,-2.12625,62.1178
23.445,-1236.272,504.704,-2.69325,62.132
23.46,-1236.292,505.635,-3.26025,62.1462
23.477,-1236.322,506.692,-3.969,62.164
23.494,-1236.342,507.748,-4.67775,62.1818
23.511,-1236.372,508.805,-5.3865,62.1996
23.526,-1236.392,509.738,-3.591,62.2192
23.541,-1236.412,510.671,-1.7955,62.2387
23.556,-1236.442,511.604,0,62.2582
23.577,-1236.472,512.911,0,62.2838
23.598,-1236.502,514.219,0,62.3093
23.613,-1236.532,515.153,0,62.3268
23.628,-1236.552,516.088,0,62.3443
23.643,-1236.582,517.023,0,62.3617
23.6572,-1236.602,517.911,0,62.3752
23.6715,-1236.622,518.8,0,62.3887
23.6858,-1236.652,519.688,0,62.4022
23.7,-1236.672,520.577,0,62.4157
23.7165,-1236.702,521.607,0,62.444
23.733,-1236.732,522.637,0,62.4722
23.748,-1236.762,523.574,0,62.4853
23.763,-1236.782,524.511,0,62.4985
23.778,-1236.812,525.448,0,62.5117
23.793,-1236.842,526.385,0,62.5248
23.8095,-1236.872,527.416,0,62.5515
23.826,-1236.902,528.448,0,62.5782
23.8485,-1236.942,529.855,0,62.6036
23.871,-1236.982,531.263,0,62.629
23.8845,-1237.012,532.108,0,62.6425
23.898,-1237.032,532.954,0,62.656
23.9115,-1237.062,533.799,0,62.6694
23.925,-1237.082,534.644,0,62.6829
23.941,-1237.112,535.647,0,62.7021
23.957,-1237.142,536.65,0,62.7212
23.973,-1237.172,537.653,0,62.7404
23.988,-1237.202,538.593,0,62.7922
24.0048,-1237.232,539.648,0,62.8027
24.0216,-1237.262,540.702,0,62.8131
24.0384,-1237.302,541.757,0,62.8236
24.0552,-1237.332,542.811,0,62.834
24.072,-1237.362,543.866,0,62.8444
24.085,-1237.382,544.683,0,62.861
24.098,-1237.412,545.5,0,62.8774
24.111,-1237.432,546.317,0,62.8939
24.132,-1237.472,547.637,0,62.922
24.153,-1237.512,548.958,0,62.9501
24.1672,-1237.542,549.854,0,62.9622
24.1815,-1237.562,550.751,0,62.9742
24.1957,-1237.592,551.648,0,62.9863
24.21,-1237.622,552.545,0,62.9983
24.228,-1237.652,553.679,0,63.0528
24.246,-1237.692,554.813,0.1063125,63.0662
24.264,-1237.722,555.948,0.212625,63.0796
24.282,-1237.752,557.082,0.3189375,63.093
24.3,-1237.792,558.217,0.42525,63.1064
24.312,-1237.812,558.974,1.063125,63.1211
24.324,-1237.832,559.731,1.701,63.1357
24.336,-1237.862,560.488,2.338875,63.1503
24.348,-1237.882,561.246,2.97675,63.1649
24.369,-1237.922,562.572,3.898125,63.1876
24.39,-1237.962,563.898,4.8195,63.2103
24.406,-1237.992,564.909,3.213,63.2254
24.422,-1238.022,565.92,1.6065,63.2404
24.438,-1238.052,566.932,0,63.2554
24.455,-1238.082,568.007,0,63.2742
24.472,-1238.112,569.082,0,63.293
24.489,-1238.142,570.158,0,63.3118
24.504,-1238.172,571.107,0,63.3288
24.519,-1238.192,572.057,0,63.3458
24.534,-1238.222,573.006,0,63.3627
24.549,-1238.242,573.957,0,63.3791
24.564,-1238.272,574.907,0,63.3954
24.579,-1238.302,575.858,0,63.4118
24.593,-1238.322,576.745,0,63.4303
24.607,-1238.342,577.633,0,63.4489
24.621,-1238.372,578.521,0,63.4675
24.639,-1238.402,579.663,0,63.4839
24.657,-1238.432,580.805,0,63.5004
24.675,-1238.462,581.948,0,63.5169
24.69,-1238.482,582.901,0,63.5345
24.705,-1238.502,583.853,0,63.5522
24.72,-1238.532,584.806,0,63.5698
24.737,-1238.562,585.887,0,63.5867
24.754,-1238.582,586.968,0,63.6035
24.771,-1238.612,588.048,0,63.6204
24.786,-1238.642,589.003,-0.51975,63.6362
24.801,-1238.662,589.957,-1.0395,63.6521
24.816,-1238.682,590.911,-1.55925,63.6679
24.832,-1238.712,591.93,-2.31525,63.6867
24.848,-1238.742,592.949,-3.07125,63.7054
24.864,-1238.762,593.968,-3.82725,63.7241
24.876,-1238.782,594.732,-4.536,63.7409
24.888,-1238.802,595.497,-5.24475,63.7577
24.9,-1238.822,596.262,-5.9535,63.7745
24.9195,-1238.862,597.505,-7.0875,63.7995
24.939,-1238.892,598.748,-8.2215,63.8244
24.9548,-1238.922,599.753,-6.166125,63.8365
24.9705,-1238.952,600.758,-4.11075,63.8485
24.9862,-1238.982,601.763,-2.055375,63.8605
25.002,-1239.012,602.768,0,63.8725
25.0185,-1239.042,603.822,0,63.8977
25.035,-1239.082,604.876,0,63.9229
25.0492,-1239.112,605.786,0,63.9351
25.0635,-1239.142,606.697,0,63.9474
25.0777,-1239.172,607.607,0,63.9596
25.092,-1239.202,608.518,0,63.9718
25.107,-1239.232,609.477,0,63.9877
25.122,-1239.272,610.436,0,64.0036
25.137,-1239.302,611.395,0,64.0194
25.153,-1239.342,612.419,0,64.0366
25.169,-1239.382,613.443,0,64.0537
25.185,-1239.422,614.467,0,64.0708
25.201,-1239.462,615.492,-0.33075,64.0878
25.217,-1239.502,616.516,-0.6615,64.1047
25.233,-1239.542,617.541,-0.99225,64.1217
25.25,-1239.582,618.631,-1.701,64.138
25.267,-1239.622,619.72,-2.40975,64.1543
25.284,-1239.672,620.81,-3.1185,64.1706
25.298,-1239.702,621.708,-3.8745,64.1874
25.312,-1239.742,622.605,-4.6305,64.2042
25.326,-1239.782,623.503,-5.3865,64.221
25.342,-1239.822,624.53,-6.1425,64.2377
25.358,-1239.862,625.557,-6.8985,64.2544
25.374,-1239.912,626.584,-7.6545,64.2711
25.389,-1239.952,627.547,-8.36325,64.2863
25.404,-1239.992,628.511,-9.072,64.3015
25.419,-1240.042,629.474,-9.78075,64.3167
25.437,-1240.092,630.631,-10.53675,64.3321
25.455,-1240.152,631.788,-11.29275,64.3475
25.473,-1240.202,632.944,-12.04875,64.3629
25.484,-1240.242,633.652,-12.80475,64.3765
25.495,-1240.272,634.359,-13.56075,64.39
25.506,-1240.312,635.066,-14.31675,64.4035
25.521,-1240.362,636.031,-10.584,64.4166
25.536,-1240.412,636.996,-6.851277,64.4296
25.551,-1240.472,637.96,-3.118527,64.4426
25.571,-1240.552,639.247,-2.0790108,64.456
25.591,-1240.632,640.534,-1.0395054,64.4692
25.611,-1240.702,641.82,0,64.4825
25.623,-1240.762,642.593,0,64.498
25.635,-1240.812,643.365,0,64.5135
25.647,-1240.862,644.137,0,64.529
25.662,-1240.932,645.103,0,64.5405
25.677,-1240.992,646.069,0,64.552
25.692,-1241.062,647.035,0,64.5634
25.707,-1241.132,648,0,64.5748
25.724,-1241.212,649.096,0,64.5916
25.741,-1241.302,650.191,0,64.6084
25.758,-1241.382,651.286,0,64.6251
25.776,-1241.482,652.639,0,64.673
25.7904,-1241.552,653.529,-0.3402,64.683
25.8048,-1241.622,654.419,-0.6804,64.693
25.8192,-1241.692,655.309,-1.0206,64.7029
25.8336,-1241.762,656.199,-1.3608,64.7128
25.848,-1241.832,657.088,-1.701,64.7228
25.866,-1241.932,658.25,-2.835,64.7477
25.884,-1242.022,659.411,-3.969,64.7726
25.8975,-1242.092,660.283,-4.536,64.7846
25.911,-1242.162,661.155,-5.103,64.7967
25.9245,-1242.242,662.026,-5.67,64.8087
25.938,-1242.312,662.898,-6.237,64.8208
25.957,-1242.412,664.126,-6.94575,64.8357
25.976,-1242.512,665.353,-7.6545,64.8506
25.995,-1242.622,666.581,-8.36325,64.8655
26.0115,-1242.712,667.648,-9.49725,64.8897
26.028,-1242.802,668.714,-10.63125,64.9138
26.043,-1242.892,669.685,-11.162826,64.9241
26.058,-1242.972,670.655,-11.694375,64.9343
26.073,-1243.062,671.625,-12.225951,64.9445
26.088,-1243.142,672.595,-12.7575,64.9547
26.1045,-1243.242,673.662,-13.8915,64.9741
26.121,-1243.342,674.73,-15.0255,64.9933
26.1336,-1243.422,675.545,-15.4791,65.0007
26.1462,-1243.502,676.36,-15.932727,65.008
26.1588,-1243.582,677.175,-16.386327,65.0154
26.1714,-1243.672,677.99,-16.839927,65.0227
26.184,-1243.752,678.806,-17.293527,65.03
26.2005,-1243.862,679.873,-18.4275,65.0453
26.217,-1243.972,680.94,-19.5615,65.0604
26.232,-1244.082,681.91,-14.671125,65.0675
26.247,-1244.192,682.88,-9.78075,65.0745
26.262,-1244.302,683.85,-4.890375,65.0815
26.277,-1244.412,684.821,0,65.0885
26.295,-1244.552,685.984,0,65.1064
26.313,-1244.692,687.148,0,65.1243
26.328,-1244.812,688.117,0,65.1347
26.343,-1244.932,689.087,0,65.1451
26.358,-1245.062,690.057,0,65.1555
26.373,-1245.182,691.026,0,65.1659
26.3895,-1245.322,692.093,0,65.1884
26.406,-1245.462,693.159,0,65.2106
26.421,-1245.602,694.193,0,65.2271
26.436,-1245.742,695.227,0,65.2434
26.451,-1245.882,696.262,0,65.2597
26.469,-1246.042,697.361,0,65.2754
26.487,-1246.192,698.46,0,65.2911
26.505,-1246.342,699.559,0,65.3068
26.517,-1246.452,700.335,-0.212625,65.3187
26.529,-1246.562,701.111,-0.42525,65.3306
26.541,-1246.672,701.887,-0.637875,65.3424
26.553,-1246.782,702.663,-0.8505,65.3542
26.571,-1246.952,703.828,-3.1185,65.4035
26.589,-1247.122,704.993,-3.650049,65.4151
26.607,-1247.292,706.158,-4.181625,65.4268
26.625,-1247.462,707.323,-4.713174,65.4384
26.643,-1247.632,708.489,-5.24475,65.4501
26.656,-1247.752,709.331,-6.00075,65.4659
26.669,-1247.872,710.173,-6.75675,65.4817
26.682,-1247.992,711.015,-7.51275,65.4975
26.696,-1248.132,711.922,-8.26875,65.5128
26.71,-1248.262,712.829,-9.02475,65.5281
26.724,-1248.392,713.737,-9.78075,65.5434
26.7383,-1248.532,714.66,-10.312326,65.5537
26.7525,-1248.672,715.584,-10.843875,65.564
26.7668,-1248.812,716.508,-11.375451,65.5743
26.781,-1248.952,717.432,-11.907,65.5846
26.802,-1249.162,718.793,-14.175,65.6288
26.8176,-1249.322,719.805,-14.60025,65.6362
26.8332,-1249.482,720.816,-15.0255,65.6437
26.8488,-1249.632,721.828,-15.450777,65.6511
26.8644,-1249.792,722.839,-15.876027,65.6585
26.88,-1249.952,723.85,-16.301277,65.6659
26.893,-1250.092,724.693,-17.057277,65.6759
26.906,-1250.232,725.535,-17.81325,65.6858
26.919,-1250.372,726.378,-18.56925,65.6957
26.9385,-1250.592,727.641,-11.6235,65.7099
26.958,-1250.802,728.904,-4.67775,65.7239
26.973,-1250.982,729.874,-3.508326,65.7317
26.988,-1251.152,730.845,-2.3388777,65.7395
27.003,-1251.322,731.815,-1.1694375,65.7473
27.018,-1251.502,732.786,0,65.7551
27.034,-1251.692,733.821,0,65.7688
27.05,-1251.892,734.855,0,65.7825
27.066,-1252.082,735.89,0,65.7961
27.079,-1252.242,736.73,0,65.8107
27.092,-1252.402,737.57,0,65.8253
27.105,-1252.572,738.41,0,65.8397
27.1192,-1252.752,739.33,0,65.8516
27.1335,-1252.932,740.251,0,65.8634
27.1478,-1253.112,741.172,0,65.8751
27.162,-1253.292,742.092,0,65.8868
27.179,-1253.522,743.19,-0.6615,65.9036
27.196,-1253.742,744.288,-1.323,65.9203
27.213,-1253.962,745.386,-1.9845,65.937
27.2295,-1254.182,746.452,-3.047625,65.9595
27.246,-1254.402,747.518,-4.11075,65.982
27.2603,-1254.592,748.439,-4.642299,65.9929
27.2745,-1254.782,749.36,-5.173875,66.0038
27.2887,-1254.972,750.281,-5.705424,66.0147
27.303,-1255.162,751.202,-6.237,66.0256
27.318,-1255.372,752.172,-7.371,66.0487
27.333,-1255.572,753.141,-8.505,66.0719
27.3488,-1255.792,754.159,-9.072,66.0842
27.3645,-1256.002,755.178,-9.639,66.0965
27.3802,-1256.222,756.196,-10.206,66.1088
27.396,-1256.432,757.214,-10.773,66.1211
27.4125,-1256.662,758.281,-11.836125,66.1418
27.429,-1256.892,759.348,-12.89925,66.1625
27.4448,-1257.112,760.366,-13.46625,66.1727
27.4605,-1257.342,761.384,-14.03325,66.1828
27.4762,-1257.562,762.402,-14.60025,66.1929
27.492,-1257.792,763.42,-15.16725,66.203
27.507,-1258.002,764.389,-16.230402,66.2186
27.522,-1258.222,765.358,-17.293527,66.2341
27.5346,-1258.412,766.171,-17.747127,66.2402
27.5472,-1258.602,766.984,-18.200727,66.2462
27.5598,-1258.792,767.797,-18.6543,66.2523
27.5724,-1258.982,768.61,-19.1079,66.2583
27.585,-1259.172,769.423,-19.5615,66.2642
27.6015,-1259.422,770.487,-9.78075,66.2798
27.618,-1259.682,771.55,0,66.2953
27.633,-1259.912,772.516,0,66.3047
27.648,-1260.152,773.482,0,66.3141
27.663,-1260.392,774.448,0,66.3236
27.678,-1260.632,775.414,0,66.333
27.696,-1260.922,776.571,0,66.3531
27.714,-1261.222,777.729,0,66.3731
27.735,-1261.562,779.079,0,66.4186
27.748,-1261.782,779.915,0,66.4272
27.761,-1262.002,780.75,0,66.4357
27.774,-1262.222,781.585,0,66.4442
27.787,-1262.442,782.42,0,66.4527
27.8,-1262.662,783.256,0,66.4612
27.813,-1262.882,784.091,0,66.4697
27.8325,-1263.212,785.344,0,66.4923
27.852,-1263.552,786.596,0,66.5147
27.867,-1263.802,787.56,-0.496125,66.5267
27.882,-1264.062,788.523,-0.99225,66.5386
27.897,-1264.322,789.487,-1.488375,66.5505
27.912,-1264.582,790.45,-1.9845,66.5623
27.925,-1264.812,791.286,-2.69325,66.5769
27.938,-1265.042,792.121,-3.402,66.5914
27.951,-1265.262,792.956,-4.11075,66.6059
27.969,-1265.582,794.113,-6.37875,66.6545
27.9852,-1265.862,795.155,-6.83235,66.6639
28.0014,-1266.152,796.197,-7.28595,66.6733
28.0176,-1266.432,797.238,-7.73955,66.6827
28.0338,-1266.722,798.28,-8.19315,66.6921
28.05,-1267.002,799.322,-8.64675,66.7015
28.063,-1267.232,800.158,-9.3555,66.716
28.076,-1267.462,800.994,-10.06425,66.7303
28.089,-1267.692,801.83,-10.773,66.7447
28.1033,-1267.952,802.746,-11.34,66.7549
28.1175,-1268.212,803.662,-11.907,66.7651
28.1318,-1268.462,804.578,-12.474,66.7752
28.146,-1268.722,805.495,-13.041,66.7853
28.16,-1268.972,806.394,-14.50575,66.8088
28.174,-1269.232,807.294,-15.970527,66.8321
28.188,-1269.492,808.193,-17.435277,66.8552
28.2035,-1269.782,809.187,-17.813277,66.8597
28.219,-1270.072,810.181,-18.19125,66.8642
28.2345,-1270.362,811.176,-18.56925,66.8686
28.25,-1270.652,812.17,-18.94725,66.8731
28.2655,-1270.952,813.164,-19.32525,66.8775
28.281,-1271.242,814.158,-19.70325,66.8819
28.2945,-1271.502,815.022,-20.766375,66.8939
28.308,-1271.762,815.886,-21.8295,66.9057
28.323,-1272.062,816.844,-21.723174,66.9095
28.338,-1272.362,817.803,-21.616875,66.9133
28.353,-1272.662,818.761,-21.510549,66.917
28.368,-1272.962,819.719,-21.40425,66.9207
28.383,-1273.272,820.675,-10.702125,66.9293
28.398,-1273.572,821.631,0,66.9378
28.4136,-1273.902,822.623,0,66.9442
28.4292,-1274.232,823.614,0,66.9506
28.4448,-1274.562,824.606,0,66.9569
28.4604,-1274.892,825.597,0,66.9633
28.476,-1275.222,826.589,0,66.9697
28.491,-1275.542,827.539,-0.0945,66.9823
28.506,-1275.872,828.49,-0.189,66.9947
28.521,-1276.202,829.44,-0.2835,67.007
28.535,-1276.512,830.326,-1.0395,67.0217
28.549,-1276.822,831.211,-1.7955,67.0362
28.563,-1277.132,832.097,-2.5515,67.0504
28.58,-1277.512,833.171,-3.26025,67.0645
28.597,-1277.892,834.245,-3.969,67.0785
28.614,-1278.282,835.319,-4.67775,67.0923
28.628,-1278.602,836.203,-5.43375,67.1078
28.642,-1278.912,837.087,-6.18975,67.1231
28.656,-1279.232,837.97,-6.94575,67.1384
28.672,-1279.602,838.98,-7.70175,67.1532
28.688,-1279.972,839.989,-8.45775,67.168
28.704,-1280.342,840.999,-9.21375,67.1827
28.719,-1280.692,841.944,-9.9225,67.1952
28.734,-1281.032,842.89,-10.63125,67.2076
28.749,-1281.382,843.836,-11.34,67.22
28.7617,-1281.682,844.639,-8.505,67.2312
28.7745,-1281.982,845.442,-5.67,67.2423
28.7873,-1282.282,846.246,-2.835,67.2534
28.8,-1282.582,847.049,0,67.2645
28.816,-1282.962,848.057,0,67.2795
28.832,-1283.342,849.064,0,67.2944
28.848,-1283.722,850.072,0,67.3094
28.866,-1284.152,851.205,-0.567,67.354
28.8792,-1284.462,852.036,-0.99225,67.3627
28.8924,-1284.782,852.866,-1.4175,67.3715
28.9056,-1285.102,853.697,-1.84275,67.3802
28.9188,-1285.412,854.528,-2.268,67.3889
28.932,-1285.732,855.359,-2.69325,67.3976
28.95,-1286.172,856.491,-3.82725,67.4199
28.968,-1286.602,857.624,-4.96125,67.4421
28.9818,-1286.942,858.492,-5.41485,67.4513
28.9956,-1287.272,859.36,-5.86845,67.4604
29.0094,-1287.612,860.229,-6.32205,67.4695
29.0232,-1287.942,861.097,-6.77565,67.4786
29.037,-1288.282,861.965,-7.22925,67.4877
29.052,-1288.652,862.908,-7.938,67.5009
29.067,-1289.012,863.852,-8.64675,67.5142
29.082,-1289.382,864.795,-9.3555,67.5274
29.1,-1289.832,865.927,-11.6235,67.5687
29.115,-1290.202,866.869,-12.0771,67.5761
29.13,-1290.572,867.811,-12.5307,67.5836
29.145,-1290.952,868.753,-12.9843,67.591
29.16,-1291.322,869.696,-13.4379,67.5984
29.175,-1291.692,870.638,-13.8915,67.6058
29.188,-1292.022,871.453,-14.6475,67.6159
29.201,-1292.352,872.269,-15.403527,67.6259
29.214,-1292.682,873.084,-16.159527,67.6358
29.2298,-1293.082,874.071,-16.691076,67.6432
29.2455,-1293.482,875.057,-17.222625,67.6506
29.2612,-1293.892,876.043,-17.754201,67.6579
29.277,-1294.292,877.029,-18.28575,67.6651
29.2935,-1294.722,878.059,-12.686625,67.6762
29.31,-1295.152,879.09,-7.0875,67.6872
29.3242,-1295.532,879.977,-5.315625,67.6942
29.3385,-1295.912,880.865,-3.54375,67.7013
29.3528,-1296.292,881.752,-1.771875,67.7084
29.367,-1296.672,882.64,0,67.7154
29.385,-1297.152,883.758,0,67.7325
29.403,-1297.642,884.876,0,67.7495
29.415,-1297.972,885.621,0,67.7629
29.427,-1298.292,886.365,0,67.7762
29.439,-1298.622,887.109,0,67.7894
29.4534,-1299.022,888.001,0,67.7981
29.4678,-1299.422,888.892,0,67.8068
29.4822,-1299.812,889.784,0,67.8154
29.4966,-1300.212,890.675,0,67.824
29.511,-1300.612,891.567,0,67.8325
29.526,-1301.032,892.494,0,67.8481
29.541,-1301.452,893.422,0,67.8636
29.556,-1301.872,894.349,0,67.879
29.57,-1302.262,895.215,0,67.8933
29.584,-1302.662,896.08,0,67.9077
29.598,-1303.052,896.945,0,67.9219
29.613,-1303.472,897.872,0,67.9356
29.628,-1303.902,898.799,0,67.9492
29.643,-1304.322,899.727,0,67.9628
29.66,-1304.802,900.777,-0.51975,67.9784
29.677,-1305.282,901.828,-1.0395,67.9939
29.694,-1305.762,902.879,-1.55925,68.0095
29.709,-1306.192,903.807,-2.268,68.0232
29.724,-1306.612,904.735,-2.97675,68.037
29.739,-1307.042,905.663,-3.6855,68.0507
29.7518,-1307.402,906.452,-4.2525,68.0611
29.7645,-1307.762,907.24,-4.8195,68.0714
29.7773,-1308.122,908.029,-5.3865,68.0818
29.79,-1308.482,908.818,-5.9535,68.0921
29.804,-1308.882,909.685,-6.66225,68.1059
29.818,-1309.282,910.551,-7.371,68.1196
29.832,-1309.682,911.418,-8.07975,68.1333
29.849,-1310.162,912.469,-5.3865,68.1481
29.866,-1310.652,913.521,-2.6932473,68.1628
29.883,-1311.132,914.573,0,68.1775
29.8995,-1311.612,915.594,0,68.1973
29.916,-1312.082,916.615,0,68.217
29.93,-1312.482,917.481,0,68.232
29.944,-1312.892,918.347,0,68.247
29.958,-1313.292,919.213,0,68.2619
29.9712,-1313.672,920.029,0,68.27
29.9844,-1314.052,920.846,0,68.278
29.9976,-1314.432,921.662,0,68.286
30.0108,-1314.812,922.479,0,68.294
30.024,-1315.202,923.295,0,68.302
30.0405,-1315.672,924.316,0,68.3235
30.057,-1316.152,925.336,0,68.3449
30.0712,-1316.572,926.218,0,68.3551
30.0855,-1316.982,927.099,0,68.3654
30.0998,-1317.402,927.981,0,68.3756
30.114,-1317.812,928.863,0,68.3858
30.131,-1318.312,929.915,0,68.3994
30.148,-1318.802,930.967,0,68.4131
30.165,-1319.302,932.019,0,68.4267
30.18,-1319.732,932.948,0,68.4665
30.1935,-1320.132,933.784,0,68.4735
30.207,-1320.522,934.62,0,68.4806
30.2205,-1320.922,935.456,0,68.4876
30.234,-1321.312,936.292,0,68.4947
30.2475,-1321.712,937.128,0,68.5018
30.261,-1322.102,937.964,0,68.5088
30.279,-1322.632,939.079,0,68.5515
30.2948,-1323.092,940.056,0,68.5615
30.3105,-1323.552,941.032,0,68.5716
30.3262,-1324.012,942.009,0,68.5816
30.342,-1324.472,942.985,0,68.5916
30.357,-1324.912,943.915,0,68.611
30.372,-1325.352,944.846,0,68.6303
30.3846,-1325.722,945.628,0,68.6391
30.3972,-1326.092,946.41,0,68.6478
30.4098,-1326.462,947.192,0,68.6566
30.4224,-1326.832,947.974,0,68.6653
30.435,-1327.202,948.756,0,68.6741
30.449,-1327.612,949.626,0,68.6876
30.463,-1328.022,950.495,0,68.7011
30.477,-1328.432,951.365,0,68.7146
30.501,-1329.132,952.856,0,68.7542
30.515,-1329.542,953.726,0,68.7608
30.529,-1329.952,954.597,0,68.7674
30.543,-1330.362,955.468,0,68.774
30.557,-1330.782,956.338,0,68.7806
30.571,-1331.192,957.209,0,68.7872
30.585,-1331.602,958.079,0,68.7938
30.6015,-1332.082,959.106,0,68.8127
30.618,-1332.572,960.133,0,68.8316
30.63,-1332.922,960.88,0.14175,68.8406
30.642,-1333.272,961.627,0.2835,68.8495
30.654,-1333.622,962.374,0.42525,68.8584
30.666,-1333.982,963.121,0.567,68.8674
30.678,-1334.332,963.868,0.70875,68.8763
30.693,-1334.772,964.803,0.4725,68.842
30.708,-1335.212,965.738,0.23625,68.8077
30.723,-1335.652,966.672,0,68.7734
30.7375,-1336.082,967.574,0,68.7549
30.752,-1336.502,968.477,0,68.7363
30.7665,-1336.932,969.379,0,68.7177
30.781,-1337.352,970.281,0,68.6991
30.7955,-1337.782,971.183,0,68.6805
30.81,-1338.202,972.086,0,68.662
30.8235,-1338.602,972.924,0,68.591
30.837,-1338.992,973.762,0,68.5201
30.855,-1339.522,974.875,0,68.326
30.873,-1340.042,975.988,0,68.1318
30.891,-1340.562,977.1,0,67.9377
30.909,-1341.092,978.213,0,67.7434
30.924,-1341.522,979.127,0,67.476
30.939,-1341.952,980.042,0,67.2083
30.954,-1342.382,980.957,0,66.9404
30.968,-1342.772,981.8,0,66.6287
30.982,-1343.172,982.644,0,66.317
30.996,-1343.572,983.487,0,66.0052
31.0095,-1343.942,984.289,0,65.784
31.023,-1344.322,985.091,0,65.5626
31.0365,-1344.702,985.893,0,65.3413
31.05,-1345.072,986.694,0,65.1199
31.065,-1345.492,987.573,0.33075,64.8276
31.08,-1345.902,988.451,0.6615,64.5353
31.095,-1346.312,989.329,0.99225,64.243
31.112,-1346.772,990.311,1.74825,63.9385
31.129,-1347.232,991.293,2.50425,63.6341
31.146,-1347.692,992.274,3.26025,63.3296
31.161,-1348.092,993.128,2.1735,63.026
31.176,-1348.492,993.982,1.08675,62.7224
31.191,-1348.892,994.836,0,62.4187
31.206,-1349.292,995.683,0,61.5489
31.2222,-1349.712,996.584,0,61.3633
31.2384,-1350.132,997.486,0,61.1777
31.2546,-1350.562,998.387,0,60.9921
31.2708,-1350.982,999.289,0,60.8065
31.287,-1351.402,1000.19,0,60.6209
31.305,-1351.862,1001.176,0,59.7727
31.323,-1352.312,1002.15,0,59.5657
31.341,-1352.772,1003.123,0,59.3586
31.359,-1353.222,1004.096,0,59.1516
31.377,-1353.672,1005.069,0,58.9445
31.395,-1354.122,1006.027,0.5804379,58.5447
31.413,-1354.572,1006.986,1.1608785,58.145
31.428,-1354.932,1007.778,3.557601,57.2417
31.4448,-1355.342,1008.652,4.025916,57.0757
31.4616,-1355.742,1009.526,4.494231,56.9097
31.4784,-1356.152,1010.399,4.962573,56.7437
31.4952,-1356.562,1011.273,5.430888,56.5776
31.512,-1356.962,1012.147,5.899203,56.4116
31.5315,-1357.422,1013.142,2.949615,56.0191
31.551,-1357.882,1014.137,0,55.6265
31.567,-1358.252,1014.943,0,55.3494
31.583,-1358.622,1015.749,0,55.0722
31.599,-1358.992,1016.555,0,54.7951
31.617,-1359.402,1017.449,0,54.5512
31.635,-1359.812,1018.343,0,54.3073
31.653,-1360.222,1019.236,0,54.0635
31.671,-1360.632,1020.121,0,53.2169
31.694,-1361.142,1021.235,0,52.9364
31.717,-1361.642,1022.35,0,52.6559
31.74,-1362.152,1023.465,0,52.3754
31.755,-1362.472,1024.176,0,52.1636
31.77,-1362.802,1024.888,0,51.9519
31.785,-1363.122,1025.599,0,51.7402
31.8,-1363.442,1026.311,0,51.5285
31.821,-1363.892,1027.294,0,50.7938
31.845,-1364.392,1028.402,0,50.5469
31.869,-1364.892,1029.509,0,50.3
31.893,-1365.392,1030.617,0,50.0531
31.913,-1365.792,1031.522,0,49.5383
31.933,-1366.202,1032.427,0,49.0235
31.953,-1366.612,1033.332,0,48.5087
31.9717,-1366.982,1034.162,0,48.3134
31.9905,-1367.352,1034.991,0,48.1182
32.0093,-1367.722,1035.821,0,47.923
32.028,-1368.102,1036.651,0,47.7278
32.0445,-1368.452,1037.432,0,47.3109
32.061,-1368.802,1038.214,0,46.894
32.091,-1369.342,1039.43,0,46.5041
32.121,-1369.882,1040.647,0,46.1142
32.1435,-1370.302,1041.591,1.6982406,45.7733
32.166,-1370.722,1042.535,3.396492,45.4324
32.184,-1371.052,1043.281,4.817259,45.3821
32.202,-1371.392,1044.027,6.238026,45.3318
32.22,-1371.722,1044.774,7.658793,45.2814
32.241,-1372.102,1045.643,9.662571,45.2556
32.262,-1372.492,1046.512,11.666349,45.2296
32.286,-1372.922,1047.506,13.808961,45.2019
32.31,-1373.362,1048.5,15.9516,45.1742
32.331,-1373.742,1049.37,17.965449,45.1453
32.352,-1374.112,1050.239,19.979298,45.1163
32.3775,-1374.572,1051.297,22.133277,45.0858
32.403,-1375.022,1052.354,24.287256,45.0552
32.427,-1375.432,1053.352,26.311797,45.0283
32.451,-1375.852,1054.349,28.33623,45.0013
32.472,-1376.212,1055.224,32.66541,44.9495
32.493,-1376.562,1056.101,34.02135,44.9296
32.514,-1376.912,1056.978,35.37729,44.9096
32.535,-1377.262,1057.855,36.73323,44.8896
32.558,-1377.642,1058.862,38.6991,44.8304
32.581,-1378.022,1059.869,40.66524,44.7709
32.604,-1378.402,1060.876,42.63111,44.7111
32.6243,-1378.692,1061.698,32.42511,44.6868
32.6445,-1378.982,1062.52,22.219137,44.6624
32.6647,-1379.272,1063.342,12.013137,44.6379
32.685,-1379.562,1064.164,1.8071343,44.6134
32.706,-1379.862,1065.053,0.9035658,44.5747
32.727,-1380.152,1065.942,0,44.5359
32.746,-1380.422,1066.79,0,44.5106
32.765,-1380.692,1067.639,0,44.4854
32.784,-1380.972,1068.487,0,44.4601
32.82,-1381.392,1069.89,0,44.3971
32.847,-1381.732,1071.04,0,44.3682
32.874,-1382.072,1072.19,0,44.3386
32.895,-1382.322,1073.086,0,44.3143
32.916,-1382.572,1073.982,0,44.2894
32.935,-1382.802,1074.792,0,44.2713
32.954,-1383.022,1075.603,0,44.2531
32.973,-1383.252,1076.413,0,44.2348
32.9925,-1383.472,1077.245,0,44.2099
33.012,-1383.702,1078.077,0,44.1848
33.048,-1384.112,1079.612,0,44.1299
33.069,-1384.352,1080.507,0,44.1107
33.09,-1384.592,1081.401,0,44.0914
33.111,-1384.832,1082.296,0,44.0721
33.129,-1385.042,1083.062,0,44.0198
33.154,-1385.322,1084.125,0.283095,44.0024
33.179,-1385.612,1085.188,0.5661927,43.985
33.204,-1385.892,1086.251,0.8492877,43.9676
33.2205,-1386.082,1086.951,3.117555,43.9392
33.237,-1386.272,1087.652,5.385798,43.9108
33.2655,-1386.592,1088.861,7.659981,43.8824
33.294,-1386.912,1090.07,9.934137,43.8541
33.3135,-1387.132,1090.896,12.214206,43.8261
33.333,-1387.352,1091.722,14.494275,43.7982
33.351,-1387.552,1092.485,16.639479,43.6828
33.369,-1387.752,1093.247,18.784683,43.5674
33.393,-1388.012,1094.256,20.344365,43.334
33.417,-1388.272,1095.265,21.904047,43.1004
33.441,-1388.532,1096.274,23.463756,42.8667
33.459,-1388.712,1097.018,25.884198,42.4564
33.477,-1388.902,1097.762,28.30464,42.0459
33.507,-1389.192,1098.979,30.65796,41.6583
33.537,-1389.492,1100.197,33.01128,41.2704
33.567,-1389.772,1101.395,38.18934,40.8089
33.586,-1389.942,1102.152,39.82176,40.7845
33.605,-1390.102,1102.909,41.45418,40.76
33.624,-1390.272,1103.666,43.0866,40.7354
33.651,-1390.492,1104.743,48.32865,40.6587
33.6825,-1390.742,1106,50.79402,40.6142
33.714,-1390.982,1107.258,53.25939,40.5697
33.729,-1391.082,1107.857,55.90053,40.5178
33.744,-1391.192,1108.456,58.5414,40.4659
33.777,-1391.392,1109.776,61.19442,40.4105
33.81,-1391.602,1111.095,63.84744,40.355
33.8265,-1391.692,1111.754,66.34629,40.2986
33.843,-1391.782,1112.414,68.84514,40.2419
33.8745,-1391.932,1113.672,71.52381,40.1758
33.906,-1392.082,1114.931,74.20275,40.1094
33.924,-1392.152,1115.65,76.89681,40.0366
33.942,-1392.222,1116.368,79.59114,39.9634
33.981,-1392.342,1117.923,84.67308,39.8194
34.001,-1392.392,1118.718,86.49126,39.7666
34.021,-1392.442,1119.514,88.30944,39.7138
34.041,-1392.482,1120.31,90.12762,39.6608
34.08,-1392.542,1121.857,95.27409,39.51
34.101,-1392.552,1122.687,97.00047,39.4597
34.122,-1392.562,1123.517,98.72658,39.4093
34.143,-1392.582,1124.347,100.45296,39.3588
34.173,-1392.572,1125.528,106.01334,39.1952
34.2015,-1392.542,1126.646,108.81324,39.1095
34.23,-1392.522,1127.764,111.61314,39.0238
34.2525,-1392.472,1128.642,114.25698,38.9417
34.275,-1392.432,1129.52,116.90082,38.8597
34.3005,-1392.372,1130.509,119.74122,38.778
34.326,-1392.302,1131.499,122.58135,38.6963
34.35,-1392.212,1132.424,125.26245,38.6278
34.374,-1392.132,1133.35,127.94328,38.5594
34.398,-1392.032,1134.271,133.69806,38.4318
34.4325,-1391.862,1135.588,136.4094,38.3921
34.467,-1391.692,1136.905,139.12074,38.3522
34.485,-1391.592,1137.589,142.02108,38.342
34.503,-1391.482,1138.272,144.92115,38.3316
34.533,-1391.292,1139.407,147.82257,38.3413
34.563,-1391.092,1140.542,150.72399,38.3506
34.596,-1390.852,1141.786,156.16125,38.3788
34.626,-1390.602,1143.027,161.95599,38.4117
34.647,-1390.432,1143.777,163.76499,38.4233
34.668,-1390.262,1144.527,165.57372,38.4348
34.689,-1390.092,1145.276,167.38245,38.4463
34.722,-1389.792,1146.509,173.16288,38.4825
34.7535,-1389.472,1147.681,175.86828,38.4995
34.785,-1389.162,1148.853,178.57395,38.5165
34.803,-1388.972,1149.52,181.45593,38.5339
34.821,-1388.782,1150.187,184.33764,38.5514
34.8555,-1388.392,1151.459,187.21503,38.5674
34.89,-1388.002,1152.731,190.09242,38.5835
34.9065,-1387.802,1153.335,192.78648,38.5974
34.923,-1387.602,1153.94,195.48027,38.6113
34.953,-1387.222,1155.034,198.35037,38.6246
34.983,-1386.832,1156.128,201.2202,38.6378
35.019,-1386.352,1157.432,206.59509,38.6595
35.0385,-1386.082,1158.135,209.45898,38.6692
35.058,-1385.802,1158.838,212.3226,38.6789
35.091,-1385.312,1160.017,215.00721,38.6464
35.124,-1384.822,1161.196,217.69182,38.614
35.1465,-1384.472,1161.99,223.29216,38.4442
35.169,-1384.122,1162.783,228.8925,38.2744
35.1922,-1383.742,1163.586,230.35428,38.2295
35.2155,-1383.352,1164.39,231.81606,38.1847
35.2388,-1382.972,1165.193,233.27784,38.1398
35.262,-1382.592,1165.996,234.73962,38.0949
35.298,-1381.962,1167.216,240.6321,37.9145
35.328,-1381.422,1168.216,241.81605,37.8343
35.358,-1380.882,1169.216,243,37.7542
35.391,-1380.272,1170.299,243,37.5979
35.418,-1379.752,1171.173,243,37.5301
35.445,-1379.242,1172.047,243,37.4624
35.4675,-1378.792,1172.763,243,37.4047
35.49,-1378.352,1173.479,243,37.347
35.514,-1377.862,1174.232,243,37.3238
35.538,-1377.382,1174.984,243,37.3006
35.577,-1376.562,1176.191,243,37.2976
35.6025,-1376.022,1176.969,243,37.3032
35.628,-1375.472,1177.749,243,37.3088
35.6505,-1374.972,1178.429,243,37.3141
35.673,-1374.482,1179.099,243,37.3194
35.7,-1373.872,1179.909,235.3455,37.327
35.727,-1373.252,1180.709,227.691,37.3344
35.775,-1372.142,1182.109,189.4185,37.3528
35.793,-1371.712,1182.629,148.59423,37.384
35.816,-1371.162,1183.289,135.83673,37.3977
35.839,-1370.602,1183.949,123.07923,37.4114
35.862,-1370.052,1184.599,110.32173,37.4252
35.901,-1369.082,1185.699,84.14172,37.4787
35.923,-1368.522,1186.299,86.02443,37.4995
35.945,-1367.962,1186.909,87.90741,37.5204
35.967,-1367.402,1187.509,89.79012,37.5412
35.997,-1366.622,1188.329,95.79843,37.6026
36.0285,-1365.782,1189.159,98.79435,37.6314
36.06,-1364.942,1189.999,101.79054,37.6601
36.096,-1363.962,1190.939,107.76753,37.7116
36.117,-1363.382,1191.479,113.35788,37.7583
36.144,-1362.632,1192.169,116.33328,37.779
36.171,-1361.872,1192.849,119.30868,37.7997
36.198,-1361.102,1193.519,122.27868,37.8184
36.225,-1360.322,1194.189,125.24841,37.837
36.2445,-1359.762,1194.659,128.21355,37.8547
36.264,-1359.192,1195.129,131.17842,37.8723
36.291,-1358.382,1195.759,133.15212,37.885
36.318,-1357.572,1196.389,135.12555,37.8978
36.345,-1356.772,1197.019,137.09925,37.9106
36.387,-1355.482,1197.969,142.64127,37.9476
36.405,-1354.932,1198.359,145.5921,37.9689
36.423,-1354.372,1198.759,148.54293,37.9902
36.462,-1353.152,1199.599,154.06659,38.0295
36.484,-1352.452,1200.059,141.43167,38.0432
36.506,-1351.752,1200.519,128.79702,38.0567
36.528,-1351.052,1200.979,116.1621,38.0703
36.555,-1350.182,1201.529,75.3381,38.1205
36.588,-1349.102,1202.179,56.20185,38.1518
36.621,-1348.022,1202.819,37.0656,38.1832
36.648,-1347.122,1203.339,0,38.2785
36.669,-1346.422,1203.729,-1.8163413,38.3146
36.69,-1345.722,1204.119,-3.632688,38.3506
36.711,-1345.012,1204.499,-5.449032,38.3866
36.744,-1343.892,1205.099,0,38.5173
36.777,-1342.762,1205.679,0,38.5838
36.81,-1341.632,1206.259,0,38.6494
36.8265,-1341.062,1206.549,1.0710927,38.7123
36.843,-1340.492,1206.829,2.1421854,38.7748
36.8715,-1339.502,1207.319,4.986873,38.843
36.9,-1338.502,1207.809,7.831539,38.911
36.942,-1337.032,1208.529,13.135365,39.0368
36.96,-1336.402,1208.839,15.010623,39.0801
36.978,-1335.772,1209.139,16.885908,39.1235
36.996,-1335.132,1209.449,18.761193,39.1668
37.044,-1333.432,1210.259,24.355161,39.2947
37.0635,-1332.742,1210.579,27.13662,39.3583
37.083,-1332.042,1210.909,29.91789,39.4219
37.107,-1331.182,1211.299,32.51178,39.4768
37.131,-1330.322,1211.699,35.10567,39.5317
37.152,-1329.572,1212.039,40.61232,39.6436
37.18,-1328.552,1212.479,42.43887,39.6793
37.208,-1327.532,1212.919,44.26569,39.7151
37.236,-1326.512,1213.359,46.09224,39.7507
37.251,-1325.962,1213.589,51.20685,39.8388
37.2795,-1324.912,1214.019,53.92386,39.8841
37.308,-1323.852,1214.439,56.64087,39.9294
37.331,-1322.992,1214.759,58.44501,39.9564
37.354,-1322.132,1215.089,60.24915,39.9833
37.377,-1321.272,1215.409,62.05329,40.0101
37.401,-1320.372,1215.739,67.11039,40.0787
37.434,-1319.112,1216.159,64.02456,40.1103
37.467,-1317.862,1216.579,60.93873,40.1418
37.491,-1316.942,1216.869,41.80248,40.1739
37.515,-1316.022,1217.159,22.666257,40.2057
37.539,-1315.092,1217.429,11.333115,40.2485
37.563,-1314.162,1217.699,0,40.291
37.5855,-1313.292,1217.939,0,40.3404
37.608,-1312.412,1218.179,0,40.3898
37.623,-1311.832,1218.339,0,40.5038
37.65,-1310.762,1218.609,0,40.5419
37.677,-1309.702,1218.869,0,40.5797
37.704,-1308.642,1219.139,0,40.6173
37.722,-1307.932,1219.309,0,40.7453
37.747,-1306.942,1219.529,0,40.788
37.772,-1305.942,1219.759,0,40.8306
37.797,-1304.952,1219.979,0,40.8729
37.824,-1303.872,1220.219,0,40.9934
37.845,-1303.032,1220.399,0,41.0334
37.866,-1302.182,1220.589,0,41.0733
37.887,-1301.342,1220.769,0,41.1133
37.923,-1299.892,1221.079,0,41.2407
37.941,-1299.172,1221.239,0.3183489,41.302
37.959,-1298.442,1221.389,0.6367005,41.3633
37.9905,-1297.172,1221.669,3.01671,41.4275
38.022,-1295.892,1221.939,5.396706,41.4916
38.0445,-1294.982,1222.139,7.921017,41.5497
38.067,-1294.072,1222.329,10.445328,41.6074
38.0925,-1293.032,1222.549,12.957408,41.6663
38.118,-1291.992,1222.769,15.469461,41.7251
38.1405,-1291.072,1222.969,17.966961,41.7939
38.163,-1290.152,1223.159,20.464461,41.8625
38.187,-1289.162,1223.359,22.79259,41.9214
38.211,-1288.182,1223.559,25.120719,41.9803
38.2335,-1287.252,1223.739,27.59103,42.0394
38.256,-1286.322,1223.929,30.06126,42.0985
38.2815,-1285.272,1224.129,32.36544,42.1505
38.307,-1284.212,1224.319,34.66989,42.2025
38.3325,-1283.152,1224.509,37.11636,42.254
38.358,-1282.092,1224.699,39.56283,42.3055
38.376,-1281.342,1224.819,18.732951,42.4085
38.4,-1280.332,1224.979,12.488634,42.443
38.424,-1279.332,1225.129,6.244317,42.4775
38.448,-1278.322,1225.289,0,42.5119
38.475,-1277.182,1225.449,0,42.572
38.502,-1276.042,1225.609,0,42.6321
38.523,-1275.152,1225.729,1.3475781,42.6947
38.544,-1274.272,1225.849,2.6951562,42.7571
38.5605,-1273.562,1225.929,5.080752,42.819
38.577,-1272.862,1226.019,7.466364,42.8806
38.616,-1271.202,1226.219,11.915451,42.9992
38.638,-1270.262,1226.319,13.488768,43.0407
38.66,-1269.322,1226.429,15.062085,43.0821
38.682,-1268.382,1226.529,16.635375,43.1235
38.706,-1267.352,1226.639,18.982431,43.1839
38.73,-1266.322,1226.749,21.32946,43.2442
38.754,-1265.292,1226.849,15.135417,43.306
38.778,-1264.252,1226.949,8.941374,43.3678
38.8,-1263.302,1227.039,5.960925,43.4487
38.822,-1262.352,1227.129,2.980449,43.5296
38.844,-1261.402,1227.209,0,43.6104
38.868,-1260.362,1227.299,0,43.6509
38.892,-1259.312,1227.389,0,43.6914
38.916,-1258.272,1227.479,0,43.7318
38.9295,-1257.682,1227.519,0.9974745,43.796
38.943,-1257.092,1227.569,1.994949,43.8602
38.966,-1256.092,1227.649,3.508758,43.9013
38.989,-1255.082,1227.729,5.022594,43.9424
39.012,-1254.072,1227.799,6.536403,43.9835
39.045,-1252.622,1227.909,10.770732,44.1023
39.068,-1251.612,1227.979,7.180488,44.1446
39.091,-1250.602,1228.049,3.590244,44.1869
39.114,-1249.592,1228.129,0,44.2292
39.1305,-1248.862,1228.179,0,44.2943
39.147,-1248.132,1228.229,0,44.3595
39.177,-1246.802,1228.319,0,44.4219
39.207,-1245.472,1228.409,0,44.4842
39.2295,-1244.472,1228.479,-1.7932833,44.5438
39.252,-1243.472,1228.539,-3.586572,44.6034
39.273,-1242.542,1228.609,-5.782239,44.6662
39.294,-1241.602,1228.669,-7.977933,44.7289
39.324,-1240.262,1228.759,0,44.8464
39.341,-1239.502,1228.809,0,44.8857
39.358,-1238.742,1228.859,0,44.9251
39.375,-1237.982,1228.919,0,44.9644
39.405,-1236.632,1229.009,0,45.0895
39.428,-1235.602,1229.079,0,45.1278
39.451,-1234.562,1229.149,0,45.1661
39.474,-1233.532,1229.229,0,45.2044
39.492,-1232.722,1229.279,0,45.2459
39.51,-1231.902,1229.339,0,45.2875
39.528,-1231.092,1229.399,0,45.3291
39.546,-1230.282,1229.459,0,45.4468
39.5775,-1228.852,1229.559,0,45.5079
39.609,-1227.422,1229.659,0,45.569
39.627,-1226.602,1229.719,0,45.6078
39.645,-1225.792,1229.779,0,45.6466
39.663,-1224.972,1229.839,0,45.6855
39.6885,-1223.802,1229.929,0,45.748
39.714,-1222.642,1230.009,0,45.8104
39.7365,-1221.612,1230.089,0,45.8677
39.759,-1220.582,1230.159,0,45.925
39.783,-1219.482,1230.239,0,45.987
39.807,-1218.382,1230.319,0,46.0491
39.822,-1217.692,1230.369,0,46.0896
39.837,-1217.002,1230.419,0,46.13
39.852,-1216.312,1230.469,0,46.1704
39.876,-1215.212,1230.549,0,46.2288
39.9,-1214.102,1230.629,0,46.2871
39.9225,-1213.062,1230.709,0,46.3468
39.945,-1212.022,1230.779,0,46.4065
39.972,-1210.772,1230.869,0,46.468
39.999,-1209.522,1230.969,0,46.5295
40.021,-1208.502,1231.039,0,46.607
40.043,-1207.472,1231.109,0,46.6845
40.065,-1206.452,1231.189,0,46.7619
40.0837,-1205.582,1231.249,0,46.7928
40.1025,-1204.702,1231.319,0,46.8236
40.1213,-1203.832,1231.379,0,46.8544
40.14,-1202.952,1231.439,0,46.8852
40.1655,-1201.762,1231.529,0,46.9971
40.191,-1200.562,1231.609,0,47.1091
40.2098,-1199.682,1231.679,0,47.1392
40.2285,-1198.802,1231.739,0,47.1694
40.2472,-1197.922,1231.809,0,47.1996
40.266,-1197.042,1231.869,0,47.2297
40.287,-1196.052,1231.939,0,47.285
40.308,-1195.062,1232.009,0,47.3402
40.329,-1194.072,1232.089,0,47.3816
40.35,-1193.082,1232.159,0,47.4229
40.371,-1192.082,1232.229,0,47.4642
40.404,-1190.522,1232.339,0.7215345,47.5826
40.422,-1189.662,1232.399,1.9203642,47.6187
40.44,-1188.812,1232.469,3.119202,47.6548
40.458,-1187.962,1232.529,4.318029,47.6909
40.4805,-1186.892,1232.599,6.233598,47.6598
40.503,-1185.822,1232.679,8.149167,47.6288
40.524,-1184.822,1232.749,9.950445,47.5962
40.545,-1183.822,1232.819,11.75175,47.5637
40.562,-1183.012,1232.879,13.036545,47.5409
40.579,-1182.212,1232.929,14.32134,47.5181
40.596,-1181.402,1232.989,15.606135,47.4953
40.6245,-1180.052,1233.069,17.541468,47.3773
40.653,-1178.702,1233.159,19.476801,47.2591
40.671,-1177.862,1233.209,21.330648,46.9361
40.689,-1177.012,1233.259,23.184522,46.6127
40.708,-1176.132,1233.299,24.546726,46.3506
40.727,-1175.252,1233.349,25.908957,46.0883
40.746,-1174.382,1233.389,27.27108,45.826
40.785,-1172.602,1233.479,31.5036,45.1763
40.8,-1171.922,1233.499,21.002382,45.1486
40.815,-1171.252,1233.529,10.501191,45.1206
40.83,-1170.572,1233.549,0,45.0924
40.8585,-1169.292,1233.589,0,45.0581
40.887,-1168.002,1233.619,0,45.0236
40.9095,-1166.992,1233.639,0,44.9917
40.932,-1165.982,1233.649,0,44.9597
40.95,-1165.172,1233.659,0.8144145,44.8942
40.972,-1164.182,1233.659,2.1739563,44.8764
40.994,-1163.192,1233.669,3.53349,44.8586
41.016,-1162.212,1233.669,4.893048,44.8406
41.049,-1160.732,1233.669,8.982279,44.7796
41.072,-1159.702,1233.659,5.988195,44.7639
41.095,-1158.672,1233.649,2.994084,44.7483
41.118,-1157.642,1233.649,0,44.7326
41.136,-1156.832,1233.639,0,44.7151
41.154,-1156.032,1233.629,0,44.6976
41.184,-1154.692,1233.609,0.8228763,44.6746
41.206,-1153.702,1233.599,2.2855527,44.683
41.228,-1152.722,1233.589,3.748221,44.6914
41.25,-1151.742,1233.569,5.210892,44.6997
41.267,-1150.982,1233.559,6.670161,44.7253
41.284,-1150.222,1233.549,8.129403,44.7508
41.301,-1149.462,1233.539,9.588645,44.7763
41.322,-1148.522,1233.519,11.632437,44.8246
41.343,-1147.582,1233.499,13.676229,44.8728
41.376,-1146.102,1233.469,17.745912,44.9712
41.4,-1145.022,1233.439,19.906209,45.0254
41.424,-1143.942,1233.409,22.066533,45.0795
41.445,-1142.992,1233.379,20.590605,45.1131
41.466,-1142.042,1233.349,19.114677,45.1467
41.487,-1141.102,1233.319,17.638776,45.1802
41.505,-1140.282,1233.289,11.759175,45.2166
41.523,-1139.472,1233.249,5.879601,45.253
41.541,-1138.662,1233.219,0,45.2892
41.58,-1136.892,1233.139,0,45.4067
41.597,-1136.122,1233.099,0,45.4464
41.614,-1135.352,1233.059,0,45.4861
41.631,-1134.582,1233.019,0,45.5257
41.661,-1133.212,1232.939,2.6309367,45.6378
41.681,-1132.302,1232.889,4.027833,45.679
41.701,-1131.392,1232.829,5.424759,45.7201
41.721,-1130.482,1232.779,6.821658,45.7611
41.7405,-1129.582,1232.729,8.905518,45.8211
41.76,-1128.692,1232.669,10.989405,45.8811
41.7885,-1127.392,1232.589,12.932649,45.9382
41.817,-1126.082,1232.499,14.875866,45.9953
41.8365,-1125.192,1232.439,16.937829,46.0538
41.856,-1124.292,1232.379,18.999792,46.1122
41.876,-1123.372,1232.309,20.367153,46.1504
41.896,-1122.452,1232.239,21.734487,46.1886
41.916,-1121.532,1232.169,23.101821,46.2267
41.9355,-1120.632,1232.089,25.142454,46.2675
41.955,-1119.732,1232.019,27.18306,46.3082
41.982,-1118.492,1231.899,29.09655,46.2698
42.009,-1117.242,1231.789,31.01004,46.2313
42.033,-1116.142,1231.669,33.05853,46.1874
42.057,-1115.042,1231.559,35.10702,46.1435
42.075,-1114.212,1231.469,37.03482,46.0988
42.093,-1113.392,1231.369,38.96262,46.054
42.117,-1112.292,1231.229,41.02785,46.0023
42.141,-1111.202,1231.089,43.09281,45.9504
42.16,-1110.332,1230.969,44.47602,45.9117
42.179,-1109.472,1230.839,45.8595,45.8728
42.198,-1108.612,1230.719,47.24271,45.8338
42.234,-1106.982,1230.459,51.15231,45.7159
42.255,-1106.032,1230.289,53.24886,45.6481
42.276,-1105.092,1230.119,55.34541,45.5799
42.3,-1104.012,1229.909,57.32208,45.5104
42.324,-1102.942,1229.709,59.29902,45.4405
42.342,-1102.14,1229.529,60.71355,45.3882
42.36,-1101.34,1229.359,62.12808,45.3357
42.378,-1100.54,1229.189,63.54261,45.2831
42.405,-1099.351,1228.909,65.54439,45.2047
42.432,-1098.161,1228.629,67.54644,45.126
42.456,-1097.113,1228.359,69.69672,45.0389
42.48,-1096.065,1228.079,71.847,44.9514
42.4965,-1095.349,1227.889,74.01321,44.8589
42.513,-1094.634,1227.689,76.17969,44.7661
42.533,-1093.732,1227.419,77.63526,44.7028
42.553,-1092.831,1227.149,79.09083,44.6395
42.573,-1091.929,1226.879,80.5464,44.576
42.606,-1090.653,1226.479,84.67254,44.3917
42.636,-1089.391,1226.049,86.8914,44.289
42.666,-1088.129,1225.619,89.11026,44.1862
42.6825,-1087.442,1225.369,91.3491,44.082
42.699,-1086.756,1225.119,93.58794,43.9778
42.7275,-1085.584,1224.669,95.70528,43.8835
42.756,-1084.412,1224.209,97.82262,43.7892
42.777,-1083.559,1223.859,99.95751,43.6992
42.798,-1082.707,1223.509,102.09267,43.6092
42.825,-1081.626,1223.039,104.38929,43.5138
42.852,-1080.544,1222.569,106.68618,43.4185
42.873,-1079.714,1222.189,109.00278,43.3257
42.894,-1078.883,1221.809,111.31965,43.2329
42.912,-1078.178,1221.479,115.70013,43.0612
42.939,-1077.134,1220.959,116.87976,43.0002
42.966,-1076.091,1220.439,118.05912,42.9391
42.993,-1075.048,1219.919,119.23875,42.878
43.0125,-1074.309,1219.529,121.61583,42.7891
43.032,-1073.57,1219.139,123.99264,42.7
43.0605,-1072.506,1218.539,126.3897,42.6182
43.089,-1071.442,1217.949,128.78676,42.536
43.1055,-1070.836,1217.599,131.05152,42.4614
43.122,-1070.229,1217.249,133.31628,42.3864
43.1475,-1069.304,1216.689,135.59751,42.3141
43.173,-1068.379,1216.129,137.87901,42.2414
43.1955,-1067.575,1215.619,140.33007,42.1655
43.218,-1066.772,1215.109,142.78113,42.0892
43.2435,-1065.875,1214.519,145.24974,42.0144
43.269,-1064.979,1213.929,147.71835,41.9394
43.314,-1063.422,1212.869,152.68986,41.7894
43.332,-1062.81,1212.429,154.25397,41.7429
43.35,-1062.198,1211.989,155.81781,41.6963
43.368,-1061.586,1211.559,157.38192,41.6498
43.398,-1060.58,1210.819,162.41958,41.4938
43.419,-1059.885,1210.289,164.79693,41.4208
43.44,-1059.19,1209.759,167.17401,41.3478
43.4745,-1058.072,1208.879,169.72659,41.2682
43.509,-1056.953,1207.999,172.27917,41.1886
43.5315,-1056.24,1207.409,174.84957,41.1086
43.554,-1055.526,1206.819,177.4197,41.0286
43.5795,-1054.733,1206.129,179.84592,40.9503
43.605,-1053.94,1205.449,182.27214,40.872
43.6275,-1053.254,1204.839,184.87818,40.7859
43.65,-1052.569,1204.229,187.48449,40.6997
43.668,-1052.027,1203.739,192.40713,40.5324
43.698,-1051.148,1202.899,195.94629,40.4192
43.728,-1050.269,1202.059,199.48572,40.306
43.758,-1049.389,1201.219,203.02515,40.1928
43.785,-1048.63,1200.439,204.81363,40.1425
43.812,-1047.871,1199.669,206.60238,40.0922
43.839,-1047.112,1198.889,208.39113,40.0419
43.857,-1046.618,1198.359,213.45255,39.9244
43.879,-1046.028,1197.709,212.25618,39.9029
43.901,-1045.437,1197.059,211.05954,39.8814
43.923,-1044.846,1196.409,209.86317,39.86
43.956,-1043.982,1195.419,169.03917,39.8435
43.979,-1043.394,1194.709,156.28167,39.8472
44.002,-1042.806,1194.009,143.52417,39.8508
44.025,-1042.218,1193.309,130.76667,39.8544
44.064,-1041.247,1192.089,89.94267,39.8847
44.0925,-1040.552,1191.189,69.53067,39.9092
44.121,-1039.858,1190.289,49.11867,39.9337
44.1375,-1039.464,1189.759,26.509518,39.9685
44.154,-1039.07,1189.229,3.900393,40.0034
44.1795,-1038.472,1188.399,-2.000484,40.0566
44.205,-1037.874,1187.569,-7.901361,40.1097
44.247,-1036.904,1186.189,0,40.2213
44.271,-1036.358,1185.399,0,40.284
44.295,-1035.811,1184.599,0,40.346
44.314,-1035.385,1183.959,0,40.3898
44.333,-1034.958,1183.319,0,40.4334
44.352,-1034.531,1182.679,0,40.4767
44.388,-1033.728,1181.469,0,40.6
44.409,-1033.261,1180.749,0,40.6659
44.43,-1032.794,1180.039,0,40.7317
44.457,-1032.193,1179.119,0,40.7972
44.484,-1031.593,1178.189,0,40.8626
44.508,-1031.058,1177.369,0,40.9244
44.532,-1030.523,1176.547,0,40.9861
44.559,-1029.92,1175.618,0,41.0523
44.586,-1029.316,1174.689,0,41.1184
44.622,-1028.51,1173.446,0,41.2421
44.6415,-1028.071,1172.771,0,41.3083
44.661,-1027.633,1172.096,0,41.3744
44.683,-1027.137,1171.332,0,41.4181
44.705,-1026.641,1170.568,0,41.4618
44.727,-1026.145,1169.804,0,41.5055
44.751,-1025.602,1168.968,0,41.6274
44.793,-1024.65,1167.502,0,41.7573
44.816,-1024.126,1166.696,0,41.798
44.839,-1023.603,1165.89,0,41.8387
44.862,-1023.079,1165.085,0,41.8795
44.8815,-1022.634,1164.399,0,41.9449
44.901,-1022.189,1163.714,0,42.0104
44.931,-1021.502,1162.656,0,42.0763
44.961,-1020.814,1161.598,0,42.1423
44.979,-1020.401,1160.961,0,42.2029
44.997,-1019.987,1160.324,0,42.2636
45.017,-1019.526,1159.614,0,42.3069
45.037,-1019.066,1158.904,0,42.3501
45.057,-1018.605,1158.195,0,42.3933
45.099,-1017.634,1156.699,0,42.5217
45.1215,-1017.112,1155.896,0,42.5825
45.144,-1016.591,1155.092,0,42.6432
45.1695,-1015.998,1154.179,0,42.7071
45.195,-1015.406,1153.265,0,42.7711
45.2175,-1014.881,1152.457,2.0854314,42.835
45.24,-1014.357,1151.649,4.170852,42.8989
45.261,-1013.866,1150.892,6.3936,42.9591
45.282,-1013.376,1150.135,8.616321,43.0192
45.3,-1012.955,1149.484,10.18818,43.062
45.318,-1012.535,1148.832,11.760066,43.1048
45.336,-1012.114,1148.181,13.331952,43.1477
45.366,-1011.414,1147.091,17.728632,43.2607
45.396,-1010.717,1145.995,12.809475,43.3187
45.426,-1010.021,1144.899,7.890345,43.3764
45.441,-1009.674,1144.347,3.945186,43.4386
45.456,-1009.328,1143.796,0,43.5007
45.486,-1008.638,1142.687,0,43.5601
45.516,-1007.949,1141.578,0,43.6193
45.5325,-1007.57,1140.965,0,43.6813
45.549,-1007.192,1140.352,0,43.7433
45.57,-1006.711,1139.569,0,43.7861
45.591,-1006.23,1138.786,0,43.8289
45.612,-1005.749,1138.003,0,43.8717
45.642,-1005.062,1136.88,0,43.9888
45.672,-1004.374,1135.754,0.8449353,44.1036
45.696,-1003.823,1134.851,2.3425551,44.1423
45.72,-1003.272,1133.947,3.840183,44.181
45.744,-1002.72,1133.044,5.337792,44.2197
45.761,-1002.329,1132.401,6.733989,44.264
45.778,-1001.938,1131.759,8.130186,44.3082
45.795,-1001.547,1131.116,9.526356,44.3523
45.8235,-1000.891,1130.034,10.332873,44.4153
45.852,-1000.236,1128.952,11.13939,44.4781
45.876,-999.685,1128.036,5.569695,44.5395
45.9,-999.133,1127.12,0,44.6008
45.924,-998.582,1126.201,0,44.6613
45.948,-998.032,1125.282,0,44.7218
45.969,-997.549,1124.474,0,44.7992
45.99,-997.067,1123.666,0,44.8767
46.011,-996.585,1122.859,0,44.9541
46.0335,-996.067,1121.988,0,45.0132
46.056,-995.55,1121.118,0,45.0724
46.0785,-995.032,1120.248,0,45.1315
46.101,-994.515,1119.378,0,45.1905
46.123,-994.007,1118.523,0,45.2339
46.145,-993.5,1117.668,0,45.2772
46.167,-992.993,1116.813,0,45.3206
46.1835,-992.611,1116.169,0,45.3778
46.2,-992.23,1115.526,0,45.435
46.225,-991.65,1114.548,0,45.4753
46.25,-991.071,1113.571,0,45.5156
46.275,-990.491,1112.593,0,45.5558
46.296,-990.002,1111.769,0,45.6116
46.317,-989.514,1110.945,0,45.6674
46.3395,-988.989,1110.06,0,45.731
46.362,-988.464,1109.176,0,45.7946
46.3785,-988.078,1108.525,0,45.852
46.395,-987.692,1107.875,0,45.9094
46.416,-987.2,1107.046,0,45.9703
46.437,-986.708,1106.217,0,46.0311
46.458,-986.214,1105.385,0,46.0667
46.479,-985.72,1104.554,0,46.1024
46.5,-985.226,1103.722,0,46.138
46.5225,-984.696,1102.829,0,46.2019
46.545,-984.165,1101.935,0,46.2657
46.572,-983.526,1100.86,0,46.321
46.599,-982.887,1099.785,0,46.3763
46.6215,-982.353,1098.887,0,46.4347
46.644,-981.819,1097.989,0,46.4932
46.662,-981.391,1097.27,0,46.619
46.686,-980.818,1096.308,0,46.6596
46.71,-980.246,1095.347,0,46.7002
46.734,-979.673,1094.386,0,46.7408
46.752,-979.242,1093.662,0,46.7982
46.77,-978.811,1092.939,0,46.8557
46.794,-978.235,1091.973,1.8584127,46.9143
46.818,-977.658,1091.007,3.71682,46.9729
46.836,-977.225,1090.28,5.031828,47.0101
46.854,-976.791,1089.554,6.346809,47.0474
46.872,-976.358,1088.828,7.661817,47.0847
46.8915,-975.888,1088.038,9.501408,47.1428
46.911,-975.418,1087.249,11.340999,47.2009
46.9395,-974.731,1086.091,13.292586,47.2615
46.968,-974.045,1084.933,15.244146,47.322
46.986,-973.613,1084.199,17.06427,47.3726
47.004,-973.181,1083.464,18.884394,47.4231
47.024,-972.703,1082.644,20.172645,47.4588
47.044,-972.226,1081.824,21.460896,47.4944
47.064,-971.748,1081.003,22.749174,47.53
47.0865,-971.217,1080.074,14.901678,47.582
47.109,-970.686,1079.145,7.054209,47.6339
47.133,-970.125,1078.148,3.527118,47.6877
47.157,-969.564,1077.15,0,47.7414
47.172,-969.217,1076.523,0,47.7766
47.187,-968.87,1075.896,0,47.8117
47.202,-968.522,1075.269,0,47.8468
47.226,-967.97,1074.261,0,47.8978
47.25,-967.418,1073.253,0,47.9488
47.2725,-966.904,1072.303,0,48.0123
47.295,-966.39,1071.354,0,48.0754
47.3205,-965.81,1070.272,0,48.1261
47.346,-965.231,1069.191,0,48.1765
47.361,-964.89,1068.553,0,48.2131
47.376,-964.549,1067.915,0,48.2497
47.391,-964.208,1067.277,0,48.2863
47.409,-963.799,1066.51,0,48.3915
47.435,-963.207,1065.399,0,48.4328
47.461,-962.615,1064.288,0,48.4739
47.487,-962.022,1063.178,0,48.5151
47.5065,-961.577,1062.342,0,48.568
47.526,-961.132,1061.506,0,48.6209
47.547,-960.652,1060.604,0,48.6749
47.568,-960.171,1059.703,0,48.7288
47.586,-959.759,1058.928,0,48.767
47.604,-959.346,1058.153,0,48.8051
47.622,-958.934,1057.378,0,48.8432
47.646,-958.382,1056.343,0,48.9318
47.668,-957.876,1055.393,0,48.9773
47.69,-957.37,1054.442,0,49.0226
47.712,-956.864,1053.491,0,49.0679
47.729,-956.472,1052.754,0,49.1044
47.746,-956.079,1052.017,0,49.1409
47.763,-955.687,1051.281,0,49.1774
47.7825,-955.236,1050.434,0,49.2357
47.802,-954.786,1049.587,0,49.294
47.829,-954.161,1048.411,0,49.3465
47.856,-953.535,1047.235,0,49.3989
47.877,-953.049,1046.319,0,49.5052
47.8927,-952.683,1045.63,0,49.5343
47.9085,-952.317,1044.942,0,49.5633
47.9242,-951.951,1044.253,0,49.5924
47.94,-951.585,1043.565,0,49.6214
47.9685,-950.922,1042.316,0,49.6581
47.997,-950.258,1041.066,0,49.6947
48.0165,-949.803,1040.21,0,49.7654
48.036,-949.348,1039.354,0,49.8358
48.057,-948.856,1038.429,0,49.8679
48.078,-948.364,1037.504,0,49.8999
48.099,-947.873,1036.58,0,49.9319
48.117,-947.451,1035.785,0,49.9909
48.135,-947.029,1034.991,0,50.0498
48.15,-946.676,1034.328,0,50.0842
48.165,-946.324,1033.664,0,50.1185
48.18,-945.971,1033.001,0,50.1528
48.207,-945.335,1031.805,0,50.2024
48.234,-944.699,1030.608,0,50.2519
48.255,-944.203,1029.675,0,50.3213
48.276,-943.707,1028.742,0,50.3906
48.297,-943.211,1027.81,0,50.46
48.3143,-942.802,1027.041,0,50.4884
48.3315,-942.393,1026.272,0,50.5169
48.3488,-941.985,1025.504,0,50.5454
48.366,-941.576,1024.735,0,50.5738
48.396,-940.863,1023.395,0,50.6657
48.4132,-940.453,1022.623,0,50.6957
48.4305,-940.043,1021.851,0,50.7257
48.4478,-939.632,1021.079,0,50.7557
48.465,-939.222,1020.307,0,50.7857
48.483,-938.792,1019.5,0,50.8312
48.501,-938.363,1018.692,0,50.8768
48.521,-937.885,1017.793,0,50.9144
48.541,-937.407,1016.894,0,50.952
48.561,-936.93,1015.995,0,50.9896
48.591,-936.211,1014.644,0,51.0931
48.609,-935.78,1013.831,0,51.1256
48.627,-935.348,1013.019,0,51.158
48.645,-934.916,1012.207,0,51.1905
48.666,-934.412,1011.257,0,51.2434
48.687,-933.907,1010.308,0,51.2963
48.706,-933.449,1009.447,0,51.3281
48.725,-932.992,1008.586,0,51.3599
48.744,-932.534,1007.725,0,51.3917
48.768,-931.955,1006.635,0,51.5076
48.7853,-931.52,1005.817,0,51.5277
48.8025,-931.085,1004.998,0,51.5477
48.8198,-930.65,1004.179,0,51.5678
48.837,-930.215,1003.36,0,51.5878
48.861,-929.669,1002.334,0,51.6481
48.885,-929.124,1001.309,0,51.7083
48.902,-928.711,1000.532,0,51.7402
48.919,-928.298,999.755,0,51.7721
48.936,-927.885,998.978,0,51.804
48.958,-927.35,997.971,0,51.8713
48.98,-926.814,996.963,0,51.9387
49.002,-926.278,995.956,0,52.006
49.0207,-925.82,995.094,0,52.0314
49.0395,-925.362,994.233,0,52.0568
49.0583,-924.904,993.372,0,52.0822
49.077,-924.446,992.511,0,52.1076
49.094,-924.03,991.728,0,52.1411
49.111,-923.614,990.945,0,52.1746
49.128,-923.197,990.162,0,52.2082
49.1475,-922.719,989.262,0,52.259
49.167,-922.241,988.363,0,52.3098
49.183,-921.848,987.623,0,52.342
49.199,-921.454,986.884,0,52.3741
49.215,-921.061,986.144,0,52.4062
49.2375,-920.507,985.102,0,52.459
49.26,-919.953,984.06,0,52.5117
49.277,-919.534,983.272,0,52.5453
49.294,-919.114,982.483,0,52.5789
49.311,-918.694,981.694,0,52.6124
49.332,-918.175,980.718,0,52.658
49.353,-917.656,979.742,0,52.7037
49.37,-917.235,978.951,0,52.7393
49.387,-916.813,978.159,0,52.7749
49.404,-916.392,977.368,0,52.8106
49.4265,-915.833,976.318,0,52.8553
49.449,-915.275,975.269,0,52.9001
49.466,-914.852,974.474,0,52.9346
49.483,-914.429,973.68,0,52.9691
49.5,-914.006,972.885,0,53.0035
49.533,-913.184,971.34,0,53.1003
49.549,-912.784,970.59,0,53.1314
49.565,-912.385,969.84,0,53.1625
49.581,-911.985,969.09,0,53.1936
49.602,-911.46,968.103,0,53.2269
49.623,-910.935,967.117,0,53.2603
49.644,-910.409,966.13,0,53.2936
49.6605,-909.995,965.353,0,53.3412
49.677,-909.582,964.577,0,53.3888
49.696,-909.105,963.681,0,53.42
49.715,-908.628,962.785,0,53.4511
49.734,-908.151,961.889,0,53.4822
49.752,-907.698,961.038,0,53.5362
49.77,-907.245,960.188,0,53.59
49.788,-906.791,959.336,1.270809,53.6388
49.806,-906.338,958.485,2.5416207,53.6876
49.8225,-905.921,957.703,3.219642,53.7106
49.839,-905.505,956.921,3.897639,53.7335
49.8555,-905.088,956.139,4.575663,53.7565
49.872,-904.672,955.356,5.25366,53.7795
49.8915,-904.18,954.43,5.238189,53.825
49.911,-903.687,953.503,5.222691,53.8706
49.9365,-903.044,952.289,2.6113455,53.9174
49.962,-902.401,951.074,0,53.9642
49.976,-902.047,950.406,-0.5944968,53.9942
49.99,-901.694,949.738,-1.1889909,54.0242
50.004,-901.341,949.069,-1.7834877,54.0542
50.023,-900.862,948.16,-2.731077,54.0879
50.042,-900.382,947.251,-3.678696,54.1215
50.061,-899.903,946.342,-4.626288,54.1552
50.0805,-899.372,945.335,-5.952933,54.2003
50.1,-898.841,944.328,-7.279578,54.2453
50.118,-898.411,943.512,-8.218827,54.2781
50.136,-897.98,942.696,-9.158076,54.3109
50.154,-897.549,941.88,-10.097298,54.3437
50.172,-897.09,941.015,-5.048649,54.3911
50.19,-896.632,940.15,0,54.4384
50.211,-896.095,939.14,0,54.4699
50.232,-895.558,938.13,0,54.5014
50.253,-895.02,937.12,0,54.5328
50.2695,-894.596,936.326,0,54.577
50.286,-894.172,935.532,0,54.6212
50.3055,-893.669,934.593,0,54.6682
50.325,-893.166,933.654,0,54.7151
50.341,-892.752,932.882,-0.4590378,54.7446
50.357,-892.337,932.111,-0.9180729,54.774
50.373,-891.923,931.34,-1.3771107,54.8035
50.392,-891.429,930.423,-2.2920597,54.8361
50.411,-890.935,929.506,-3.207006,54.8687
50.43,-890.44,928.588,-4.121955,54.9013
50.448,-889.971,927.719,-6.683985,54.9906
50.466,-889.499,926.849,-7.364277,55.0132
50.484,-889.027,925.979,-8.044596,55.0358
50.502,-888.555,925.109,-8.724888,55.0583
50.52,-888.083,924.238,-9.405207,55.0809
50.538,-887.607,923.368,-10.675503,55.1232
50.556,-887.132,922.498,-11.945772,55.1655
50.576,-886.6,921.531,-12.845412,55.1957
50.596,-886.068,920.563,-13.745052,55.2259
50.616,-885.536,919.597,-14.644692,55.256
50.631,-885.133,918.872,-15.540633,55.2835
50.646,-884.729,918.147,-16.436547,55.3108
50.661,-884.326,917.423,-17.332461,55.3382
50.6865,-883.631,916.194,-18.671121,55.3798
50.712,-882.937,914.965,-20.009754,55.4213
50.728,-882.494,914.196,-13.339836,55.4464
50.744,-882.052,913.427,-6.669918,55.4715
50.76,-881.609,912.657,0,55.4965
50.776,-881.161,911.89,0,55.5249
50.792,-880.713,911.123,0,55.5533
50.808,-880.265,910.356,0,55.5818
50.829,-879.671,909.35,0,55.6225
50.85,-879.077,908.345,0,55.6632
50.866,-878.62,907.579,0,55.6913
50.882,-878.164,906.814,0,55.7193
50.898,-877.707,906.049,0,55.7473
50.919,-877.104,905.045,0,55.7944
50.94,-876.501,904.041,0,55.8414
50.956,-876.038,903.276,-0.3808701,55.8703
50.972,-875.576,902.51,-0.7617375,55.8991
50.988,-875.114,901.745,-1.1426076,55.928
51.012,-874.417,900.597,-2.444499,55.9729
51.036,-873.72,899.449,-3.746385,56.0178
51.054,-873.195,898.588,-4.610655,56.0481
51.072,-872.67,897.726,-5.474898,56.0783
51.09,-872.145,896.864,-6.339168,56.1085
51.105,-871.706,896.146,-7.549551,56.1493
51.12,-871.267,895.428,-8.759934,56.19
51.141,-870.65,894.422,-10.045971,56.2343
51.162,-870.033,893.415,-11.332008,56.2786
51.1785,-869.544,892.625,-11.932353,56.299
51.195,-869.056,891.835,-12.532725,56.3195
51.2115,-868.567,891.045,-13.13307,56.3399
51.228,-868.079,890.255,-13.733415,56.3602
51.249,-867.452,889.25,-15.009111,56.4027
51.27,-866.824,888.246,-16.284807,56.445
51.285,-866.372,887.53,-17.476263,56.4824
51.3,-865.92,886.813,-18.667719,56.5197
51.32,-865.311,885.861,-19.511928,56.5447
51.34,-864.702,884.908,-20.35611,56.5697
51.36,-864.093,883.955,-21.200292,56.5946
51.3735,-863.676,883.315,-15.900219,56.6121
51.387,-863.258,882.675,-10.600146,56.6296
51.4005,-862.841,882.034,-5.300073,56.647
51.414,-862.423,881.394,0,56.6644
51.432,-861.861,880.543,0,56.7412
51.4507,-861.269,879.658,0,56.7625
51.4695,-860.677,878.774,0,56.7839
51.4883,-860.085,877.89,0,56.8052
51.507,-859.493,877.005,0,56.8265
51.524,-858.949,876.206,0,56.8555
51.541,-858.405,875.407,0,56.8844
51.558,-857.861,874.608,0,56.9133
51.582,-857.086,873.482,0,56.9555
51.606,-856.311,872.356,0,56.9976
51.619,-855.888,871.746,-0.6184323,57.0287
51.632,-855.465,871.137,-1.2368646,57.0598
51.645,-855.043,870.528,-1.8552969,57.0909
51.663,-854.454,869.685,-2.6256069,57.119
51.681,-853.865,868.842,-3.395925,57.147
51.699,-853.276,867.999,-4.166235,57.1751
51.726,-852.388,866.735,-6.621048,57.2656
51.741,-851.893,866.033,-7.194069,57.2861
51.756,-851.398,865.331,-7.76709,57.3066
51.771,-850.902,864.628,-8.340138,57.3272
51.786,-850.407,863.926,-8.913159,57.3477
51.816,-849.411,862.523,-11.348505,57.4321
51.8318,-848.885,861.787,-11.917044,57.4523
51.8475,-848.359,861.05,-12.485556,57.4724
51.8633,-847.833,860.314,-13.054095,57.4926
51.879,-847.307,859.578,-13.622607,57.5127
51.894,-846.803,858.878,-14.83083,57.5529
51.909,-846.298,858.178,-16.039026,57.5931
51.93,-845.586,857.2,-16.791273,57.6186
51.951,-844.874,856.222,-17.54352,57.644
51.972,-844.161,855.244,-18.295767,57.6694
51.985,-843.716,854.641,-19.045422,57.6923
51.998,-843.27,854.037,-19.795104,57.7152
52.011,-842.825,853.434,-20.544759,57.738
52.035,-841.995,852.323,-14.988213,57.7739
52.059,-841.164,851.213,-9.43164,57.8097
52.077,-840.536,850.384,-4.71582,57.846
52.095,-839.907,849.554,0,57.8821
52.109,-839.413,848.911,0,57.9092
52.123,-838.92,848.268,0,57.9362
52.137,-838.426,847.625,0,57.9633
52.1535,-837.837,846.871,0,57.9855
52.17,-837.248,846.118,0,58.0076
52.1865,-836.658,845.364,0,58.0296
52.203,-836.069,844.61,0,58.0516
52.22,-835.454,843.837,0,58.0794
52.237,-834.84,843.064,0,58.1071
52.254,-834.225,842.291,0,58.1346
52.2735,-833.516,841.406,-0.8794116,58.1754
52.293,-832.807,840.521,-1.7588232,58.2159
52.308,-832.26,839.84,-2.927232,58.262
52.323,-831.713,839.159,-4.095657,58.308
52.342,-831.018,838.297,-4.822686,58.3389
52.361,-830.322,837.434,-5.549715,58.3698
52.38,-829.627,836.572,-6.276771,58.4007
52.3958,-829.047,835.857,-6.819741,58.4223
52.4115,-828.468,835.142,-7.362711,58.4439
52.4272,-827.888,834.427,-7.905681,58.4654
52.443,-827.308,833.713,-8.448651,58.487
52.4595,-826.699,832.964,-9.602172,58.5315
52.476,-826.089,832.216,-10.755693,58.576
52.496,-825.345,831.309,-11.473758,58.6024
52.516,-824.602,830.403,-12.19185,58.6287
52.536,-823.859,829.497,-12.909942,58.655
52.5495,-823.354,828.886,-14.054418,58.6965
52.563,-822.849,828.276,-15.198921,58.7379
52.5795,-822.228,827.531,-13.748589,58.7582
52.596,-821.607,826.787,-12.298284,58.7785
52.6125,-820.986,826.042,-10.847952,58.7988
52.629,-820.365,825.298,-9.397647,58.8191
52.659,-819.226,823.949,0,58.8997
52.6748,-818.623,823.243,0,58.9215
52.6905,-818.021,822.537,0,58.9434
52.7062,-817.418,821.832,0,58.9653
52.722,-816.816,821.126,0,58.9872
52.7385,-816.179,820.388,0,59.0319
52.755,-815.543,819.651,0,59.0766
52.774,-814.806,818.804,0,59.1048
52.793,-814.069,817.957,0,59.1329
52.812,-813.332,817.11,0,59.161
52.829,-812.669,816.353,0,59.192
52.846,-812.006,815.596,0,59.223
52.863,-811.343,814.839,0,59.2539
52.877,-810.794,814.216,0,59.2851
52.891,-810.246,813.593,0,59.3163
52.905,-809.698,812.969,0,59.3475
52.923,-808.991,812.168,0,59.3767
52.941,-808.285,811.366,0,59.4059
52.959,-807.578,810.564,0,59.4351
52.977,-806.87,809.762,0,59.5332
52.992,-806.279,809.092,0,59.557
53.007,-805.688,808.423,0,59.5808
53.022,-805.097,807.754,0,59.6046
53.037,-804.506,807.085,0,59.6284
53.061,-803.558,806.012,0,59.6742
53.085,-802.611,804.939,0,59.7199
53.0955,-802.196,804.469,0,59.7605
53.106,-801.781,804,0,59.8011
53.1247,-801.039,803.159,-0.070875,59.8246
53.1435,-800.297,802.319,-0.14175,59.8482
53.1623,-799.555,801.479,-0.212625,59.8717
53.181,-798.813,800.639,-0.2835,59.8952
53.199,-798.099,799.831,-1.4175,59.9457
53.217,-797.386,799.023,-2.5515,59.996
53.2312,-796.82,798.382,-1.913625,60.0193
53.2455,-796.254,797.741,-1.27575,60.0425
53.2598,-795.689,797.1,-0.637875,60.0658
53.274,-795.123,796.46,0,60.089
53.29,-794.486,795.739,0,60.1199
53.306,-793.849,795.019,0,60.1507
53.322,-793.212,794.299,0,60.1815
53.338,-792.574,793.577,0,60.2087
53.354,-791.936,792.856,0,60.2358
53.37,-791.298,792.134,0,60.2628
53.389,-790.54,791.276,0,60.2913
53.408,-789.781,790.418,0,60.3198
53.427,-789.022,789.56,0,60.3483
53.4435,-788.362,788.815,0,60.4007
53.46,-787.702,788.069,0,60.4528
53.476,-787.061,787.344,0,60.4839
53.492,-786.42,786.62,0,60.5148
53.508,-785.779,785.896,0,60.5458
53.526,-785.056,785.08,0,60.5755
53.544,-784.334,784.264,0,60.6052
53.562,-783.611,783.448,0,60.6349
53.578,-782.967,782.722,0,60.665
53.594,-782.324,781.996,0,60.695
53.61,-781.68,781.269,0,60.725
53.628,-780.956,780.451,0,60.8109
53.6436,-780.327,779.741,0,60.8304
53.6592,-779.698,779.03,0,60.8499
53.6748,-779.069,778.32,0,60.8693
53.6904,-778.44,777.61,0,60.8888
53.706,-777.812,776.9,0,60.9082
53.724,-777.085,776.079,0,60.9564
53.742,-776.358,775.258,0,61.0046
53.757,-775.751,774.573,0,61.026
53.772,-775.144,773.888,0,61.0473
53.787,-774.538,773.202,0,61.0687
53.802,-773.931,772.517,0,61.09
53.8185,-773.262,771.762,0,61.1362
53.835,-772.594,771.008,0,61.1824
53.855,-771.782,770.091,0,61.2125
53.875,-770.971,769.175,0,61.2426
53.895,-770.159,768.259,0,61.2727
53.9115,-769.489,767.502,0,61.3176
53.928,-768.818,766.745,0,61.3624
53.944,-768.167,766.01,0,61.3928
53.96,-767.516,765.275,0,61.4231
53.976,-766.865,764.54,0,61.4534
53.99,-766.295,763.896,0,61.4833
54.004,-765.724,763.252,0,61.5132
54.018,-765.154,762.608,0,61.5431
54.0322,-764.572,761.952,0,61.5664
54.0465,-763.991,761.295,0,61.5897
54.0608,-763.409,760.639,0,61.613
54.075,-762.827,759.982,0,61.6363
54.093,-762.092,759.152,0,61.7209
54.1125,-761.294,758.251,0,61.7448
54.132,-760.496,757.351,0,61.7688
54.1515,-759.698,756.45,0,61.7927
54.171,-758.9,755.549,0,61.8166
54.184,-758.367,754.948,0,61.8467
54.197,-757.834,754.346,0,61.8768
54.21,-757.301,753.745,0,61.9069
54.226,-756.644,753.003,0,61.9382
54.242,-755.987,752.262,0,61.9694
54.258,-755.33,751.521,0,62.0006
54.275,-754.631,750.732,0,62.0262
54.292,-753.932,749.943,0,62.0518
54.309,-753.233,749.154,0,62.0774
54.33,-752.369,748.178,0,62.1685
54.3444,-751.776,747.508,0,62.1858
54.3588,-751.183,746.838,0,62.2032
54.3732,-750.589,746.167,0,62.2205
54.3876,-749.996,745.497,0,62.2378
54.402,-749.403,744.827,0,62.2551
54.418,-748.742,744.081,0,62.2867
54.434,-748.082,743.335,0,62.3183
54.45,-747.422,742.589,0,62.3498
54.467,-746.719,741.795,0,62.3788
54.484,-746.016,741.002,0,62.4077
54.501,-745.314,740.208,0,62.4367
54.516,-744.693,739.506,0,62.4655
54.531,-744.072,738.805,0,62.4944
54.546,-743.451,738.103,0,62.5233
54.564,-742.706,737.26,0,62.5662
54.582,-741.96,736.417,0,62.6092
54.598,-741.297,735.666,0,62.6386
54.614,-740.633,734.916,0,62.668
54.63,-739.969,734.165,0,62.6975
54.645,-739.346,733.46,0.3189375,62.7207
54.66,-738.723,732.756,0.637875,62.744
54.675,-738.1,732.051,0.9568125,62.7673
54.69,-737.477,731.346,1.27575,62.7906
54.7065,-736.791,730.57,2.40975,62.8282
54.723,-736.105,729.793,3.54375,62.8657
54.737,-735.523,729.133,4.2525,62.8961
54.751,-734.94,728.474,4.96125,62.9266
54.765,-734.358,727.814,5.67,62.9571
54.7815,-733.671,727.035,4.2525,62.9791
54.798,-732.984,726.255,2.835,63.0011
54.8145,-732.297,725.476,1.4175,63.0231
54.831,-731.61,724.697,0,63.0451
54.8475,-730.923,723.916,0,63.091
54.864,-730.235,723.135,0,63.1368
54.885,-729.36,722.139,0,63.2186
54.8995,-728.756,721.45,0,63.2326
54.914,-728.151,720.761,0,63.2465
54.9285,-727.547,720.072,0,63.2605
54.943,-726.943,719.383,0,63.2744
54.9575,-726.338,718.694,0,63.2884
54.972,-725.734,718.006,0,63.3023
54.988,-725.066,717.243,0,63.33
55.004,-724.399,716.481,0,63.3578
55.02,-723.731,715.719,0,63.3855
55.041,-722.855,714.716,0,63.4259
55.062,-721.978,713.714,0,63.4663
55.076,-721.393,713.045,0,63.4963
55.09,-720.808,712.376,0,63.5263
55.104,-720.223,711.707,0,63.5564
55.12,-719.554,710.941,0,63.5809
55.136,-718.884,710.175,0,63.6055
55.152,-718.215,709.409,0,63.63
55.173,-717.336,708.403,0,63.7188
55.1886,-716.682,707.654,0,63.7368
55.2042,-716.028,706.906,0,63.7547
55.2198,-715.374,706.157,0,63.7726
55.2354,-714.72,705.409,0,63.7905
55.251,-714.066,704.66,0,63.8085
55.263,-713.563,704.083,0,63.8375
55.275,-713.059,703.507,0,63.8666
55.287,-712.555,702.93,0,63.8957
55.308,-711.672,701.919,0,63.9328
55.329,-710.79,700.908,0,63.9699
55.3447,-710.127,700.149,0,63.9917
55.3605,-709.464,699.39,0,64.0134
55.3762,-708.802,698.631,0,64.0351
55.392,-708.139,697.872,0,64.0569
55.404,-707.633,697.293,0,64.0843
55.416,-707.128,696.714,0,64.1116
55.428,-706.622,696.134,0,64.139
55.443,-705.989,695.41,0,64.1673
55.458,-705.356,694.685,0,64.1956
55.473,-704.723,693.96,0,64.2239
55.49,-704.005,693.138,0,64.2535
55.507,-703.287,692.315,0,64.2831
55.524,-702.569,691.493,0,64.3126
55.539,-701.935,690.766,-0.51975,64.3379
55.554,-701.3,690.039,-1.0395,64.3631
55.569,-700.666,689.312,-1.55925,64.3883
55.588,-699.861,688.391,-2.31525,64.4158
55.607,-699.056,687.469,-3.07125,64.4432
55.626,-698.251,686.547,-3.82725,64.4707
55.6425,-697.551,685.746,-1.913625,64.5109
55.659,-696.851,684.945,0,64.5512
55.671,-696.341,684.362,0,64.5795
55.683,-695.831,683.779,0,64.6077
55.695,-695.321,683.196,0,64.636
55.7122,-694.586,682.358,0,64.6538
55.7295,-693.851,681.519,0,64.6716
55.7467,-693.117,680.68,0,64.6894
55.764,-692.382,679.841,0,64.7071
55.7775,-691.806,679.185,0,64.7492
55.791,-691.23,678.528,0,64.7913
55.8045,-690.653,677.871,0,64.834
55.818,-690.076,677.214,0,64.8766
55.836,-689.306,676.337,0,64.8967
55.854,-688.535,675.46,0,64.9167
55.872,-687.765,674.583,0,64.9367
55.89,-686.994,673.707,0,64.9567
55.903,-686.437,673.073,0,64.9818
55.916,-685.879,672.439,0,65.007
55.929,-685.321,671.805,0,65.0321
55.9425,-684.741,671.146,0,65.0516
55.956,-684.162,670.487,0,65.071
55.9695,-683.582,669.828,0,65.0904
55.983,-683.002,669.169,0,65.1098
56.007,-681.97,667.996,0,65.1836
56.0232,-681.272,667.204,0,65.1977
56.0394,-680.574,666.411,0,65.2118
56.0556,-679.877,665.619,0,65.2258
56.0718,-679.179,664.826,0,65.2399
56.088,-678.481,664.034,0,65.254
56.1,-677.964,663.446,0,65.279
56.112,-677.446,662.858,0,65.304
56.124,-676.929,662.27,0,65.3291
56.143,-676.108,661.338,0,65.3559
56.162,-675.288,660.406,0,65.3826
56.181,-674.467,659.474,0,65.4094
56.193,-673.949,658.885,0,65.4269
56.205,-673.43,658.295,0,65.4445
56.217,-672.911,657.706,0,65.462
56.229,-672.392,657.117,0,65.4795
56.246,-671.657,656.281,0,65.5025
56.263,-670.921,655.445,0,65.5254
56.28,-670.185,654.609,0,65.5483
56.295,-669.535,653.87,0,65.5756
56.31,-668.886,653.132,0,65.6029
56.325,-668.236,652.393,0,65.6302
56.343,-667.455,651.506,0,65.6966
56.3595,-666.739,650.692,0,65.7155
56.376,-666.023,649.878,0,65.7344
56.3925,-665.307,649.065,0,65.7533
56.409,-664.591,648.251,0,65.7722
56.424,-663.939,647.51,0,65.8056
56.439,-663.288,646.769,0,65.839
56.4516,-662.74,646.146,0,65.8533
56.4642,-662.192,645.523,0,65.8677
56.4768,-661.644,644.9,0,65.882
56.4894,-661.096,644.277,0,65.8963
56.502,-660.549,643.654,0,65.9107
56.5185,-659.831,642.837,0,65.9472
56.535,-659.113,642.02,0,65.9837
56.5508,-658.427,641.239,0,66.0004
56.5665,-657.74,640.459,0,66.0171
56.5822,-657.054,639.678,0,66.0339
56.598,-656.368,638.898,0,66.0506
56.6145,-655.649,638.079,0,66.0863
56.631,-654.929,637.26,0,66.122
56.6468,-654.242,636.477,0,66.1386
56.6625,-653.555,635.695,0,66.1551
56.6782,-652.867,634.912,0,66.1716
56.694,-652.18,634.13,0,66.1882
56.706,-651.656,633.533,0,66.2099
56.718,-651.132,632.936,0,66.2316
56.73,-650.608,632.339,0,66.2533
56.7458,-649.919,631.554,0,66.2699
56.7615,-649.231,630.77,0,66.2865
56.7772,-648.542,629.985,0,66.3032
56.793,-647.853,629.201,0,66.3198
56.811,-647.066,628.303,0,66.3549
56.829,-646.278,627.406,0,66.3901
56.844,-645.621,626.657,0,66.4116
56.859,-644.964,625.908,0,66.4332
56.874,-644.307,625.16,0,66.4547
56.8883,-643.682,624.447,0,66.472
56.9025,-643.058,623.735,0,66.4893
56.9167,-642.433,623.023,0,66.5066
56.931,-641.808,622.311,0,66.5239
56.949,-641.019,621.41,0,66.5528
56.967,-640.229,620.51,0,66.5816
56.982,-639.57,619.759,0,66.6037
56.997,-638.912,619.008,0,66.6258
57.012,-638.253,618.257,0,66.6479
57.0255,-637.66,617.58,0,66.6644
57.039,-637.066,616.904,0,66.6809
57.0525,-636.473,616.227,0,66.6974
57.066,-635.88,615.55,0,66.7139
57.084,-635.088,614.647,0,66.7805
57.098,-634.472,613.944,0,66.7904
57.112,-633.856,613.241,0,66.8003
57.126,-633.24,612.537,0,66.8102
57.14,-632.623,611.834,0,66.8201
57.154,-632.007,611.131,0,66.83
57.168,-631.391,610.427,0,66.8399
57.183,-630.73,609.673,0,66.9013
57.1986,-630.043,608.888,0,66.9131
57.2142,-629.355,608.103,0,66.9249
57.2298,-628.667,607.317,0,66.9367
57.2454,-627.98,606.532,0,66.9485
57.261,-627.292,605.747,0,66.9603
57.279,-626.498,604.84,0,67.0188
57.2948,-625.803,604.046,0,67.0349
57.3105,-625.107,603.252,0,67.051
57.3262,-624.412,602.458,0,67.0671
57.342,-623.716,601.664,0,67.0832
57.353,-623.23,601.108,0,67.1029
57.364,-622.744,600.553,0,67.1227
57.375,-622.258,599.998,0,67.1424
57.393,-621.462,599.089,0,67.1548
57.411,-620.666,598.179,0,67.1673
57.429,-619.869,597.27,0,67.1797
57.447,-619.073,596.361,0,67.1921
57.459,-618.542,595.754,0,67.2106
57.471,-618.01,595.148,0,67.2291
57.483,-617.479,594.541,0,67.2476
57.498,-616.814,593.782,0,67.266
57.513,-616.149,593.023,0,67.2844
57.528,-615.485,592.264,0,67.3028
57.5475,-614.62,591.277,0,67.3293
57.567,-613.755,590.29,0,67.3559
57.579,-613.222,589.682,0,67.3748
57.591,-612.69,589.074,0,67.3938
57.603,-612.157,588.466,0,67.4128
57.616,-611.58,587.808,0,67.4285
57.629,-611.003,587.149,0,67.4443
57.642,-610.425,586.49,0,67.4601
57.6582,-609.705,585.668,0,67.4713
57.6744,-608.985,584.846,0,67.4825
57.6906,-608.265,584.024,0,67.4938
57.7068,-607.544,583.202,0,67.505
57.723,-606.824,582.38,0,67.5162
57.739,-606.112,581.568,0,67.5331
57.755,-605.4,580.755,0,67.5499
57.771,-604.688,579.943,0,67.5667
57.784,-604.108,579.282,0,67.5847
57.797,-603.529,578.621,0,67.6027
57.81,-602.95,577.961,0,67.6207
57.825,-602.282,577.198,0,67.6377
57.84,-601.613,576.435,0,67.6548
57.855,-600.944,575.672,0,67.6719
57.871,-600.231,574.858,0,67.6881
57.887,-599.517,574.044,0,67.7043
57.903,-598.803,573.23,0,67.7205
57.918,-598.134,572.466,0,67.7337
57.933,-597.464,571.702,0,67.7469
57.948,-596.794,570.937,0,67.76
57.963,-596.125,570.173,0,67.7733
57.975,-595.588,569.562,0,67.7903
57.987,-595.052,568.95,0,67.8073
57.999,-594.516,568.338,0,67.8243
58.015,-593.801,567.522,0,67.8415
58.031,-593.085,566.706,0,67.8587
58.047,-592.37,565.89,0,67.8759
58.0605,-591.766,565.201,0,67.8878
58.074,-591.162,564.511,0,67.8998
58.0875,-590.558,563.822,0,67.9117
58.101,-589.953,563.133,0,67.9237
58.116,-589.282,562.367,-0.378,67.9405
58.131,-588.61,561.6,-0.756,67.9573
58.146,-587.938,560.834,-1.134,67.9741
58.164,-587.132,559.914,-3.26025,68.0221
58.1778,-586.513,559.208,-2.6082,68.0327
58.1916,-585.894,558.502,-1.95615,68.0432
58.2054,-585.275,557.797,-1.3041,68.0537
58.2192,-584.656,557.091,-0.65205,68.0642
58.233,-584.037,556.385,0,68.0747
58.2495,-583.296,555.541,0,68.0995
58.266,-582.555,554.697,0,68.1242
58.2825,-581.812,553.853,0,68.1367
58.299,-581.069,553.009,0,68.1492
58.3155,-580.327,552.165,0,68.1617
58.332,-579.584,551.321,0,68.1742
58.344,-579.043,550.708,0,68.1858
58.356,-578.502,550.094,0,68.1973
58.368,-577.961,549.48,0,68.2088
58.38,-577.421,548.866,0,68.2204
58.395,-576.743,548.098,0,68.2366
58.41,-576.066,547.331,0,68.2528
58.425,-575.389,546.563,0,68.269
58.4445,-574.508,545.565,0,68.2937
58.464,-573.627,544.567,0,68.3184
58.476,-573.084,543.953,0,68.3307
58.488,-572.541,543.339,0,68.3431
58.5,-571.998,542.724,0,68.3555
58.512,-571.455,542.11,0,68.3679
58.533,-570.504,541.035,0,68.3909
58.554,-569.553,539.959,0,68.4138
58.5675,-568.941,539.268,0,68.4253
58.581,-568.329,538.576,0,68.4367
58.5945,-567.716,537.884,0,68.4482
58.608,-567.104,537.193,0,68.4597
58.626,-566.288,536.27,0,68.5016
58.64,-565.652,535.552,0,68.5107
58.654,-565.017,534.834,0,68.5197
58.668,-564.381,534.116,0,68.5287
58.682,-563.745,533.398,0,68.5378
58.696,-563.11,532.68,0,68.5468
58.71,-562.474,531.962,0,68.5558
58.726,-561.747,531.141,0,68.572
58.742,-561.019,530.319,0,68.5882
58.758,-560.292,529.498,0,68.6044
58.772,-559.655,528.779,0,68.6199
58.786,-559.018,528.059,0,68.6352
58.8,-558.382,527.34,0,68.6506
58.8128,-557.801,526.685,0,68.6622
58.8255,-557.221,526.029,0,68.6738
58.8382,-556.64,525.374,0,68.6854
58.851,-556.06,524.719,0,68.697
58.869,-555.24,523.793,0,68.7424
58.884,-554.556,523.021,0,68.7519
58.899,-553.873,522.249,0,68.7613
58.914,-553.189,521.477,0,68.7707
58.929,-552.505,520.706,0,68.7802
58.944,-551.822,519.934,0,68.7896
58.962,-551.001,519.007,0,68.8368
58.9764,-550.343,518.265,0,68.8456
58.9908,-549.686,517.523,0,68.8543
59.0052,-549.029,516.781,0,68.863
59.0196,-548.371,516.039,0,68.8717
59.034,-547.714,515.297,0,68.8805
59.048,-547.074,514.575,0,68.8963
59.062,-546.435,513.853,0,68.9122
59.076,-545.795,513.132,0,68.9281
59.0887,-545.212,512.474,-0.567,68.9402
59.1015,-544.629,511.816,-1.134,68.9523
59.1143,-544.046,511.158,-1.701,68.9645
59.127,-543.463,510.5,-2.268,68.9766
59.143,-542.731,509.674,-2.97675,68.9922
59.159,-541.998,508.849,-3.6855,69.0079
59.175,-541.266,508.023,-4.39425,69.0236
59.193,-540.441,507.094,-6.5205,69.0662
59.2056,-539.863,506.444,-5.2164,69.0748
59.2182,-539.285,505.793,-3.9123,69.0835
59.2308,-538.706,505.143,-2.6081973,69.0921
59.2434,-538.128,504.493,-1.3041,69.1007
59.256,-537.55,503.843,0,69.1093
59.274,-536.722,502.914,0,69.134
59.292,-535.894,501.986,0,69.1587
59.3052,-535.285,501.305,0,69.1684
59.3184,-534.677,500.625,0,69.178
59.3316,-534.068,499.944,0,69.1876
59.3448,-533.46,499.264,0,69.1972
59.358,-532.851,498.583,0,69.2068
59.376,-532.019,497.656,0,69.2308
59.394,-531.187,496.729,0,69.2548
59.4066,-530.603,496.08,0,69.263
59.4192,-530.019,495.431,0,69.2712
59.4318,-529.435,494.783,0,69.2794
59.4444,-528.851,494.134,0,69.2876
59.457,-528.268,493.485,0,69.2958
59.4765,-527.363,492.481,0,69.3184
59.496,-526.458,491.477,0,69.3409
59.505,-526.04,491.014,0,69.3651
59.514,-525.622,490.551,0,69.3894
59.5298,-524.889,489.74,0,69.4019
59.5455,-524.157,488.929,0,69.4144
59.5612,-523.424,488.118,0,69.4268
59.577,-522.692,487.307,0,69.4393
59.593,-521.947,486.483,0,69.4536
59.609,-521.202,485.658,0,69.4678
59.625,-520.457,484.834,0,69.482
59.6376,-519.87,484.185,-0.3402,69.4911
59.6502,-519.282,483.535,-0.6804,69.5003
59.6628,-518.695,482.886,-1.0206,69.5095
59.6754,-518.108,482.236,-1.3608,69.5186
59.688,-517.521,481.587,-1.701,69.5278
59.703,-516.821,480.813,-2.764125,69.551
59.718,-516.121,480.04,-3.82725,69.5742
59.7315,-515.491,479.344,-4.39425,69.5861
59.745,-514.86,478.647,-4.96125,69.598
59.7585,-514.229,477.951,-5.52825,69.6099
59.772,-513.599,477.255,-6.09525,69.6218
59.79,-512.756,476.327,-6.804,69.6361
59.808,-511.914,475.399,-7.51275,69.6504
59.826,-511.071,474.471,-8.2215,69.6647
59.84,-510.414,473.75,-8.9775,69.6792
59.854,-509.757,473.029,-9.7335,69.6936
59.868,-509.1,472.308,-10.4895,69.708
59.8807,-508.499,471.653,-7.867125,69.7187
59.8935,-507.897,470.998,-5.24475,69.7293
59.9062,-507.296,470.343,-2.622375,69.7398
59.919,-506.695,469.688,0,69.7504
59.934,-505.985,468.92,0,69.7647
59.949,-505.275,468.151,0,69.7789
59.964,-504.565,467.382,0,69.7932
59.9767,-503.923,466.693,0,69.8038
59.9895,-503.281,466.003,0,69.8144
60.0023,-502.639,465.313,0,69.825
60.015,-501.997,464.623,0,69.8356
60.03,-501.353,463.934,0,69.8561
60.045,-500.709,463.245,0,69.8765
60.063,-499.848,462.328,0,69.8925
60.081,-498.987,461.41,0,69.9085
60.099,-498.126,460.493,0,69.9244
60.1117,-497.515,459.844,-0.14175,69.9371
60.1245,-496.903,459.195,-0.2835,69.9497
60.1373,-496.292,458.546,-0.42525,69.9623
60.15,-495.68,457.897,-0.567,69.9749
60.168,-494.815,456.981,-2.835,70.0238
60.1815,-494.165,456.295,-3.213,70.0311
60.195,-493.515,455.609,-3.591,70.0384
60.2085,-492.865,454.922,-3.969,70.0458
60.222,-492.215,454.236,-4.347,70.0531
60.2355,-491.565,453.549,-4.725,70.0604
60.249,-490.915,452.863,-5.103,70.0678
60.2625,-490.264,452.177,-6.166125,70.0885
60.276,-489.612,451.491,-7.22925,70.1093
60.291,-488.839,450.679,-4.8195,70.1415
60.306,-488.065,449.866,-2.4097473,70.1737
60.321,-487.292,449.054,0,70.2059
60.3356,-486.606,448.337,0,70.212
60.3501,-485.919,447.619,0,70.2181
60.3647,-485.233,446.902,0,70.2242
60.3793,-484.547,446.185,0,70.2302
60.3939,-483.86,445.468,0,70.2363
60.4084,-483.174,444.751,0,70.2424
60.423,-482.488,444.034,0,70.2485
60.438,-481.757,443.274,-0.1771875,70.2591
60.453,-481.027,442.515,-0.354375,70.2698
60.468,-480.296,441.755,-0.5315625,70.2804
60.483,-479.566,440.995,-0.70875,70.2911
60.492,-479.127,440.54,-1.771875,70.3151
60.501,-478.688,440.084,-2.835,70.3391
60.5166,-477.925,439.295,-3.2886,70.3486
60.5322,-477.162,438.506,-3.7422,70.3582
60.5478,-476.4,437.717,-4.1958,70.3678
60.5634,-475.637,436.928,-4.6494,70.3773
60.579,-474.875,436.139,-5.103,70.3869
60.591,-474.286,435.532,-5.81175,70.4003
60.603,-473.698,434.926,-6.5205,70.4136
60.615,-473.11,434.319,-7.22925,70.4269
60.6292,-472.41,433.6,-7.79625,70.4382
60.6435,-471.71,432.881,-8.36325,70.4496
60.6578,-471.009,432.161,-8.93025,70.4609
60.672,-470.309,431.442,-9.49725,70.4722
60.69,-469.422,430.536,-10.63125,70.4921
60.708,-468.534,429.629,-11.76525,70.5119
60.72,-467.941,429.026,-12.474,70.5243
60.732,-467.347,428.422,-13.18275,70.5366
60.744,-466.754,427.819,-13.8915,70.5488
60.7572,-466.097,427.159,-11.1132,70.5564
60.7704,-465.44,426.498,-8.3349,70.564
60.7836,-464.784,425.838,-5.5566,70.5716
60.7968,-464.127,425.177,-2.7783,70.5792
60.81,-463.47,424.517,0,70.5867
60.826,-462.669,423.72,0,70.5989
60.842,-461.868,422.924,0,70.6111
60.858,-461.067,422.127,0,70.6232
60.872,-460.363,421.433,-0.378,70.6311
60.886,-459.659,420.738,-0.756,70.6388
60.9,-458.954,420.044,-1.134,70.6466
60.918,-458.047,419.154,-2.197125,70.5974
60.936,-457.139,418.264,-3.26025,70.5479
60.948,-456.483,417.623,-4.01625,70.5135
60.96,-455.827,416.982,-4.77225,70.479
60.972,-455.171,416.341,-5.52825,70.4444
60.9858,-454.504,415.693,-5.9535,70.4293
60.9996,-453.837,415.045,-6.37875,70.4141
61.0134,-453.17,414.397,-6.804,70.3989
61.0272,-452.503,413.749,-7.22925,70.3837
61.041,-451.837,413.101,-7.6545,70.3684
61.058,-450.976,412.271,-8.4105,70.3263
61.075,-450.116,411.442,-9.1665,70.2842
61.092,-449.255,410.612,-9.9225,70.242
61.106,-448.545,409.932,-10.63125,70.2441
61.12,-447.834,409.252,-11.34,70.2461
61.134,-447.124,408.572,-12.04875,70.2481
61.1475,-446.435,407.92,-12.61575,70.251
61.161,-445.747,407.267,-13.18275,70.2538
61.1745,-445.059,406.615,-13.74975,70.2566
61.188,-444.37,405.962,-14.31675,70.2594
61.206,-443.449,405.096,-16.584777,70.2682
61.2185,-442.805,404.498,-16.939152,70.2698
61.231,-442.161,403.9,-17.293527,70.2714
61.2435,-441.518,403.303,-17.647902,70.2729
61.256,-440.874,402.705,-18.002277,70.2744
61.2685,-440.23,402.107,-18.356625,70.2759
61.281,-439.587,401.509,-18.711,70.2775
61.299,-438.652,400.656,-19.774125,70.281
61.317,-437.718,399.803,-20.83725,70.2844
61.331,-436.987,399.144,-21.59325,70.2847
61.345,-436.256,398.485,-22.34925,70.2848
61.359,-435.526,397.825,-23.10525,70.2848
61.371,-434.895,397.265,-23.636799,70.2833
61.383,-434.264,396.705,-24.168375,70.2818
61.395,-433.633,396.145,-24.699924,70.2802
61.407,-433.002,395.585,-25.231473,70.2785
61.424,-432.1,394.801,-16.821,70.2771
61.441,-431.198,394.017,-8.4105,70.2756
61.458,-430.297,393.232,0,70.2739
61.473,-429.494,392.548,0,70.2765
61.488,-428.692,391.863,0,70.2792
61.503,-427.89,391.179,0,70.2818
61.5157,-427.203,390.603,-0.5315625,70.2868
61.5285,-426.516,390.027,-1.063125,70.2918
61.5413,-425.829,389.451,-1.5946875,70.2968
61.554,-425.142,388.875,-2.12625,70.3016
61.57,-424.273,388.159,-2.835,70.3094
61.586,-423.405,387.444,-3.54375,70.3169
61.602,-422.536,386.728,-4.2525,70.3242
61.62,-421.555,385.928,-6.5205,70.3546
61.6338,-420.799,385.319,-6.94575,70.3418
61.6476,-420.043,384.71,-7.371,70.3289
61.6614,-419.287,384.101,-7.79625,70.3161
61.6752,-418.53,383.492,-8.2215,70.3031
61.689,-417.774,382.883,-8.64675,70.2901
61.7,-417.17,382.401,-9.45,70.2442
61.711,-416.565,381.92,-10.25325,70.1982
61.722,-415.96,381.439,-11.0565,70.1523
61.7393,-415.01,380.69,-11.588076,70.121
61.7565,-414.059,379.942,-12.119625,70.0897
61.7738,-413.109,379.193,-12.651201,70.0584
61.791,-412.158,378.445,-13.18275,70.0271
61.804,-411.44,377.887,-13.93875,69.9828
61.817,-410.722,377.328,-14.69475,69.9386
61.83,-410.003,376.77,-15.450777,69.8943
61.846,-409.118,376.089,-16.159527,69.7713
61.862,-408.232,375.408,-16.868277,69.6483
61.878,-407.346,374.727,-17.577027,69.5252
61.8915,-406.602,374.161,-18.144,69.3193
61.905,-405.858,373.596,-18.711,69.1133
61.9185,-405.113,373.031,-19.278,68.9072
61.932,-404.369,372.466,-19.845,68.7009
61.95,-403.383,371.724,-21.97125,67.7982
61.963,-402.677,371.2,-22.34925,67.695
61.976,-401.971,370.675,-22.72725,67.5917
61.989,-401.264,370.151,-23.10525,67.4883
62.002,-400.558,369.626,-23.48325,67.3848
62.015,-399.852,369.102,-23.86125,67.2813
62.028,-399.146,368.577,-24.23925,67.1777
62.0475,-398.085,367.809,-25.373223,67.0963
62.067,-397.025,367.041,-26.507223,67.0137
62.081,-396.261,366.497,-27.216,66.9644
62.095,-395.496,365.954,-27.92475,66.915
62.109,-394.731,365.411,-28.6335,66.8656
62.1255,-393.826,364.779,-29.7675,66.7784
62.142,-392.921,364.148,-30.9015,66.6911
62.1562,-392.135,363.613,-31.43313,66.6491
62.1705,-391.348,363.078,-31.96449,66.607
62.1847,-390.562,362.544,-32.49612,66.5649
62.199,-389.776,362.009,-33.02775,66.5228
62.213,-388.999,361.495,-33.7365,66.4634
62.227,-388.222,360.981,-34.44525,66.4039
62.241,-387.445,360.467,-35.154,66.3444
62.26,-386.383,359.786,-35.91,66.2804
62.279,-385.322,359.105,-36.666,66.2164
62.298,-384.261,358.424,-37.422,66.1521
62.307,-383.757,358.107,-38.48499,66.0546
62.316,-383.252,357.79,-39.54825,65.9568
62.3316,-382.372,357.255,-39.9735,65.916
62.3472,-381.492,356.719,-40.39875,65.875
62.3628,-380.612,356.183,-40.824,65.8341
62.3784,-379.732,355.648,-41.24925,65.7931
62.394,-378.853,355.112,-41.6745,65.752
62.4105,-377.916,354.563,-42.525,65.6492
62.427,-376.979,354.014,-43.3755,65.5459
62.4435,-376.038,353.479,-43.9425,65.4939
62.46,-375.097,352.945,-44.5095,65.4418
62.4765,-374.155,352.41,-45.0765,65.3896
62.493,-373.214,351.876,-45.6435,65.3374
62.506,-372.468,351.467,-46.35225,65.2742
62.519,-371.723,351.059,-47.061,65.2109
62.532,-370.977,350.65,-47.76975,65.1474
62.5515,-369.854,350.052,-44.793,65.0696
62.571,-368.73,349.454,-41.81625,64.9916
62.586,-367.862,349.006,-28.20825,64.951
62.601,-366.994,348.557,-14.600115,64.9104
62.616,-366.126,348.109,-0.992115,64.8698
62.633,-365.136,347.616,-0.6614109,64.8487
62.65,-364.146,347.123,-0.3307041,64.8276
62.667,-363.156,346.63,0,64.8065
62.682,-362.278,346.207,0,64.7897
62.697,-361.399,345.785,0,64.7729
62.712,-360.52,345.363,0,64.756
62.7248,-359.769,345.015,0,64.7494
62.7375,-359.018,344.667,0,64.7428
62.7503,-358.266,344.319,0,64.736
62.763,-357.515,343.971,0,64.7292
62.779,-356.567,343.548,0,64.7242
62.795,-355.619,343.125,0,64.7189
62.811,-354.671,342.702,0,64.7135
62.829,-353.6,342.237,0,64.7167
62.847,-352.524,341.785,0,64.7222
62.865,-351.447,341.334,0,64.7273
62.883,-350.371,340.883,0,64.7322
62.901,-349.295,340.431,0,64.7366
62.916,-348.392,340.069,0.14175,64.7461
62.931,-347.49,339.707,0.2835,64.7548
62.946,-346.587,339.345,0.42525,64.7628
62.9595,-345.771,339.029,0.99225,64.7756
62.973,-344.955,338.713,1.55925,64.7879
62.9865,-344.139,338.397,2.12625,64.7997
63,-343.323,338.081,2.69325,64.8111
63.0165,-342.321,337.704,3.756375,64.8343
63.033,-341.32,337.327,4.8195,64.8558
63.0525,-340.134,336.887,5.9535,64.8856
63.072,-338.947,336.448,7.0875,64.9139
63.0846,-338.179,336.167,7.5411,64.9255
63.0972,-337.41,335.887,7.9947,64.9369
63.1098,-336.642,335.607,8.4483,64.9482
63.1224,-335.873,335.326,8.9019,64.9593
63.135,-335.105,335.046,9.3555,64.9702
63.153,-334.005,334.647,5.103,64.9954
63.171,-332.906,334.247,0.8505027,65.02
63.1905,-331.715,333.813,0.42525,65.0442
63.21,-330.524,333.379,0,65.0681
63.2238,-329.681,333.069,0,65.0781
63.2376,-328.838,332.759,0,65.088
63.2514,-327.995,332.449,0,65.0979
63.2652,-327.152,332.14,0,65.1078
63.279,-326.309,331.83,0,65.1177
63.295,-325.332,331.467,0,65.1336
63.311,-324.355,331.104,0,65.1495
63.327,-323.378,330.741,0,65.1654
63.342,-322.462,330.398,-0.61425,65.1813
63.357,-321.546,330.056,-1.2285,65.1973
63.372,-320.63,329.713,-1.84275,65.2131
63.39,-319.531,329.3,-2.905875,65.2385
63.408,-318.432,328.888,-3.969,65.2639
63.424,-317.455,328.519,-4.725,65.282
63.44,-316.477,328.151,-5.481,65.3
63.456,-315.5,327.783,-6.237,65.3181
63.471,-314.583,327.438,-6.804,65.3308
63.486,-313.666,327.093,-7.371,65.3435
63.501,-312.748,326.748,-7.938,65.3561
63.516,-311.831,326.403,-8.505,65.3688
63.529,-311.035,326.105,-9.21375,65.3842
63.542,-310.239,325.807,-9.9225,65.3995
63.555,-309.443,325.509,-10.63125,65.4148
63.573,-308.338,325.1,-11.34,65.4296
63.591,-307.234,324.69,-12.04875,65.4444
63.609,-306.13,324.281,-12.7575,65.4591
63.624,-305.207,323.943,-8.505,65.4728
63.639,-304.285,323.605,-4.2525,65.4863
63.654,-303.363,323.268,0,65.4998
63.67,-302.377,322.911,0,65.5161
63.686,-301.391,322.554,0,65.5324
63.702,-300.405,322.197,0,65.5488
63.714,-299.664,321.932,0,65.5604
63.726,-298.924,321.667,0,65.5721
63.738,-298.183,321.401,0,65.5837
63.75,-297.442,321.136,0,65.5953
63.7665,-296.422,320.774,0,65.6211
63.783,-295.401,320.412,0,65.6469
63.799,-294.41,320.063,-0.42525,65.6624
63.815,-293.419,319.714,-0.8505,65.678
63.831,-292.429,319.365,-1.27575,65.6935
63.849,-291.313,318.974,-3.54375,65.741
63.8646,-290.344,318.636,-3.969,65.7505
63.8802,-289.376,318.299,-4.39425,65.7601
63.8958,-288.408,317.961,-4.8195,65.7697
63.9114,-287.439,317.623,-5.24475,65.7792
63.927,-286.471,317.286,-5.67,65.7888
63.94,-285.662,317.006,-6.426,65.8056
63.953,-284.854,316.726,-7.182,65.8224
63.966,-284.046,316.447,-7.938,65.8392
63.981,-283.112,316.126,-8.469549,65.8498
63.996,-282.177,315.805,-9.001125,65.8604
64.011,-281.243,315.484,-9.532674,65.8709
64.026,-280.309,315.163,-10.06425,65.8814
64.042,-279.248,314.803,-10.82025,65.8954
64.058,-278.187,314.442,-11.57625,65.9093
64.074,-277.126,314.082,-12.33225,65.9232
64.0935,-276.001,313.705,-13.46625,65.9452
64.113,-274.876,313.327,-14.60025,65.967
64.1273,-273.983,313.033,-15.16725,65.9766
64.1415,-273.089,312.739,-15.734277,65.9862
64.1557,-272.196,312.445,-16.301277,65.9958
64.17,-271.303,312.151,-16.868277,66.0053
64.1865,-270.267,311.816,-17.931402,66.0203
64.203,-269.23,311.482,-18.9945,66.0351
64.2173,-268.332,311.199,-19.526076,66.0404
64.2315,-267.435,310.916,-20.057625,66.0456
64.2458,-266.537,310.633,-20.589201,66.0508
64.26,-265.639,310.35,-21.12075,66.056
64.275,-264.692,310.06,-10.560375,66.068
64.29,-263.744,309.769,0,66.0799
64.3057,-262.746,309.472,0,66.0881
64.3215,-261.748,309.175,0,66.0962
64.3372,-260.751,308.877,0,66.1043
64.353,-259.753,308.58,0,66.1125
64.3695,-258.705,308.276,0,66.1329
64.386,-257.656,307.973,0,66.1531
64.401,-256.702,307.702,0,66.1635
64.416,-255.747,307.431,0,66.1739
64.431,-254.792,307.16,0,66.1843
64.446,-253.837,306.889,0,66.1945
64.46,-252.943,306.641,-0.33075,66.2117
64.474,-252.05,306.393,-0.6615,66.2287
64.488,-251.157,306.145,-0.99225,66.2456
64.502,-250.262,305.899,-1.74825,66.2618
64.516,-249.368,305.654,-2.50425,66.2778
64.53,-248.473,305.408,-3.26025,66.2937
64.546,-247.449,305.131,-3.969,66.309
64.562,-246.425,304.854,-4.67775,66.3243
64.578,-245.401,304.576,-5.3865,66.3395
64.595,-244.312,304.284,-6.09525,66.354
64.612,-243.222,303.992,-6.804,66.3685
64.629,-242.133,303.7,-7.51275,66.383
64.644,-241.17,303.445,-8.26875,66.3976
64.659,-240.207,303.19,-9.02475,66.4123
64.674,-239.244,302.934,-9.78075,66.4269
64.689,-238.28,302.682,-10.53675,66.4414
64.704,-237.316,302.429,-11.29275,66.4558
64.719,-236.352,302.176,-12.04875,66.4703
64.733,-235.451,301.943,-12.80475,66.4849
64.747,-234.55,301.711,-13.56075,66.4995
64.761,-233.649,301.478,-14.31675,66.514
64.7745,-232.778,301.257,-14.848326,66.5221
64.788,-231.908,301.037,-15.379875,66.5302
64.8015,-231.037,300.817,-15.911451,66.5382
64.815,-230.167,300.596,-16.443027,66.5462
64.836,-228.81,300.261,-17.577027,66.5611
64.857,-227.453,299.926,-18.711,66.5758
64.8698,-226.627,299.728,-19.242576,66.5819
64.8825,-225.801,299.53,-19.774125,66.588
64.8952,-224.976,299.333,-20.305701,66.594
64.908,-224.15,299.135,-20.83725,66.6
64.926,-222.982,298.863,-23.10525,66.6178
64.94,-222.072,298.66,-23.459625,66.6206
64.954,-221.161,298.457,-23.814,66.6234
64.968,-220.251,298.255,-24.168375,66.6262
64.982,-219.34,298.052,-24.522723,66.629
64.996,-218.43,297.849,-24.877098,66.6317
65.01,-217.519,297.646,-25.231473,66.6344
65.031,-216.149,297.358,-12.61575,66.6449
65.052,-214.779,297.069,0,66.6552
65.064,-213.995,296.909,0,66.6599
65.076,-213.211,296.75,0,66.6646
65.088,-212.428,296.59,0,66.6692
65.1,-211.644,296.43,0,66.6738
65.1195,-210.367,296.179,0,66.6904
65.139,-209.091,295.929,0,66.7069
65.154,-208.106,295.745,0,66.7165
65.169,-207.122,295.561,0,66.7259
65.184,-206.138,295.378,0,66.7353
65.199,-205.154,295.194,0,66.7445
65.214,-204.168,295.018,0,66.7668
65.229,-203.182,294.842,0,66.7882
65.244,-202.1948,294.671,0,66.798
65.259,-201.2073,294.5,0,66.8077
65.274,-200.2199,294.33,0,66.8173
65.289,-199.2325,294.159,0,66.8267
65.302,-198.3756,294.014,0,66.8436
65.315,-197.5188,293.869,0,66.8603
65.328,-196.662,293.724,0,66.8769
65.3423,-195.7218,293.567,-0.14175,66.8872
65.3565,-194.7817,293.409,-0.2835,66.8974
65.3708,-193.8415,293.252,-0.42525,66.9076
65.385,-192.9014,293.095,-0.567,66.9178
65.4,-191.9109,292.93,-1.323,66.9347
65.415,-190.9204,292.765,-2.079,66.9514
65.43,-189.9299,292.6,-2.835,66.9682
65.4495,-188.6413,292.386,-3.898125,66.9898
65.469,-187.3527,292.172,-4.96125,67.0113
65.483,-186.427,292.018,-5.71725,67.0268
65.497,-185.5013,291.865,-6.47325,67.0422
65.511,-184.5755,291.712,-7.22925,67.0577
65.524,-183.7153,291.57,-7.98525,67.0728
65.537,-182.855,291.429,-8.74125,67.0878
65.55,-181.9948,291.287,-9.49725,67.1028
65.5665,-180.9017,291.11,-10.06425,67.1135
65.583,-179.8086,290.933,-10.63125,67.1241
65.5995,-178.7156,290.756,-11.19825,67.1347
65.616,-177.6225,290.578,-11.76525,67.1453
65.631,-176.6276,290.421,-12.89925,67.1651
65.646,-175.6327,290.263,-14.03325,67.1848
65.658,-174.8361,290.139,-14.742,67.1949
65.67,-174.0394,290.015,-15.450777,67.2051
65.682,-173.2428,289.892,-16.159527,67.2152
65.697,-172.2452,289.745,-16.584777,67.2201
65.712,-171.2477,289.598,-17.010027,67.225
65.727,-170.2501,289.451,-17.435277,67.2298
65.742,-169.2526,289.304,-17.8605,67.2347
65.757,-168.255,289.157,-18.28575,67.2395
65.7765,-166.956,288.976,-19.41975,67.2537
65.796,-165.6569,288.796,-20.55375,67.2676
65.812,-164.5899,288.652,-18.6165,67.2747
65.828,-163.523,288.509,-16.67925,67.2816
65.844,-162.456,288.365,-14.742,67.2883
65.858,-161.5219,288.242,-9.828,67.2891
65.872,-160.5878,288.119,-4.914,67.2896
65.886,-159.6537,287.995,0,67.2899
65.8995,-158.7523,287.879,0,67.3076
65.913,-157.8508,287.762,0,67.3247
65.9265,-156.9494,287.646,0,67.341
65.94,-156.048,287.529,0,67.3568
65.9595,-154.7437,287.369,0,67.3734
65.979,-153.4394,287.209,0,67.3895
65.9925,-152.5352,287.105,0,67.3991
66.006,-151.6311,287.001,0,67.4078
66.0195,-150.7269,286.897,0,67.4159
66.033,-149.8228,286.793,0,67.4231
66.051,-148.6166,286.657,0,67.4027
66.0645,-147.7122,286.556,0,67.4167
66.078,-146.8077,286.455,0,67.4306
66.0915,-145.9032,286.354,0,67.4444
66.105,-144.9987,286.253,0,67.4582
66.1185,-144.0943,286.152,0,67.4718
66.132,-143.1898,286.05,0,67.4854
66.15,-141.9816,285.918,0,67.5284
66.168,-140.7735,285.785,0,67.5706
66.183,-139.7656,285.676,0,67.5815
66.198,-138.7578,285.566,0,67.5924
66.213,-137.7499,285.457,0,67.6033
66.228,-136.7421,285.348,0,67.6141
66.243,-135.7338,285.237,0,67.6306
66.258,-134.7255,285.126,0,67.6469
66.2706,-133.8782,285.033,0,67.6571
66.2832,-133.0308,284.939,0,67.6673
66.2958,-132.1834,284.845,0,67.6775
66.3084,-131.3361,284.751,0,67.6877
66.321,-130.4887,284.658,0,67.6979
66.336,-129.4792,284.546,0,67.717
66.351,-128.4697,284.434,0,67.736
66.3675,-127.3587,284.311,-0.14175,67.7474
66.384,-126.2476,284.187,-0.2835,67.7587
66.4005,-125.1366,284.064,-0.42525,67.77
66.417,-124.0256,283.941,-0.567,67.7814
66.432,-123.0148,283.828,-1.630125,67.8051
66.447,-122.0041,283.716,-2.69325,67.8288
66.462,-120.9927,283.604,-3.26025,67.8409
66.477,-119.9812,283.492,-3.82725,67.853
66.492,-118.9698,283.38,-4.39425,67.865
66.507,-117.9583,283.268,-4.96125,67.8771
66.519,-117.1485,283.178,-5.71725,67.8912
66.531,-116.3387,283.089,-6.47325,67.9054
66.543,-115.5289,283,-7.22925,67.9195
66.5625,-114.2122,282.857,-8.36325,67.9404
66.582,-112.8954,282.714,-9.49725,67.9613
66.597,-111.88155,282.607,-10.028799,67.97
66.612,-110.86772,282.5,-10.560375,67.9787
66.627,-109.85389,282.392,-11.091951,67.9874
66.642,-108.84006,282.285,-11.6235,67.996
66.651,-108.23131,282.222,-5.81175,68.015
66.66,-107.62256,282.159,0,68.0338
66.6768,-106.48502,282.047,0,68.0416
66.6936,-105.34749,281.934,0,68.0493
66.7104,-104.20995,281.822,0,68.057
66.7272,-103.072416,281.71,0,68.0647
66.744,-101.934879,281.597,0,68.0724
66.756,-101.12137,281.521,0,68.0861
66.768,-100.30786,281.444,0,68.0998
66.78,-99.49435,281.368,0,68.1135
66.7995,-98.17152,281.247,0,68.1315
66.819,-96.8487,281.125,0,68.1495
66.834,-95.83029,281.035,0,68.1616
66.849,-94.81189,280.944,0,68.1735
66.864,-93.79349,280.853,0,68.1855
66.879,-92.77508,280.763,0,68.1974
66.891,-91.9595,280.692,0,68.2074
66.903,-91.1438,280.622,0,68.2173
66.915,-90.3282,280.552,0,68.2272
66.927,-89.5126,280.481,0,68.2371
66.939,-88.697,280.411,0,68.247
66.9555,-87.5746,280.316,0,68.2665
66.972,-86.4523,280.221,0,68.286
66.9915,-85.1252,280.11,0,68.3048
67.011,-83.798,279.999,0,68.3237
67.0238,-82.9298,279.927,0,68.3333
67.0365,-82.0615,279.855,0,68.3429
67.0492,-81.1933,279.783,0,68.3526
67.062,-80.325,279.711,0,68.3622
67.075,-79.4391,279.638,0,68.3778
67.088,-78.5533,279.565,0,68.3933
67.101,-77.6674,279.492,0,68.4089
67.119,-76.4402,279.391,0,68.4288
67.137,-75.213,279.291,0,68.4487
67.1514,-74.2305,279.21,0,68.4564
67.1658,-73.2481,279.13,0,68.4642
67.1802,-72.2656,279.049,0,68.4719
67.1946,-71.2832,278.969,0,68.4796
67.209,-70.3007,278.888,0,68.4873
67.224,-69.2766,278.804,0,68.5014
67.239,-68.2524,278.721,0,68.5155
67.254,-67.2282,278.637,0,68.5295
67.2667,-66.3572,278.566,0,68.5387
67.2795,-65.4861,278.494,0,68.5479
67.2923,-64.615,278.423,0,68.557
67.305,-63.7439,278.352,0,68.5661
67.326,-62.3085,278.236,0,68.5808
67.347,-60.8731,278.119,0,68.5953
67.359,-60.0524,278.053,0,68.6057
67.371,-59.2317,277.986,0,68.616
67.383,-58.4111,277.92,0,68.6264
67.395,-57.5904,277.853,0,68.6367
67.409,-56.6323,277.776,0,68.656
67.423,-55.6742,277.698,0,68.6752
67.437,-54.7161,277.62,0,68.6942
67.455,-53.4834,277.52,0,68.7099
67.473,-52.2507,277.42,0,68.7256
67.491,-51.0179,277.32,0,68.7412
67.503,-50.1955,277.253,0,68.7516
67.515,-49.3732,277.186,0,68.7619
67.527,-48.5508,277.119,0,68.7723
67.539,-47.7284,277.0523,0,68.7826
67.557,-46.4941,276.9514,0,68.8027
67.575,-45.2599,276.8505,0,68.8226
67.591,-44.1622,276.7605,0.378,68.835
67.607,-43.0646,276.6706,0.756,68.8473
67.623,-41.967,276.5806,1.134,68.8596
67.6365,-41.0403,276.5044,1.6655625,68.8701
67.65,-40.1136,276.4283,2.197125,68.8805
67.6635,-39.1869,276.3521,2.728674,68.891
67.677,-38.2602,276.2759,3.26025,68.9015
67.6935,-37.1269,276.1821,4.39425,68.9249
67.71,-35.9936,276.0884,5.52825,68.9483
67.724,-35.0317,276.008,6.28425,68.9625
67.738,-34.0697,275.9276,7.04025,68.9766
67.752,-33.1077,275.8472,7.79625,68.9908
67.7652,-32.2002,275.7697,6.237,68.9988
67.7784,-31.2927,275.6922,4.67775,69.0069
67.7916,-30.3852,275.6147,3.1185,69.0149
67.8048,-29.4777,275.5372,1.55925,69.023
67.818,-28.5702,275.4597,0,69.031
67.835,-27.4009,275.3575,0,69.045
67.852,-26.2314,275.2553,0,69.059
67.869,-25.0621,275.1531,0,69.0729
67.883,-24.0986,275.0671,0,69.0854
67.897,-23.1351,274.9812,0,69.0979
67.911,-22.1717,274.8953,0,69.1104
67.923,-21.3456,274.8204,0,69.1232
67.935,-20.5195,274.7456,0,69.136
67.947,-19.6933,274.6708,0,69.1488
67.9665,-18.3504,274.5478,0,69.1682
67.986,-17.0075,274.4249,0,69.1877
67.9995,-16.0773,274.339,0,69.197
68.013,-15.1472,274.2532,0,69.2063
68.0265,-14.217,274.1673,0,69.2156
68.04,-13.2868,274.0815,0,69.2249
68.0535,-12.3561,273.995,0,69.237
68.067,-11.4254,273.9085,0,69.2491
68.0805,-10.4948,273.822,0,69.2612
68.094,-9.5641,273.7355,0,69.2732
68.112,-8.32249999999999,273.6196,0,69.3187
68.127,-7.2872,273.5227,0,69.3268
68.142,-6.2518,273.4257,0,69.3348
68.157,-5.2165,273.3288,0,69.3428
68.172,-4.18119999999999,273.2318,0,69.3508
68.187,-3.1459,273.1348,0,69.3588
68.202,-2.11099999999999,273.0379,0,69.3668
68.2125,-1.38499999999999,272.9698,0,69.3843
68.223,-0.659999999999997,272.9017,0,69.4019
68.2368,0.293000000000006,272.8121,0,69.4114
68.2506,1.247,272.7224,0,69.4209
68.2644,2.20100000000001,272.6327,0,69.4304
68.2782,3.15400000000001,272.543,0,69.4399
68.292,4.108,272.4533,0,69.4493
68.307,5.14500000000001,272.3556,0,69.469
68.322,6.182,272.2579,0,69.4886
68.3385,7.324,272.1503,-0.0354375,69.4986
68.355,8.465,272.0426,-0.070875,69.5087
68.3715,9.607,271.935,-0.1063125,69.5187
68.388,10.749,271.8274,-0.14175,69.5288
68.399,11.51,271.7555,-0.8505,69.5406
68.41,12.272,271.6836,-1.55925,69.5525
68.421,13.033,271.6117,-2.268,69.5643
68.436,14.072,271.5139,-2.835,69.5745
68.451,15.111,271.4161,-3.402,69.5847
68.466,16.15,271.3183,-3.969,69.5949
68.481,17.189,271.2205,-4.536,69.605
68.496,18.229,271.1233,-3.024,69.6193
68.511,19.269,271.0262,-1.512,69.6335
68.526,20.309,270.9291,0,69.6477
68.539,21.21,270.8454,0,69.6604
68.552,22.112,270.7618,0,69.673
68.565,23.014,270.6781,0,69.6857
68.582,24.194,270.5695,0,69.6998
68.599,25.373,270.4608,0,69.7138
68.616,26.553,270.3522,0,69.7279
68.6265,27.282,270.2855,0,69.7479
68.637,28.011,270.2188,0,69.7678
68.6532,29.137,270.1169,-0.2268,69.7758
68.6694,30.263,270.0149,-0.4536,69.7839
68.6856,31.388,269.913,-0.6804,69.7919
68.7018,32.514,269.8111,-0.9072,69.8
68.718,33.64,269.7091,-1.134,69.808
68.729,34.405,269.6405,-1.89,69.8204
68.74,35.17,269.572,-2.646,69.8328
68.751,35.934,269.5034,-3.402,69.8452
68.772,37.395,269.373,-5.52825,69.8783
68.785,38.3,269.2932,-5.90625,69.8859
68.798,39.205,269.2134,-6.28425,69.8936
68.811,40.11,269.1335,-6.66225,69.9013
68.824,41.015,269.0537,-7.04025,69.9089
68.837,41.92,268.9739,-7.41825,69.9165
68.85,42.825,268.8941,-7.79625,69.9241
68.8695,44.183,268.7771,-3.898125,69.9425
68.889,45.542,268.6602,0,69.9608
68.9022,46.462,268.5836,0,69.9683
68.9154,47.383,268.507,0,69.9759
68.9286,48.303,268.4303,0,69.9834
68.9418,49.224,268.3537,0,69.9909
68.955,50.144,268.2771,0,69.9984
68.9715,51.296,268.1838,0,70.0154
68.988,52.447,268.0906,0,70.0323
69.006,53.704,267.9902,0,70.0716
69.0195,54.647,267.9166,0,70.0783
69.033,55.59,267.843,0,70.0849
69.0465,56.533,267.7693,0,70.0915
69.06,57.476,267.6957,0,70.0981
69.0735,58.419,267.6221,0,70.1047
69.087,59.362,267.5485,0,70.1113
69.1035,60.516,267.4607,0,70.1317
69.12,61.67,267.3729,0,70.1521
69.132,62.509,267.31,0,70.1591
69.144,63.349,267.2471,0,70.1661
69.156,64.188,267.1841,0,70.173
69.168,65.028,267.1212,0,70.18
69.18,65.867,267.0582,0,70.187
69.194,66.847,266.9855,0,70.1995
69.208,67.828,266.9129,0,70.212
69.222,68.808,266.8402,0,70.2245
69.24,70.069,266.7471,-0.51975,70.238
69.258,71.329,266.654,-1.0395,70.2514
69.276,72.59,266.5609,-1.55925,70.2649
69.287,73.361,266.5042,-2.268,70.2771
69.298,74.132,266.4475,-2.97675,70.2893
69.309,74.903,266.3908,-3.6855,70.3015
69.33,76.375,266.2829,-5.9535,70.3389
69.343,77.287,266.2169,-4.96125,70.3452
69.356,78.199,266.1509,-3.969,70.3514
69.369,79.111,266.085,-2.97675,70.3577
69.382,80.023,266.019,-1.9845,70.364
69.395,80.935,265.953,-0.99225,70.3702
69.408,81.847,265.8871,0,70.3764
69.426,83.111,265.7972,0,70.3944
69.444,84.375,265.7073,0,70.4122
69.4572,85.302,265.6423,0,70.4201
69.4704,86.229,265.5774,0,70.4279
69.4836,87.157,265.5125,0,70.4357
69.4968,88.084,265.4475,0,70.4435
69.51,89.011,265.3826,0,70.4513
69.5265,90.171,265.3027,0,70.4696
69.543,91.331,265.2228,0,70.4878
69.558,92.386,265.1513,0,70.4973
69.573,93.441,265.0797,0,70.5068
69.588,94.496,265.0081,0,70.5163
69.603,95.551,264.9366,0,70.5258
69.614,96.326,264.8848,0,70.5372
69.625,97.1,264.8329,0,70.5487
69.636,97.874,264.7811,0,70.5601
69.654,99.141,264.697,0,70.5791
69.672,100.409,264.6129,0,70.5982
69.684,101.254,264.5572,0,70.6052
69.696,102.099,264.5016,0,70.6123
69.708,102.945,264.4459,0,70.6194
69.72,103.79,264.3903,0,70.6264
69.732,104.636,264.3346,0,70.6335
69.747,105.693,264.2654,0,70.6521
69.762,106.75,264.1962,0,70.6707
69.7777,107.861,264.1239,0,70.6803
69.7935,108.972,264.0515,0,70.6899
69.8092,110.082,263.9792,0,70.6995
69.825,111.193,263.9068,0,70.7091
69.8415,112.357,263.8312,0,70.728
69.858,113.522,263.7556,0,70.7469
69.8706,114.411,263.6978,0,70.7542
69.8832,115.301,263.6401,0,70.7614
69.8958,116.19,263.5823,0,70.7687
69.9084,117.08,263.5246,0,70.776
69.921,117.969,263.4668,0,70.7832
69.939,119.241,263.3843,0,70.803
69.957,120.512,263.3017,0,70.8228
69.9702,121.445,263.2411,0.0567,70.8301
69.9834,122.378,263.1805,0.1134,70.8374
69.9966,123.311,263.1199,0.1701,70.8447
70.0098,124.244,263.0593,0.2268,70.852
70.023,125.177,262.9987,0.2835,70.8593
70.0395,126.344,262.9228,1.346625,70.8768
70.056,127.511,262.8469,2.40975,70.8943
70.0703,128.519,262.7809,2.97675,70.9034
70.0845,129.527,262.715,3.54375,70.9125
70.0987,130.535,262.6491,4.11075,70.9216
70.113,131.544,262.5832,4.67775,70.9307
70.127,132.535,262.5175,5.3865,70.9425
70.141,133.526,262.4518,6.09525,70.9542
70.155,134.517,262.3862,6.804,70.9659
70.168,135.437,262.3239,4.536,70.9785
70.181,136.358,262.2617,2.268,70.991
70.194,137.278,262.1995,0,71.0035
70.206,138.128,262.1402,0,71.0103
70.218,138.978,262.081,0,71.017
70.23,139.828,262.0217,0,71.0237
70.242,140.678,261.9625,0,71.0304
70.254,141.529,261.9032,0,71.0371
70.272,142.804,261.8114,0,71.0486
70.29,144.08,261.7196,0,71.0602
70.308,145.356,261.6277,0,71.0717
70.317,145.994,261.581,0,71.09
70.326,146.632,261.5342,0,71.1083
70.341,147.695,261.4546,0,71.1153
70.356,148.759,261.375,0,71.1223
70.371,149.823,261.2954,0,71.1293
70.386,150.887,261.2158,0,71.1363
70.401,151.95,261.1362,0,71.1433
70.417,153.086,261.0493,0.189,71.1559
70.433,154.221,260.9624,0.378,71.1685
70.449,155.356,260.8755,0.567,71.1811
70.461,156.208,260.8096,1.37025,71.1935
70.473,157.06,260.7437,2.1735,71.2058
70.485,157.911,260.6778,2.97675,71.2181
70.4993,158.923,260.5985,3.650049,71.2285
70.5135,159.935,260.5192,4.323375,71.2389
70.5277,160.947,260.44,4.996674,71.2493
70.542,161.959,260.3607,5.67,71.2596
70.5563,162.971,260.2799,4.2525,71.2689
70.5705,163.984,260.1991,2.835,71.2781
70.5847,164.996,260.1183,1.4175,71.2873
70.599,166.009,260.0375,0,71.2965
70.612,166.933,259.9625,0,71.3086
70.625,167.857,259.8874,0,71.3207
70.638,168.781,259.8124,0,71.3328
70.6515,169.74,259.7332,0,71.3415
70.665,170.7,259.6539,0,71.3503
70.6785,171.66,259.5747,0,71.359
70.692,172.62,259.4954,0,71.3677
70.706,173.616,259.4118,0,71.3795
70.72,174.612,259.3283,0,71.3913
70.734,175.607,259.2447,0,71.4031
70.7475,176.568,259.1631,0,71.411
70.761,177.529,259.0815,0,71.419
70.7745,178.489,258.9998,0,71.4269
70.788,179.45,258.9182,0,71.4349
70.803,180.518,258.8266,0.23625,71.4469
70.818,181.586,258.735,0.4725,71.459
70.833,182.654,258.6434,0.70875,71.4711
70.846,183.579,258.5634,1.46475,71.4827
70.859,184.505,258.4835,2.22075,71.4944
70.872,185.431,258.4035,2.97675,71.5061
70.887,186.5,258.3105,3.73275,71.5182
70.902,187.568,258.2174,4.48875,71.5303
70.917,188.637,258.1243,5.24475,71.5424
70.9305,189.599,258.0392,5.776299,71.5502
70.944,190.561,257.9541,6.307875,71.5579
70.9575,191.524,257.8691,6.839424,71.5657
70.971,192.486,257.784,7.371,71.5734
70.987,193.627,257.6812,8.127,71.5839
71.003,194.767,257.5784,8.883,71.5943
71.019,195.908,257.4756,9.639,71.6048
71.034,196.978,257.3775,9.21375,71.6351
71.0465,197.869,257.2929,7.678125,71.6406
71.059,198.761,257.2083,6.1425,71.6461
71.0715,199.652,257.1237,4.606875,71.6516
71.084,200.543,257.0391,3.07125,71.657
71.0965,201.435,256.9545,1.535625,71.6625
71.109,202.326,256.8699,0,71.6679
71.125,203.468,256.7562,0,71.6777
71.141,204.609,256.6426,0,71.6875
71.157,205.75,256.5289,0,71.6973
71.178,207.248,256.3758,0,71.7271
71.1905,208.14,256.2821,0,71.7327
71.203,209.032,256.1884,0,71.7384
71.2155,209.923,256.0948,0,71.744
71.228,210.815,256.001,0,71.7496
71.2405,211.707,255.9073,0,71.7552
71.253,212.599,255.8136,0,71.7608
71.271,213.883,255.6753,0,71.7781
71.289,215.168,255.5369,0,71.7952
71.301,216.024,255.4431,0,71.802
71.313,216.881,255.3493,0,71.8088
71.325,217.737,255.2555,0,71.8156
71.337,218.594,255.1618,0,71.8223
71.349,219.45,255.068,0,71.829
71.3655,220.629,254.9374,0,71.846
71.382,221.807,254.8069,0,71.8629
71.4,223.092,254.6639,0,71.8933
71.4135,224.057,254.5561,0.2835,71.899
71.427,225.022,254.4484,0.567,71.9046
71.4405,225.986,254.3406,0.8505,71.9102
71.454,226.951,254.2328,1.134,71.9158
71.4675,227.915,254.125,1.4175,71.9215
71.481,228.88,254.0173,1.701,71.9271
71.496,229.952,253.897,2.764125,71.9448
71.511,231.024,253.7768,3.82725,71.9625
71.523,231.882,253.6801,3.0618,71.9694
71.535,232.741,253.5834,2.29635,71.9762
71.547,233.599,253.4866,1.5309,71.9831
71.559,234.457,253.3899,0.76545,71.99
71.571,235.315,253.2932,0,71.9968
71.5845,236.281,253.184,0,72.012
71.598,237.247,253.0747,0,72.0273
71.6138,238.374,252.9468,0,72.0356
71.6295,239.501,252.8188,0,72.0439
71.6452,240.628,252.6909,0,72.0522
71.661,241.756,252.5629,0,72.0605
71.672,242.543,252.4732,0,72.072
71.683,243.331,252.3835,0,72.0835
71.694,244.118,252.2937,0,72.095
71.7084,245.15,252.1757,-0.3402,72.1015
71.7228,246.181,252.0577,-0.6804,72.1079
71.7372,247.213,251.9397,-1.0206,72.1144
71.7516,248.245,251.8217,-1.3608,72.1208
71.766,249.276,251.7037,-1.701,72.1273
71.784,250.566,251.556,-1.204875,72.161
71.802,251.856,251.4083,-0.7087473,72.1946
71.8157,252.84,251.2963,-0.6074973,72.1988
71.8294,253.823,251.1843,-0.5062473,72.203
71.8431,254.807,251.0723,-0.4049973,72.2073
71.8569,255.791,250.9603,-0.30375,72.2114
71.8706,256.774,250.8483,-0.20249919,72.2156
71.8843,257.758,250.7363,-0.10124973,72.2198
71.898,258.741,250.6243,0,72.224
71.91,259.603,250.5272,0,72.2315
71.922,260.464,250.43,0,72.2391
71.934,261.326,250.3329,0,72.2466
71.946,262.187,250.2358,0,72.2541
71.959,263.12,250.1313,-0.0945,72.2657
71.972,264.054,250.0268,-0.189,72.2773
71.985,264.988,249.9223,-0.2835,72.2888
71.9993,266.012,249.8087,-0.8150625,72.2969
72.0135,267.036,249.6951,-1.346625,72.305
72.0277,268.06,249.5815,-1.8781875,72.3131
72.042,269.084,249.4679,-2.40975,72.3213
72.06,270.378,249.3255,-4.67775,72.3531
72.0744,271.414,249.213,-3.7422,72.3589
72.0888,272.449,249.1005,-2.80665,72.3646
72.1032,273.485,248.988,-1.8711,72.3704
72.1176,274.521,248.8755,-0.93555,72.3762
72.132,275.557,248.763,0,72.382
72.143,276.349,248.6784,0,72.3932
72.154,277.14,248.5938,0,72.4045
72.165,277.932,248.5092,0,72.4157
72.1793,278.958,248.4008,0,72.4241
72.1935,279.985,248.2924,0,72.4325
72.2077,281.011,248.184,0,72.4409
72.222,282.037,248.0756,0,72.4493
72.237,283.118,247.9627,0,72.4641
72.252,284.199,247.8499,0,72.4788
72.2677,285.335,247.7328,0,72.4877
72.2835,286.47,247.6158,0,72.4965
72.2993,287.606,247.4987,0,72.5053
72.315,288.741,247.3816,0,72.5141
72.325,289.463,247.308,0,72.5246
72.335,290.184,247.2344,0,72.5351
72.345,290.906,247.1608,0,72.5455
72.3607,292.043,247.0457,-0.14175,72.5529
72.3765,293.179,246.9306,-0.2835,72.5603
72.3923,294.316,246.8155,-0.42525,72.5676
72.408,295.453,246.7004,-0.567,72.575
72.423,296.536,246.5914,-1.630125,72.5911
72.438,297.619,246.4824,-2.69325,72.6072
72.4506,298.53,246.3913,-3.14685,72.6139
72.4632,299.44,246.3003,-3.60045,72.6207
72.4758,300.35,246.2092,-4.05405,72.6274
72.4884,301.261,246.1182,-4.50765,72.6341
72.501,302.171,246.0272,-4.96125,72.6408
72.5175,303.364,245.9091,-2.480625,72.6554
72.534,304.557,245.791,0,72.6699
72.5466,305.468,245.7016,0,72.676
72.5592,306.379,245.6123,0,72.6822
72.5718,307.291,245.5229,0,72.6883
72.5844,308.202,245.4335,0,72.6945
72.597,309.113,245.3441,0,72.7006
72.609,309.982,245.2597,0,72.7108
72.621,310.85,245.1753,0,72.7209
72.633,311.719,245.0908,0,72.731
72.6495,312.913,244.9757,0,72.7393
72.666,314.108,244.8606,0,72.7476
72.6825,315.303,244.7454,0,72.7559
72.699,316.497,244.6303,0,72.7642
72.708,317.149,244.5679,0,72.7796
72.717,317.801,244.5056,0,72.7949
72.7327,318.943,244.3971,0,72.8029
72.7485,320.084,244.2885,0,72.8109
72.7643,321.226,244.18,0,72.8188
72.78,322.367,244.0715,0,72.8268
72.7943,323.4,243.974,-0.2835,72.8345
72.8085,324.434,243.8765,-0.567,72.8422
72.8227,325.467,243.779,-0.8505,72.8498
72.837,326.5,243.6815,-1.134,72.8575
72.848,327.298,243.6065,-1.89,72.8687
72.859,328.096,243.5316,-2.646,72.8798
72.87,328.894,243.4566,-3.402,72.891
72.8856,330.07,243.347,-2.7216,72.9005
72.9012,331.246,243.2374,-2.0412,72.91
72.9168,332.422,243.1278,-1.3608,72.9194
72.9324,333.598,243.0182,-0.6804,72.9289
72.948,334.774,242.9086,0,72.9384
72.9612,335.69,242.8242,0,72.9496
72.9744,336.605,242.7397,0,72.9609
72.9876,337.52,242.6553,0,72.9722
73.0008,338.436,242.5708,0,72.9835
73.014,339.351,242.4864,0,72.9948
73.0278,340.354,242.3947,0,73.0006
73.0416,341.358,242.303,0,73.0064
73.0554,342.361,242.2114,0,73.0123
73.0692,343.364,242.1197,0,73.0181
73.083,344.367,242.028,0,73.0239
73.093,345.094,241.962,0,73.0345
73.103,345.822,241.896,0,73.0451
73.113,346.549,241.8299,0,73.0557
73.128,347.641,241.7313,0,73.063
73.143,348.732,241.6327,0,73.0704
73.158,349.823,241.534,0,73.0778
73.173,350.915,241.4354,0,73.0852
73.1865,352.007,241.337,0,73.1015
73.2,353.099,241.2387,0,73.1178
73.2157,354.191,241.1405,0,73.1252
73.2315,355.283,241.0423,0,73.1325
73.2473,356.376,240.9441,0,73.1399
73.263,357.468,240.8459,0,73.1472
73.273,358.197,240.7805,0,73.1579
73.283,358.925,240.7151,0,73.1686
73.293,359.654,240.6497,0,73.1793
73.3087,360.802,240.5467,0,73.1863
73.3245,361.95,240.4437,0,73.1933
73.3403,363.098,240.3407,0,73.2002
73.356,364.246,240.2377,0,73.2072
73.367,365.048,240.1657,0.189,73.2178
73.378,365.85,240.0938,0.378,73.2284
73.389,366.652,240.0218,0.567,73.239
73.4028,367.659,239.9315,0.99225,73.2448
73.4166,368.665,239.8412,1.4175,73.2506
73.4304,369.672,239.7509,1.84275,73.2564
73.4442,370.679,239.6606,2.268,73.2623
73.458,371.686,239.5702,2.69325,73.2681
73.4745,372.89,239.4617,3.82725,73.2834
73.491,374.094,239.3532,4.96125,73.2987
73.506,375.189,239.254,6.09525,73.3141
73.521,376.284,239.1548,7.22925,73.3295
73.5345,377.27,239.0638,6.024375,73.334
73.548,378.256,238.9729,4.8195,73.3385
73.5615,379.241,238.882,3.614625,73.3429
73.575,380.227,238.7911,2.4097473,73.3474
73.5885,381.213,238.7002,1.204875,73.3519
73.602,382.199,238.6092,0,73.3564
73.615,383.148,238.5199,0,73.3662
73.628,384.098,238.4306,0,73.376
73.641,385.048,238.3413,0,73.3859
73.655,386.071,238.2438,0,73.3956
73.669,387.093,238.1462,0,73.4054
73.683,388.116,238.0487,0,73.4152
73.6965,389.103,237.9533,0,73.423
73.71,390.09,237.8578,0,73.4309
73.7235,391.076,237.7623,0,73.4388
73.737,392.063,237.6668,0,73.4466
73.746,392.721,237.6025,0,73.4607
73.755,393.379,237.5382,0,73.4747
73.7694,394.432,237.4343,0,73.481
73.7838,395.484,237.3305,0,73.4872
73.7982,396.537,237.2266,0,73.4935
73.8126,397.59,237.1228,0,73.4998
73.827,398.643,237.0189,0,73.5061
73.845,399.96,236.888,0,73.5208
73.863,401.277,236.7571,0,73.5355
73.8744,402.111,236.6738,0,73.5412
73.8858,402.945,236.5904,0,73.547
73.8972,403.779,236.5071,0,73.5527
73.9086,404.613,236.4238,0,73.5584
73.92,405.448,236.3405,0,73.5641
73.9335,406.436,236.2415,0,73.5713
73.947,407.424,236.1424,0,73.5785
73.9605,408.413,236.0434,0,73.5856
73.974,409.401,235.9444,0,73.5928
73.989,410.499,235.8341,0,73.602
74.004,411.598,235.7239,0,73.6112
74.019,412.696,235.6137,0,73.6204
74.033,413.722,235.5107,-0.378,73.6308
74.047,414.748,235.4077,-0.756,73.6412
74.061,415.773,235.3047,-1.134,73.6515
74.0737,416.708,235.2109,-1.6655625,73.6586
74.0865,417.642,235.1171,-2.197125,73.6658
74.0993,418.577,235.0234,-2.728674,73.6729
74.112,419.511,234.9296,-3.26025,73.68
74.127,420.611,234.8196,-2.1735,73.6897
74.142,421.711,234.7096,-1.08675,73.6995
74.157,422.811,234.5996,0,73.7092
74.171,423.838,234.4973,0,73.7192
74.185,424.865,234.395,0,73.7291
74.199,425.892,234.2927,0,73.7391
74.2103,426.717,234.2108,0,73.7457
74.2215,427.543,234.1289,0,73.7523
74.2327,428.369,234.047,0,73.7589
74.244,429.194,233.965,0,73.7656
74.259,430.295,233.8562,0,73.7733
74.274,431.397,233.7474,0,73.7811
74.289,432.498,233.6386,0,73.7889
74.304,433.599,233.5297,0,73.7967
74.3205,434.811,233.4104,0,73.8106
74.337,436.023,233.2911,0,73.8246
74.349,436.905,233.2046,0,73.8335
74.361,437.786,233.118,0,73.8423
74.373,438.668,233.0315,0,73.8512
74.3868,439.683,232.9322,0,73.8571
74.4006,440.697,232.833,0,73.8629
74.4144,441.711,232.7338,0,73.8688
74.4282,442.726,232.6345,0,73.8747
74.442,443.74,232.5353,0,73.8806
74.457,444.843,232.4276,0,73.8911
74.472,445.946,232.3198,0,73.9017
74.487,447.049,232.2121,0,73.9122
74.5,448.006,232.1187,0,73.9204
74.513,448.962,232.0253,0,73.9286
74.526,449.919,231.9319,0,73.9368
74.5374,450.758,231.85,0,73.943
74.5488,451.597,231.7682,0,73.9492
74.5602,452.436,231.6863,0,73.9554
74.5716,453.275,231.6044,0,73.9616
74.583,454.114,231.5225,0,73.9677
74.601,455.439,231.3933,0,73.9917
74.6142,456.411,231.2985,0,73.9976
74.6274,457.383,231.2038,0,74.0034
74.6406,458.355,231.109,0,74.0093
74.6538,459.328,231.0142,0,74.0151
74.667,460.3,230.9195,0,74.021
74.682,461.405,230.8118,0,74.0367
74.697,462.51,230.704,0,74.0524
74.7096,463.439,230.6135,0,74.0581
74.7222,464.367,230.523,0,74.0638
74.7348,465.296,230.4324,0,74.0695
74.7474,466.225,230.3419,0,74.0752
74.76,467.153,230.2513,0,74.0808
74.775,468.259,230.1435,0,74.0929
74.79,469.365,230.0357,0,74.1049
74.8032,470.339,229.9409,0,74.1109
74.8164,471.313,229.846,0,74.1169
74.8296,472.286,229.7512,0,74.1228
74.8428,473.26,229.6564,0,74.1288
74.856,474.233,229.5615,0,74.1348
74.8725,475.451,229.4428,0,74.1305
74.889,476.669,229.3241,0,74.1262
74.901,477.553,229.2378,0,74.0997
74.913,478.438,229.1515,0,74.0731
74.925,479.323,229.0651,0,74.0465
74.937,480.208,228.9788,0,74.0199
74.949,481.093,228.8925,0,73.9933
74.965,482.271,228.7777,0,73.9513
74.981,483.448,228.6628,0,73.9092
74.997,484.626,228.5479,0,73.8671
75.011,485.654,228.4476,0,73.8229
75.025,486.683,228.3472,0,73.7786
75.039,487.712,228.2468,0,73.7344
75.0525,488.702,228.1501,0,73.7015
75.066,489.692,228.0535,0,73.6685
75.0795,490.682,227.9569,0,73.6356
75.093,491.672,227.8602,0,73.6027
75.105,492.551,227.7744,0,73.4334
75.117,493.43,227.6887,0,73.264
75.1308,494.434,227.5906,0,73.0955
75.1446,495.438,227.4926,0,72.9268
75.1584,496.443,227.3945,0,72.7582
75.1722,497.447,227.2965,0,72.5894
75.186,498.452,227.1984,0,72.4207
75.198,499.312,227.1144,0,72.1991
75.21,500.172,227.0304,0,71.9775
75.222,501.032,226.9464,0,71.7559
75.234,501.893,226.8624,0,71.5342
75.248,502.884,226.7657,0,71.2206
75.262,503.876,226.6689,0,70.907
75.276,504.867,226.5721,0,70.5935
75.294,506.128,226.4491,0,70.1534
75.312,507.389,226.326,0,69.7133
75.325,508.291,226.238,0,69.3161
75.338,509.192,226.15,0,68.9189
75.351,510.093,226.062,0,68.5216
75.365,511.047,225.9688,0,68.406
75.379,512.001,225.8756,0,68.2904
75.393,512.955,225.7824,0,68.1747
75.407,513.909,225.6891,0,68.0591
75.421,514.863,225.5959,0,67.9434
75.435,515.817,225.5027,0,67.8278
75.45,516.829,225.4035,0,67.793
75.465,517.841,225.3043,0,67.758
75.48,518.853,225.2052,0,67.723
75.501,520.267,225.0662,0,67.6676
75.522,521.682,224.9272,0,67.6121
75.5348,522.539,224.8427,0,67.5838
75.5475,523.397,224.7582,0,67.5555
75.5602,524.254,224.6737,0,67.5272
75.573,525.112,224.5892,0,67.4989
75.591,526.321,224.4697,0,67.3967
75.606,527.327,224.3701,0,67.3783
75.621,528.333,224.2705,0,67.36
75.636,529.339,224.1708,0,67.3417
75.651,530.345,224.0712,0,67.3234
75.666,531.351,223.9716,0,67.3051
75.681,532.355,223.872,0,67.2663
75.696,533.36,223.7724,0,67.2274
75.7117,534.413,223.6678,0,67.2141
75.7275,535.466,223.5633,0,67.2007
75.7433,536.52,223.4587,0,67.1874
75.759,537.573,223.3541,0,67.174
75.7725,538.476,223.2645,0,67.1723
75.786,539.378,223.1748,0,67.1706
75.801,540.381,223.075,0,67.1771
75.816,541.383,222.9753,0,67.1836
75.831,542.386,222.8755,0,67.1901
75.846,543.389,222.7758,0,67.1966
75.861,544.392,222.6759,0,67.2126
75.876,545.395,222.576,0,67.2285
75.889,546.264,222.4894,0,67.2339
75.902,547.134,222.4028,0,67.2393
75.915,548.004,222.3162,0,67.2447
75.928,548.874,222.2296,0,67.2501
75.941,549.743,222.143,0,67.2555
75.954,550.613,222.0564,0,67.2609
75.969,551.617,221.9564,0,67.3015
75.9847,552.672,221.8513,0,67.3107
76.0005,553.727,221.7462,0,67.32
76.0163,554.782,221.6411,0,67.3293
76.032,555.836,221.5361,0,67.3385
76.0485,556.942,221.4259,0,67.3591
76.065,558.048,221.3158,0,67.3797
76.0807,559.104,221.2105,0,67.3894
76.0965,560.16,221.1052,0,67.3991
76.1123,561.216,220.9999,0,67.4089
76.128,562.272,220.8946,0,67.4186
76.139,563.01,220.8209,0,67.4329
76.15,563.748,220.7473,0,67.4473
76.161,564.486,220.6736,0,67.4616
76.1775,565.593,220.5631,0,67.4713
76.194,566.701,220.4525,0,67.4811
76.2105,567.809,220.3419,0,67.4908
76.227,568.916,220.2314,0,67.5005
76.242,569.924,220.1309,0,67.523
76.257,570.932,220.0303,0,67.5454
76.2735,572.041,219.9196,0,67.5562
76.29,573.15,219.8089,0,67.567
76.3065,574.259,219.6982,0,67.5777
76.323,575.368,219.5875,0,67.5885
76.335,576.176,219.5068,0,67.6034
76.347,576.983,219.4261,0,67.6183
76.359,577.79,219.3455,0,67.6332
76.374,578.8,219.2446,0,67.6439
76.389,579.809,219.1437,0,67.6545
76.404,580.819,219.0427,0,67.6651
76.419,581.829,218.9418,0,67.6757
76.431,582.637,218.8611,0,67.6961
76.443,583.445,218.7804,0,67.7164
76.4595,584.557,218.6693,0,67.7043
76.476,585.668,218.5582,0,67.6921
76.4925,586.78,218.4472,0,67.6799
76.509,587.892,218.3361,0,67.6677
76.525,588.968,218.2285,0,67.6247
76.541,590.045,218.1209,0,67.5816
76.557,591.121,218.0133,0,67.5386
76.572,592.129,217.9126,0,67.5043
76.587,593.136,217.8118,0,67.47
76.602,594.143,217.7111,0,67.4356
76.617,595.151,217.6103,0,67.4013
76.6275,595.855,217.5399,0,67.3445
76.638,596.559,217.4695,0,67.2877
76.6536,597.603,217.3651,0,67.213
76.6692,598.647,217.2607,0,67.1383
76.6848,599.691,217.1564,0,67.0636
76.7004,600.735,217.052,0,66.9889
76.716,601.779,216.9476,0,66.9142
76.7325,602.874,216.838,0,66.5106
76.749,603.969,216.7284,0,66.1068
76.7633,604.903,216.6349,0,65.8724
76.7775,605.837,216.5413,0,65.6381
76.7917,606.771,216.4478,0,65.4037
76.806,607.705,216.3543,0,65.1692
76.821,608.674,216.2573,0,64.8647
76.836,609.642,216.1603,0,64.5603
76.851,610.611,216.0633,0,64.2558
76.867,611.63,215.9611,0,63.981
76.883,612.649,215.8589,0,63.7062
76.899,613.668,215.7568,0,63.4313
76.917,614.798,215.6432,0,63.1385
76.935,615.927,215.5296,0,62.8457
76.953,617.057,215.4161,0,62.553
76.968,617.985,215.3226,0,62.2581
76.983,618.913,215.2291,0,61.9632
76.998,619.841,215.1356,0,61.6684
77.013,620.756,215.0432,0,61.3809
77.028,621.671,214.9507,0,61.0934
77.043,622.586,214.8583,0,60.8059
77.061,623.668,214.7486,0,60.5043
77.079,624.749,214.6388,0,60.2026
77.097,625.83,214.5291,0,59.9009
77.111,626.659,214.4446,0,59.6337
77.125,627.488,214.36,0,59.3664
77.139,628.316,214.2755,0,59.0992
77.1585,629.457,214.1586,0,58.6714
77.178,630.597,214.0418,0,58.2436
77.194,631.52,213.9467,0,57.9345
77.21,632.443,213.8516,0,57.6254
77.226,633.366,213.7565,0,57.3164
77.245,634.443,213.6447,0,57.0451
77.264,635.52,213.533,0,56.7739
77.283,636.597,213.4213,0,56.5026
77.2995,637.519,213.325,0,56.1097
77.316,638.442,213.2288,0,55.7168
77.334,639.435,213.1245,0,55.4518
77.352,640.428,213.0202,0,55.1868
77.37,641.422,212.9159,0,54.9218
77.391,642.562,212.7953,0,54.4775
77.412,643.703,212.6747,0,54.0331
77.43,644.665,212.5725,0,53.7492
77.448,645.626,212.4702,0,53.4653
77.466,646.588,212.3679,0,53.1814
77.49,647.852,212.2327,0,52.3207
77.5072,648.747,212.1361,0,52.1491
77.5245,649.642,212.0395,0,51.9775
77.5417,650.538,211.9429,0,51.8059
77.559,651.433,211.8464,0,51.6343
77.5755,652.276,211.7546,0,51.257
77.592,653.119,211.6628,0,50.8796
77.612,654.126,211.5526,0,50.6292
77.632,655.134,211.4423,0,50.3788
77.652,656.141,211.3321,0,50.1284
77.676,657.328,211.201,0,49.7058
77.7,658.515,211.0699,0,49.2831
77.721,659.541,210.9557,0,48.5195
77.7405,660.479,210.85,0,48.3254
77.76,661.417,210.7444,0,48.1312
77.7795,662.355,210.6388,0,47.937
77.799,663.293,210.5331,0,47.7429
77.8185,664.212,210.4284,0,46.9654
77.838,665.131,210.3237,0,46.1878
77.8613,666.201,210.2003,0,46.0053
77.8845,667.272,210.077,0,45.8227
77.9077,668.342,209.9536,0,45.6402
77.931,669.412,209.8302,0,45.4576
77.9505,670.289,209.728,0,45.0714
77.97,671.166,209.6258,0,44.6851
77.991,672.093,209.5169,0,44.4376
78.012,673.02,209.408,0,44.19
78.033,673.948,209.2991,0,43.9424
78.069,675.51,209.1143,0,43.2579
78.087,676.281,209.0225,0,42.8983
78.105,677.052,208.9308,0,42.5387
78.128,678.019,208.8146,1.5310242,42.31
78.151,678.987,208.6984,3.062043,42.0813
78.174,679.954,208.5823,4.593078,41.8526
78.204,681.193,208.4318,9.654444,41.0761
78.234,682.409,208.2815,4.827222,40.7045
78.264,683.626,208.1312,0,40.3329
78.279,684.224,208.0562,0,40.0032
78.294,684.822,207.9811,0,39.6735
78.327,686.117,207.8165,0,39.3674
78.36,687.411,207.652,0,39.0613
78.3765,688.047,207.5703,0,38.7146
78.393,688.683,207.4885,0,38.3679
78.4215,689.762,207.3485,0,38.0071
78.45,690.841,207.2085,0,37.6464
78.492,692.407,207.0028,0,37.5764
78.5205,693.468,206.8615,0,37.5617
78.549,694.529,206.7202,0,37.5469
78.5715,695.366,206.6076,0,37.5302
78.594,696.203,206.495,0,37.5135
78.6135,696.927,206.397,0,37.48
78.633,697.652,206.299,0,37.4465
78.681,699.432,206.0574,5.295348,37.3982
78.702,700.211,205.9513,10.978011,37.3618
78.726,701.099,205.8285,13.002498,37.3453
78.75,701.987,205.7057,15.026985,37.3288
78.774,702.875,205.5829,17.051499,37.3122
78.801,703.872,205.4403,19.904616,37.2866
78.828,704.869,205.2977,22.757733,37.261
78.87,706.416,205.0671,28.85868,37.203
78.8895,707.132,204.9553,31.91697,37.1728
78.909,707.849,204.8434,34.97526,37.1424
78.945,709.168,204.627,40.72437,37.0814
78.972,710.153,204.4503,43.41627,37.0492
78.999,711.138,204.2735,46.10817,37.0169
79.026,712.123,204.0968,48.7998,36.9846
79.0425,712.721,203.979,51.69447,36.946
79.059,713.32,203.8613,54.58914,36.9073
79.098,714.729,203.5668,60.78591,36.8148
79.1325,715.967,203.2835,63.89658,36.7646
79.167,717.205,203.0001,67.00698,36.714
79.191,718.059,202.7846,69.9354,36.6605
79.215,718.913,202.5691,72.86382,36.6066
79.236,719.654,202.3672,75.80574,36.5452
79.257,720.396,202.1653,78.74766,36.4834
79.302,721.971,201.7041,85.05702,36.3402
79.326,722.803,201.4412,73.48725,36.2647
79.35,723.635,201.1783,61.91748,36.1889
79.3755,724.508,200.88,42.78096,36.1229
79.401,725.382,200.5817,23.644845,36.0566
79.428,726.296,200.2453,11.822409,35.9954
79.455,727.21,199.909,0,35.9339
79.485,728.216,199.5186,0,35.8305
79.515,729.211,199.1102,0,35.7809
79.545,730.207,198.7019,0,35.7312
79.578,731.29,198.2326,0,35.6544
79.608,732.264,197.7883,0,35.6262
79.638,733.238,197.344,0,35.5972
79.653,733.72,197.1137,0,35.5829
79.668,734.202,196.8833,0,35.5676
79.701,735.253,196.3592,1.6377228,35.5725
79.734,736.303,195.835,3.275451,35.5763
79.764,737.252,195.3445,9.81639,35.6567
79.7925,738.151,194.8684,12.869955,35.7154
79.821,739.05,194.3923,15.923547,35.7736
79.857,740.184,193.7791,21.998844,35.9011
79.875,740.751,193.4695,28.44261,36.0402
79.905,741.695,192.9424,30.57777,36.0864
79.935,742.639,192.4153,32.7132,36.1326
79.965,743.583,191.8882,34.84836,36.1788
79.9845,744.195,191.5357,38.03193,36.2473
80.004,744.807,191.1831,41.2155,36.3159
80.049,746.216,190.3522,47.55672,36.3143
80.0775,747.099,189.8134,50.53617,36.2791
80.106,747.981,189.2747,53.51562,36.2437
80.127,748.626,188.8701,60.69141,36.1465
80.151,749.353,188.3962,62.42535,36.1203
80.175,750.079,187.9224,64.15902,36.094
80.199,750.806,187.4485,65.89296,36.0675
80.244,752.143,186.53063,71.91639,35.968
80.262,752.669,186.15506,75.14289,35.9116
80.28,753.196,185.77949,78.36912,35.8549
80.319,754.312,184.93875,84.66066,35.7519
80.358,755.428,184.09802,90.95247,35.6473
80.384,756.147,183.5131,93.12948,35.6195
80.41,756.867,182.92818,95.30676,35.5916
80.436,757.587,182.34325,97.48377,35.5635
80.457,758.154,181.85548,100.55124,35.5537
80.478,758.72,181.36771,103.61844,35.5437
80.514,759.677,180.51399,110.15703,35.5811
80.544,760.46,179.78472,113.41971,35.6016
80.574,761.243,179.05545,116.68239,35.6221
80.616,762.317,178.008702,113.91408,35.66
80.643,762.994,177.320398,93.50208,35.6858
80.67,763.671,176.632095,73.09008,35.7115
80.688,764.114,176.163446,53.95383,35.7421
80.706,764.556,175.6948,34.81758,35.7727
80.757,765.786,174.33997,0,35.8591
80.7765,766.247,173.81139,0,35.9123
80.796,766.708,173.28281,0,35.9654
80.8245,767.367,172.49415,3.005019,36.0288
80.853,768.027,171.70549,6.010011,36.0916
80.895,768.977,170.51914,12.390246,36.2299
80.9205,769.542,169.78568,15.365376,36.2967
80.946,770.107,169.05222,18.340506,36.3625
80.967,770.563,168.43805,21.497211,36.4326
80.988,771.02,167.82388,24.653943,36.5019
81.03,771.917,166.5784,30.53916,36.6402
81.0585,772.515,165.7206,33.65928,36.7138
81.087,773.114,164.8628,36.77913,36.7873
81.105,773.487,164.3154,42.9813,36.9231
81.131,774.018,163.5145,44.90856,36.9658
81.157,774.548,162.7136,46.83555,37.0086
81.183,775.079,161.9127,48.76281,37.0513
81.222,775.857,160.6922,54.89505,37.1803
81.258,776.562,159.5536,60.61338,37.2958
81.284,777.055,158.7197,64.68444,37.2275
81.31,777.548,157.8858,68.7555,37.1589
81.336,778.041,157.0519,72.82629,37.0901
81.363,778.521,156.1733,74.74815,37.0517
81.39,779.001,155.2946,76.66974,37.0131
81.417,779.481,154.416,78.5916,36.9744
81.45,780.038,153.3313,84.77244,36.8414
81.4785,780.498,152.388,87.87987,36.7693
81.507,780.958,151.4447,90.9873,36.6968
81.5295,781.302,150.6947,93.91761,36.623
81.552,781.647,149.9446,96.84792,36.5487
81.5775,782.016,149.0896,99.99342,36.465
81.603,782.386,148.2345,103.13865,36.3808
81.636,782.84,147.1228,109.07379,36.2228
81.6645,783.211,146.1587,112.2606,36.1331
81.693,783.582,145.1946,115.44714,36.0431
81.723,783.95,144.1763,121.46517,35.8656
81.753,784.295,143.1551,124.69842,35.7724
81.783,784.64,142.1339,127.93167,35.6789
81.816,784.993,141.0078,134.03853,35.5063
81.839,785.218,140.2215,136.2258,35.447
81.862,785.444,139.4352,138.41307,35.3876
81.885,785.67,138.649,140.60061,35.3283
81.924,786.017,137.3135,147.20994,35.1656
81.945,786.189,136.5937,150.32844,35.0984
81.966,786.361,135.8739,153.44667,35.0313
82.02,786.759,134.02,160.13349,34.9497
82.041,786.9,133.2975,166.41801,34.9363
82.0755,787.106,132.1066,169.7706,34.9504
82.11,787.312,130.9157,173.12346,34.9641
82.134,787.433,130.0831,176.47335,34.987
82.158,787.553,129.2506,179.82297,35.0093
82.185,787.668,128.3103,182.95956,35.0328
82.212,787.782,127.37,186.09615,35.0557
82.248,787.909,126.1122,192.77676,35.1172
82.2675,787.968,125.4291,195.90147,35.1477
82.287,788.026,124.746,199.02618,35.1776
82.317,788.095,123.6918,202.35231,35.2084
82.347,788.163,122.6377,205.67817,35.2389
82.395,788.236,120.9459,218.51964,35.3577
82.4227,788.247,119.9644,220.78818,35.3799
82.4505,788.258,118.9829,223.05672,35.4021
82.4782,788.27,118.0014,225.32526,35.4244
82.506,788.281,117.0198,227.59353,35.4466
82.524,788.273,116.3816,233.76222,35.4939
82.5585,788.236,115.1572,236.84022,35.5174
82.593,788.2,113.9328,239.91849,35.5408
82.617,788.159,113.0804,243,35.5946
82.643,788.095,112.1567,243,35.6058
82.669,788.032,111.233,243,35.6171
82.695,787.968,110.3093,243,35.6284
82.743,787.806,108.6096,236.85696,35.4731
82.7625,787.728,107.9235,233.55675,35.3824
82.782,787.65,107.2375,230.25654,35.2918
82.836,787.395,105.3517,231.51366,35.1298
82.851,787.316,104.8314,234.86112,35.0433
82.866,787.236,104.3112,238.20885,34.9569
82.911,786.971,102.7605,243,34.7747
82.9425,786.762,101.6859,243,34.6931
82.974,786.553,100.6113,243,34.6115
82.998,786.374,99.8013,243,34.5249
83.022,786.196,98.9914,243,34.4384
83.061,785.882,97.687,243,34.2876
83.0835,785.687,96.9408,243,34.2222
83.106,785.492,96.1946,243,34.1568
83.145,785.132,94.9117,243,34.0646
83.1765,784.82,93.8849,243,34.0396
83.208,784.507,92.8582,243,34.0145
83.241,784.158,91.7906,243,34.0378
83.271,783.821,90.8258,230.2425,34.056
83.301,783.483,89.861,217.485,34.0741
83.337,783.054,88.7108,176.66073,34.1211
83.367,782.676,87.7585,157.52448,34.1499
83.397,782.298,86.8062,138.38823,34.1786
83.418,782.018,86.1438,117.97623,34.2196
83.439,781.739,85.4815,97.56423,34.2605
83.4645,781.383,84.6821,77.15223,34.3034
83.49,781.028,83.8827,56.74023,34.3462
83.532,780.416,82.5737,15.916338,34.4693
83.556,780.053,81.829,8.171577,34.5348
83.58,779.689,81.0842,0.4267917,34.6003
83.628,778.936,79.5999,6.809265,34.7382
83.6475,778.621,78.9986,10.192905,34.8154
83.667,778.306,78.3974,13.576545,34.8922
83.7045,777.68,77.2448,20.070369,35.0427
83.742,777.053,76.092,26.56422,35.1922
83.765,776.653,75.388,28.77768,35.2428
83.788,776.254,74.683,30.99087,35.2933
83.811,775.854,73.979,33.20433,35.3438
83.8365,775.398,73.2,16.602165,35.4216
83.862,774.942,72.421,0,35.4994
83.901,774.231,71.23,0,35.6484
83.9265,773.761,70.451,0,35.7303
83.952,773.29,69.672,0,35.8122
83.982,772.731,68.753,0,35.9653
84.0165,772.081,67.695,0,36.0453
84.051,771.431,66.636,0,36.1253
84.066,771.147,66.174,2.1901779,36.208
84.081,770.862,65.712,4.380345,36.2906
84.111,770.288,64.786,7.350102,36.3648
84.141,769.715,63.859,10.319886,36.4389
84.171,769.138,62.93,16.613667,36.5999
84.201,768.554,61.998,19.738836,36.6797
84.231,767.971,61.067,22.864005,36.7594
84.261,767.381,60.135,28.68534,36.9033
84.282,766.962,59.483,30.7422,36.9524
84.303,766.543,58.831,32.79906,37.0014
84.324,766.123,58.178,34.85592,37.0504
84.357,765.452,57.156,40.6053,37.1868
84.387,764.829,56.23,43.46352,37.2517
84.417,764.205,55.304,46.32147,37.3165
84.4425,763.66,54.522,49.35276,37.3821
84.468,763.116,53.74,52.38378,37.4475
84.489,762.656,53.101,55.21041,37.5034
84.51,762.196,52.462,58.03704,37.5592
84.546,761.383,51.378,29.01852,37.6783
84.582,760.57,50.294,0,37.7963
84.606,760.009,49.581,0,37.845
84.63,759.447,48.867,0,37.8937
84.654,758.886,48.153,0,37.9424
84.6735,758.419,47.578,0,38.0169
84.693,757.952,47.003,0,38.091
84.7215,757.256,46.167,0,38.1694
84.75,756.561,45.331,0,38.2473
84.7695,756.078,44.762,0,38.3268
84.789,755.596,44.192,0,38.406
84.831,754.545,42.966,0,38.5522
84.857,753.889,42.207,1.1872035,38.6539
84.883,753.232,41.447,2.3744097,38.7555
84.909,752.575,40.687,3.561624,38.8571
84.934,751.939,39.953,5.332959,38.9051
84.959,751.301,39.219,7.104294,38.9531
84.984,750.665,38.485,8.875629,39.0012
85.002,750.203,37.955,11.691243,39.0799
85.02,749.741,37.425,14.50683,39.1587
85.059,748.735,36.275,20.099529,39.3149
85.082,748.135,35.597,21.835872,39.3615
85.105,747.535,34.919,23.572188,39.408
85.128,746.935,34.241,25.308504,39.4546
85.152,746.301,33.536,28.0692,39.5275
85.176,745.666,32.831,30.82995,39.6004
85.197,745.103,32.216,33.57342,39.6699
85.218,744.541,31.602,36.31662,39.7393
85.242,743.888,30.905,38.87352,39.8026
85.266,743.235,30.208,41.43042,39.8659
85.2885,742.613,29.56,44.1423,39.9301
85.311,741.99,28.912,46.85391,39.9942
85.335,741.315,28.228,49.55121,40.0514
85.359,740.639,27.545,52.24824,40.1084
85.383,739.95,26.871,54.76437,40.1604
85.407,739.262,26.196,57.2805,40.2122
85.446,738.124,25.115,62.62299,40.314
85.473,737.321,24.378,46.53747,40.3603
85.5,736.518,23.641,30.45222,40.4064
85.518,735.975,23.156,0,40.509
85.543,735.209,22.492,0,40.5508
85.568,734.443,21.827,0,40.5926
85.593,733.677,21.163,0,40.6344
85.6155,732.974,20.576,0,40.7028
85.638,732.271,19.989,0,40.7711
85.6605,731.559,19.409,0,40.8387
85.683,730.846,18.829,0,40.9058
85.71,729.979,18.142,0,40.9812
85.737,729.111,17.455,0,41.0559
85.755,728.528,17,1.2826566,41.2079
85.778,727.776,16.423,2.985849,41.2588
85.801,727.025,15.845,4.689009,41.3095
85.824,726.273,15.268,6.392196,41.3602
85.857,725.185,14.443,11.15154,41.4994
85.879,724.454,13.894,12.8331,41.5488
85.901,723.724,13.345,14.51466,41.5981
85.923,722.993,12.797,16.196193,41.6474
85.947,722.191,12.2,21.207771,41.7928
85.969,721.45,11.655,22.86765,41.8395
85.991,720.709,11.109,24.527556,41.8861
86.013,719.969,10.564,26.187435,41.9327
86.043,718.95,9.82499999999999,31.13613,42.0703
86.064,718.23,9.31299999999999,32.67378,42.1117
86.085,717.511,8.80000000000001,34.21143,42.1531
86.106,716.791,8.28800000000001,35.74881,42.1944
86.139,715.648,7.49199999999999,40.64121,42.3187
86.159,714.947,7.017,42.16212,42.3534
86.179,714.247,6.541,43.6833,42.388
86.199,713.546,6.066,45.20421,42.4226
86.232,712.377,5.29400000000001,49.74534,42.5277
86.255,711.551,4.76900000000001,42.69429,42.5573
86.278,710.726,4.24299999999999,35.64324,42.5868
86.301,709.9,3.71699999999998,28.59219,42.6163
86.316,709.355,3.38200000000001,14.296041,42.6716
86.331,708.81,3.047,0,42.7266
86.361,707.707,2.38900000000001,0,42.7853
86.391,706.605,1.732,0,42.8439
86.406,706.048,1.40899999999999,0,42.9115
86.421,705.492,1.08600000000001,0,42.9788
86.451,704.371,0.448000000000008,0,43.1181
86.476,703.428,-0.0749999999999886,0,43.1657
86.501,702.485,-0.597000000000008,0,43.2131
86.526,701.543,-1.12,0,43.2602
86.547,700.743,-1.553,0.4362174,43.3277
86.568,699.944,-1.98599999999999,0.8724348,43.3949
86.588,699.178,-2.39699999999999,2.4174396,43.4435
86.608,698.412,-2.80699999999999,3.962439,43.4921
86.628,697.646,-3.21700000000001,5.50746,43.5406
86.661,696.376,-3.892,10.11285,43.6808
86.679,695.681,-4.25999999999999,14.404041,43.8151
86.705,694.673,-4.78899999999999,15.920415,43.8606
86.731,693.664,-5.31800000000001,17.436816,43.9061
86.757,692.656,-5.846,18.953217,43.9517
86.7735,692.012,-6.18000000000001,21.213873,44.0202
86.79,691.368,-6.51300000000001,23.474556,44.0886
86.811,690.543,-6.93299999999999,24.879258,44.1286
86.832,689.717,-7.35400000000001,26.28396,44.1686
86.853,688.892,-7.774,27.68877,44.2085
86.883,687.706,-8.36699999999999,32.15916,44.3308
86.908,686.709,-8.852,33.64119,44.3713
86.933,685.712,-9.33799999999999,35.12295,44.4117
86.958,684.715,-9.82300000000001,36.60498,44.452
86.976,683.991,-10.165,40.7511,44.5537
86.998,683.1,-10.574,42.21828,44.5868
87.02,682.209,-10.984,43.68573,44.6197
87.042,681.318,-11.393,45.15291,44.6526
87.0585,680.644,-11.691,47.34396,44.6982
87.075,679.97,-11.989,49.53501,44.7436
87.097,679.062,-12.373,49.95783,44.7693
87.119,678.155,-12.756,50.38038,44.7948
87.141,677.248,-13.14,50.8032,44.8202
87.18,675.624,-13.793,9.979173,44.9057
87.196,674.953,-14.052,6.652773,44.9374
87.212,674.282,-14.311,3.3264,44.9691
87.228,673.611,-14.57,0,45.0008
87.2535,672.533,-14.968,0,45.0552
87.279,671.456,-15.367,0,45.1096
87.297,670.691,-15.641,0,45.236
87.318,669.792,-15.949,0,45.2681
87.339,668.892,-16.258,0,45.3
87.36,667.993,-16.567,0,45.3317
87.381,667.094,-16.875,0,45.3632
87.417,665.54,-17.384,0,45.4928
87.436,664.716,-17.647,0,45.5389
87.455,663.891,-17.91,0,45.5849
87.474,663.067,-18.172,0,45.6305
87.507,661.628,-18.621,1.30734,45.76
87.524,660.884,-18.85,2.6961849,45.8049
87.541,660.14,-19.079,4.085019,45.8498
87.558,659.396,-19.308,5.473872,45.8946
87.5805,658.407,-19.61,7.415415,45.9581
87.603,657.419,-19.911,9.356958,46.0216
87.63,656.228,-20.27,11.28735,46.0843
87.657,655.037,-20.63,13.217715,46.1469
87.6795,654.041,-20.926,15.264774,46.2131
87.702,653.045,-21.223,17.311833,46.2792
87.719,652.289,-21.444,18.668367,46.323
87.736,651.532,-21.665,20.024901,46.3668
87.753,650.776,-21.887,21.381435,46.4105
87.774,649.838,-22.155,23.404491,46.4715
87.795,648.9,-22.423,25.42752,46.5323
87.8205,647.756,-22.74,27.31401,46.5887
87.846,646.611,-23.058,29.20023,46.645
87.8685,645.596,-23.329,31.20174,46.7027
87.891,644.581,-23.6,33.20352,46.7602
87.909,643.766,-23.811,36.93762,46.8584
87.927,642.947,-24.013,37.92879,46.883
87.945,642.128,-24.215,38.91996,46.9075
87.963,641.308,-24.418,39.91113,46.932
87.981,640.489,-24.62,40.90257,46.9564
88.023,638.566,-25.063,44.60346,47.0414
88.039,637.83,-25.222,40.31991,47.0692
88.055,637.093,-25.381,36.03663,47.0968
88.071,636.357,-25.54,31.75335,47.1244
88.0965,635.177,-25.776,15.876702,47.1681
88.122,633.998,-26.013,0,47.2115
88.14,633.162,-26.172,0,47.316
88.159,632.277,-26.331,0,47.3548
88.178,631.393,-26.49,0,47.3936
88.197,630.508,-26.65,0,47.4322
88.22,629.43,-26.825,0,47.4741
88.243,628.352,-27.001,0,47.5157
88.266,627.275,-27.177,0,47.5571
88.284,626.427,-27.303,0,47.618
88.302,625.58,-27.43,0,47.6782
88.322,624.635,-27.563,0,47.7221
88.342,623.69,-27.695,0,47.7657
88.362,622.744,-27.827,0,47.809
88.386,621.606,-27.978,0,47.875
88.41,620.467,-28.129,0,47.9407
88.431,619.468,-28.259,0,48.0672
88.454,618.371,-28.399,0.702459,48.1094
88.477,617.274,-28.538,1.404918,48.1516
88.5,616.177,-28.678,2.107377,48.1938
88.517,615.363,-28.78,3.350592,48.2349
88.534,614.549,-28.882,4.593807,48.2761
88.551,613.736,-28.984,5.837022,48.3172
88.572,612.727,-29.109,7.575066,48.3817
88.593,611.719,-29.234,9.31311,48.4462
88.617,610.564,-29.375,11.156022,48.5109
88.641,609.408,-29.516,12.998907,48.5757
88.6635,608.322,-29.645,14.716674,48.637
88.686,607.236,-29.774,16.434441,48.6983
88.704,606.365,-29.875,20.078523,48.8161
88.726,605.297,-29.994,21.286557,48.8574
88.748,604.23,-30.112,22.494618,48.8986
88.77,603.163,-30.231,23.702652,48.9398
88.7895,602.213,-30.329,25.504605,48.996
88.809,601.264,-30.427,27.30645,49.0521
88.8255,600.457,-30.502,28.14696,49.0785
88.842,599.651,-30.577,28.9872,49.1049
88.8585,598.845,-30.652,29.82771,49.1312
88.875,598.039,-30.727,30.66822,49.1575
88.908,596.421,-30.86,28.68804,49.2609
88.928,595.438,-30.93,19.125342,49.2915
88.948,594.454,-31,9.562671,49.322
88.968,593.471,-31.07,0,49.3525
88.992,592.287,-31.142,0,49.4127
89.016,591.104,-31.213,0,49.4729
89.034,590.213,-31.26,0,49.5356
89.052,589.323,-31.306,0,49.5981
89.072,588.331,-31.35,0,49.6384
89.092,587.34,-31.393,0,49.6785
89.112,586.348,-31.437,0,49.7185
89.1315,585.378,-31.472,0,49.7809
89.151,584.408,-31.507,0,49.8431
89.169,583.511,-31.534,0,49.884
89.187,582.613,-31.561,0,49.9249
89.205,581.715,-31.588,0,49.9656
89.223,580.815,-31.612,0,50.0284
89.241,579.916,-31.636,0,50.091
89.26,578.963,-31.66,0,50.1323
89.279,578.011,-31.683,0,50.1736
89.298,577.059,-31.707,0,50.2149
89.3175,576.079,-31.73,0,50.2796
89.337,575.1,-31.754,0,50.3442
89.364,573.74,-31.785,0,50.4043
89.391,572.38,-31.817,0,50.4644
89.4105,571.395,-31.84,0,50.525
89.43,570.41,-31.863,0,50.5855
89.449,569.449,-31.885,0,50.6298
89.468,568.487,-31.908,0,50.6741
89.487,567.525,-31.93,0,50.7183
89.5065,566.535,-31.953,0,50.7773
89.526,565.546,-31.976,0,50.8362
89.544,564.63,-31.997,0,50.8791
89.562,563.715,-32.018,0,50.922
89.58,562.799,-32.04,0,50.9649
89.604,561.575,-32.068,0,51.0262
89.628,560.351,-32.097,0,51.0875
89.6475,559.354,-32.12,0,51.1473
89.667,558.357,-32.143,0,51.2071
89.684,557.486,-32.164,0,51.2519
89.701,556.615,-32.184,0,51.2966
89.718,555.744,-32.205,0,51.3414
89.736,554.82,-32.226,1.8122724,51.4603
89.757,553.74,-32.252,2.881359,51.5001
89.778,552.66,-32.277,3.950451,51.5399
89.799,551.58,-32.302,5.019516,51.5797
89.816,550.703,-32.322,6.082506,51.6234
89.833,549.826,-32.342,7.145469,51.6671
89.85,548.949,-32.361,8.208459,51.7108
89.868,547.941,-32.383,9.793548,51.7722
89.886,546.933,-32.404,11.37861,51.8336
89.909,545.792,-32.425,12.363813,51.8703
89.932,544.651,-32.447,13.349016,51.9069
89.955,543.511,-32.468,14.334219,51.9435
89.9685,542.81,-32.478,11.684007,51.9982
89.982,542.108,-32.489,9.033795,52.0527
90.004,540.962,-32.501,6.022539,52.0949
90.026,539.817,-32.513,3.011256,52.1369
90.048,538.671,-32.525,0,52.1789
90.065,537.783,-32.53,0,52.22
90.082,536.895,-32.534,0,52.2612
90.099,536.007,-32.539,0,52.3023
90.1215,534.829,-32.541,0,52.3608
90.144,533.651,-32.542,0,52.4192
90.165,532.549,-32.54,0,52.4801
90.186,531.447,-32.538,0,52.541
90.204,530.501,-32.534,0,52.5828
90.222,529.554,-32.529,0,52.6247
90.24,528.607,-32.525,0,52.6665
90.258,527.659,-32.519,0.18908613,52.7247
90.276,526.71,-32.513,0.3781728,52.7829
90.294,525.759,-32.505,1.3207698,52.8208
90.312,524.808,-32.498,2.2633668,52.8587
90.33,523.858,-32.49,3.205953,52.8966
90.3525,522.666,-32.48,4.799277,52.9594
90.375,521.475,-32.469,6.392601,53.0221
90.393,520.52,-32.459,7.324776,53.0599
90.411,519.564,-32.449,8.256978,53.0977
90.429,518.609,-32.439,9.18918,53.1355
90.4455,517.732,-32.428,10.67229,53.1974
90.462,516.854,-32.417,12.1554,53.2593
90.481,515.842,-32.401,13.07718,53.2968
90.5,514.829,-32.385,13.99896,53.3342
90.519,513.817,-32.369,14.920713,53.3716
90.537,512.856,-32.35,16.388271,53.4226
90.555,511.895,-32.331,17.855802,53.4735
90.576,510.772,-32.304,19.315773,53.5336
90.597,509.649,-32.277,20.775744,53.5934
90.6143,508.724,-32.247,15.581808,53.6196
90.6315,507.8,-32.217,10.387872,53.6458
90.6488,506.875,-32.187,5.193936,53.672
90.666,505.95,-32.157,0,53.6981
90.696,504.339,-32.094,0,53.81
90.716,503.263,-32.046,0,53.8475
90.736,502.187,-31.998,0,53.885
90.756,501.111,-31.95,0,53.9224
90.772,500.249,-31.906,0,53.9629
90.788,499.386,-31.862,0,54.0032
90.804,498.524,-31.818,0,54.0436
90.822,497.552,-31.766,0,54.1589
90.8392,496.619,-31.713,0,54.1881
90.8565,495.686,-31.66,0,54.2173
90.8737,494.753,-31.608,0,54.2464
90.891,493.82,-31.555,0,54.2755
90.921,492.194,-31.459,0,54.3946
90.9375,491.298,-31.405,0,54.4232
90.954,490.402,-31.351,0,54.4517
90.9705,489.505,-31.297,0,54.4802
90.987,488.609,-31.243,0,54.5087
91.0095,487.384,-31.169,0,54.5708
91.032,486.159,-31.094,0,54.6329
91.045,485.45,-31.05,0,54.6693
91.058,484.74,-31.006,0,54.7057
91.071,484.031,-30.963,0,54.7421
91.0965,482.637,-30.876,0,54.7985
91.122,481.243,-30.79,0,54.8549
91.14,480.258,-30.73,0,54.9766
91.1574,479.303,-30.671,0,54.9984
91.1748,478.348,-30.612,0,55.0202
91.1922,477.393,-30.553,0,55.042
91.2096,476.438,-30.493,0,55.0637
91.227,475.484,-30.434,0,55.0855
91.242,474.659,-30.383,0,55.2033
91.2607,473.625,-30.32,0,55.2331
91.2795,472.592,-30.256,0,55.2629
91.2982,471.558,-30.192,0,55.2926
91.317,470.525,-30.128,0,55.3224
91.332,469.696,-30.077,0,55.3592
91.347,468.867,-30.026,0,55.3959
91.362,468.038,-29.974,0,55.4326
91.383,466.876,-29.902,0,55.4892
91.404,465.713,-29.83,0,55.5458
91.421,464.77,-29.772,0,55.5868
91.438,463.827,-29.714,0,55.6278
91.455,462.884,-29.656,0,55.6688
91.4775,461.633,-29.578,0,55.7227
91.5,460.382,-29.5,0,55.7766
91.518,459.379,-29.438,0.10895283,55.8148
91.536,458.376,-29.376,0.21790566,55.8531
91.554,457.373,-29.314,0.3268593,55.8914
91.569,456.536,-29.262,1.1415546,55.931
91.584,455.698,-29.21,1.9562472,55.9705
91.599,454.86,-29.157,2.770956,56.0101
91.617,453.854,-29.095,5.363766,56.1137
91.635,452.846,-29.031,4.022811,56.1411
91.653,451.837,-28.967,2.6818776,56.1685
91.671,450.829,-28.903,1.3409388,56.1959
91.689,449.821,-28.839,0,56.2233
91.7085,448.726,-28.768,0,56.2823
91.728,447.631,-28.698,0,56.3413
91.7445,446.703,-28.637,0,56.3931
91.761,445.776,-28.577,0,56.4448
91.779,444.761,-28.51,0,56.4713
91.797,443.747,-28.443,0,56.4978
91.815,442.733,-28.377,0,56.5243
91.833,441.718,-28.31,0,56.5508
91.848,440.871,-28.253,0,56.6304
91.863,440.024,-28.197,0,56.71
91.878,439.176,-28.14,0,56.7896
91.8997,437.944,-28.057,0,56.8162
91.9215,436.712,-27.974,0,56.8428
91.9432,435.48,-27.891,0,56.8694
91.965,434.248,-27.808,0,56.896
91.977,433.566,-27.762,0,56.9346
91.989,432.885,-27.716,0,56.9733
92.001,432.204,-27.67,0,57.0119
92.022,431.009,-27.589,0,57.0477
92.043,429.813,-27.508,0,57.0835
92.064,428.618,-27.428,0,57.1193
92.079,427.763,-27.37,0,57.1737
92.094,426.908,-27.312,0,57.2281
92.115,425.708,-27.231,0,57.2653
92.136,424.509,-27.15,0,57.3026
92.157,423.309,-27.069,0,57.3398
92.172,422.45,-27.011,0,57.3899
92.187,421.592,-26.954,0,57.44
92.202,420.732,-26.895,0.5299101,57.4687
92.217,419.872,-26.837,1.0598202,57.4975
92.232,419.012,-26.778,1.5897303,57.5262
92.247,418.152,-26.72,2.1196431,57.5549
92.277,416.429,-26.601,4.379508,57.6543
92.2943,415.436,-26.53,4.979286,57.6795
92.3115,414.444,-26.46,5.579064,57.7046
92.3288,413.451,-26.39,6.178815,57.7297
92.346,412.459,-26.319,6.778593,57.7549
92.361,411.508,-26.249,7.972263,57.8126
92.376,410.557,-26.179,9.16596,57.8703
92.3918,409.691,-26.113,9.722592,57.8931
92.4075,408.825,-26.047,10.279251,57.9158
92.4232,407.959,-25.981,10.83591,57.9385
92.439,407.093,-25.915,11.392569,57.9611
92.4615,405.792,-25.811,5.696298,58.0133
92.484,404.491,-25.707,0,58.0653
92.498,403.681,-25.639,0,58.1033
92.512,402.87,-25.571,0,58.1413
92.526,402.059,-25.503,0,58.1792
92.544,401.016,-25.413,0,58.23
92.562,399.972,-25.323,0,58.2808
92.58,398.927,-25.231,0,58.3312
92.598,397.883,-25.139,0,58.3815
92.6175,396.749,-25.037,0,58.4316
92.637,395.616,-24.936,0,58.4816
92.6526,394.707,-24.853,0,58.5037
92.6682,393.799,-24.77,0,58.5258
92.6838,392.89,-24.686,0,58.548
92.6994,391.982,-24.603,0,58.5701
92.715,391.073,-24.52,0,58.5922
92.731,390.139,-24.434,0,58.6244
92.747,389.205,-24.347,0,58.6567
92.763,388.272,-24.26,0,58.6889
92.781,387.22,-24.162,0,58.7924
92.8005,386.078,-24.056,0,58.818
92.82,384.937,-23.949,0,58.8436
92.8395,383.795,-23.842,0,58.8692
92.859,382.654,-23.736,0,58.8948
92.877,381.598,-23.637,0,58.943
92.895,380.542,-23.538,0,58.9911
92.9108,379.617,-23.45,0,59.0156
92.9265,378.691,-23.363,0,59.04
92.9422,377.766,-23.276,0,59.0645
92.958,376.84,-23.189,0,59.0889
92.982,375.428,-23.056,0,59.1871
92.9958,374.615,-22.979,0,59.2073
93.0096,373.801,-22.902,0,59.2274
93.0234,372.988,-22.825,0,59.2476
93.0372,372.174,-22.748,0,59.2677
93.051,371.361,-22.671,0,59.2878
93.072,370.121,-22.554,0,59.3798
93.0885,369.146,-22.462,0,59.4037
93.105,368.17,-22.369,0,59.4276
93.1215,367.195,-22.277,0,59.4515
93.138,366.219,-22.185,0,59.4753
93.153,365.331,-22.1,0,59.5238
93.168,364.442,-22.016,0,59.5723
93.19,363.137,-21.892,0,59.6035
93.212,361.832,-21.767,0,59.6347
93.234,360.527,-21.643,0,59.666
93.249,359.636,-21.558,0,59.7127
93.264,358.745,-21.474,0,59.7595
93.2805,357.763,-21.38,0,59.7848
93.297,356.781,-21.286,0,59.81
93.3135,355.799,-21.193,0,59.8353
93.33,354.817,-21.099,0,59.8606
93.345,353.923,-21.014,0,59.9058
93.36,353.029,-20.928,0,59.951
93.3757,352.089,-20.839,0,59.9737
93.3915,351.148,-20.749,0,59.9963
93.4072,350.208,-20.659,0,60.0189
93.423,349.268,-20.569,0,60.0415
93.4395,348.191,-20.466,0,60.0901
93.456,347.115,-20.363,0,60.1386
93.476,345.977,-20.254,0,60.169
93.496,344.839,-20.145,0,60.1995
93.516,343.702,-20.036,0,60.2299
93.532,342.742,-19.943,0,60.2604
93.548,341.782,-19.85,0,60.291
93.564,340.822,-19.758,0,60.3216
93.579,339.921,-19.671,0,60.3542
93.594,339.019,-19.584,0,60.3868
93.609,338.118,-19.498,0,60.4194
93.627,337.035,-19.393,0,60.4643
93.645,335.953,-19.289,0,60.5092
93.6645,334.778,-19.175,0,60.5561
93.684,333.604,-19.061,0,60.603
93.7,332.639,-18.967,0,60.5832
93.716,331.674,-18.874,0,60.5635
93.732,330.709,-18.78,0,60.5437
93.7464,329.842,-18.696,0.08505,60.5274
93.7608,328.974,-18.612,0.1701,60.5111
93.7752,328.107,-18.529,0.25515,60.4947
93.7896,327.239,-18.445,0.3402,60.4784
93.804,326.372,-18.361,0.42525,60.4621
93.822,325.289,-18.256,1.55925,60.4382
93.84,324.206,-18.151,2.69325,60.4143
93.855,323.304,-18.064,3.402,60.3812
93.87,322.402,-17.976,4.11075,60.3481
93.885,321.501,-17.889,4.8195,60.3149
93.903,320.42,-17.783,3.73275,60.318
93.921,319.34,-17.678,2.6459973,60.3211
93.939,318.26,-17.572,1.5592473,60.3241
93.957,317.179,-17.466,0,60.3904
93.975,316.097,-17.358,0,60.4057
93.993,315.015,-17.25,0,60.421
94.011,313.934,-17.142,0,60.4363
94.029,312.852,-17.034,0,60.4516
94.043,312.009,-16.949,0,60.4749
94.057,311.167,-16.864,0,60.4982
94.071,310.325,-16.778,0,60.5214
94.089,309.241,-16.668,0,60.5445
94.107,308.156,-16.558,0,60.5676
94.125,307.072,-16.447,0,60.5907
94.1415,306.077,-16.346,0,60.6287
94.158,305.082,-16.244,0,60.6666
94.1738,304.132,-16.146,0,60.6846
94.1895,303.181,-16.048,0,60.7026
94.2052,302.23,-15.95,0,60.7206
94.221,301.279,-15.853,0,60.7386
94.2375,300.282,-15.75,0,60.7768
94.254,299.285,-15.647,0,60.815
94.269,298.377,-15.553,0,60.8332
94.284,297.469,-15.459,0,60.8515
94.299,296.562,-15.365,0,60.8697
94.314,295.654,-15.271,0,60.8879
94.335,294.381,-15.139,0,60.9251
94.356,293.109,-15.006,0,60.9623
94.37,292.26,-14.918,0,60.9868
94.384,291.411,-14.829,0,61.0114
94.398,290.561,-14.741,0,61.0359
94.416,289.468,-14.627,0,61.0619
94.434,288.375,-14.513,0,61.0879
94.452,287.282,-14.398,0,61.1139
94.47,286.188,-14.284,0,61.1952
94.4844,285.311,-14.192,0,61.2096
94.4988,284.435,-14.1,0,61.2239
94.5132,283.559,-14.009,0,61.2382
94.5276,282.682,-13.917,0,61.2525
94.542,281.806,-13.825,0,61.2668
94.5615,280.617,-13.701,0,61.3065
94.581,279.428,-13.577,0,61.3462
94.6,278.269,-13.455,0,61.3709
94.619,277.109,-13.333,0,61.3956
94.638,275.95,-13.212,0,61.4203
94.652,275.094,-13.122,0,61.4464
94.666,274.239,-13.032,0,61.4725
94.68,273.383,-12.942,0,61.4986
94.6995,272.19,-12.817,0,61.5385
94.719,270.997,-12.692,0,61.5784
94.7333,270.124,-12.6,0,61.5983
94.7475,269.251,-12.508,0,61.6182
94.7617,268.379,-12.416,0,61.6382
94.776,267.506,-12.323,0,61.6581
94.793,266.463,-12.213,0,61.68
94.81,265.42,-12.103,0,61.702
94.827,264.378,-11.993,0,61.7239
94.843,263.395,-11.889,0,61.7519
94.859,262.412,-11.785,0,61.7798
94.875,261.43,-11.681,0,61.8078
94.889,260.569,-11.589,0,61.8323
94.903,259.708,-11.498,0,61.8569
94.917,258.847,-11.407,0,61.8815
94.9365,257.647,-11.28,0,61.9184
94.956,256.446,-11.154,0,61.9553
94.973,255.399,-11.043,0,61.9818
94.99,254.351,-10.933,0,62.0082
95.007,253.303,-10.822,0,62.0347
95.021,252.44,-10.731,0,62.0596
95.035,251.576,-10.64,0,62.0845
95.049,250.712,-10.549,0,62.1094
95.064,249.785,-10.451,0,62.1268
95.079,248.858,-10.353,0,62.1442
95.094,247.932,-10.256,0,62.1616
95.109,247.005,-10.158,0,62.179
95.1285,245.798,-10.031,0,62.2168
95.148,244.592,-9.904,0,62.2546
95.1623,243.709,-9.81,0,62.2751
95.1765,242.827,-9.71700000000001,0,62.2957
95.1908,241.944,-9.62299999999999,0,62.3162
95.205,241.062,-9.53,0,62.3368
95.223,239.945,-9.411,0,62.3726
95.241,238.829,-9.292,0,62.4084
95.26,237.65,-9.166,-0.23625,62.4332
95.279,236.47,-9.03999999999999,-0.4725,62.4579
95.298,235.29,-8.91399999999999,-0.70875,62.4827
95.312,234.42,-8.821,-1.4175,62.5064
95.326,233.55,-8.72800000000001,-2.12625,62.5302
95.34,232.68,-8.63499999999999,-2.835,62.554
95.3595,231.466,-8.506,-3.898125,62.5899
95.379,230.253,-8.37700000000001,-4.96125,62.6259
95.394,229.319,-8.27799999999999,-3.3075,62.6507
95.409,228.384,-8.179,-1.65375,62.6756
95.424,227.45,-8.08099999999999,0,62.7005
95.4375,226.608,-7.99199999999999,0,62.7192
95.451,225.765,-7.904,0,62.7379
95.4645,224.923,-7.816,0,62.7567
95.478,224.081,-7.72800000000001,0,62.7754
95.494,223.082,-7.624,0,62.7998
95.51,222.082,-7.52000000000001,0,62.8242
95.526,221.083,-7.416,0,62.8485
95.544,219.957,-7.30000000000001,0,62.9171
95.5628,218.784,-7.179,0,62.9361
95.5815,217.61,-7.05799999999999,0,62.9552
95.6003,216.436,-6.93700000000001,0,62.9742
95.619,215.263,-6.816,0,62.9933
95.631,214.511,-6.739,0,63.0179
95.643,213.758,-6.66200000000001,0,63.0426
95.655,213.006,-6.58500000000001,0,63.0672
95.67,212.065,-6.488,0,63.0928
95.685,211.124,-6.392,0,63.1184
95.7,210.182,-6.29499999999999,0,63.144
95.7225,208.769,-6.15000000000001,0,63.1786
95.745,207.356,-6.005,0,63.2132
95.7593,206.459,-5.91300000000001,0,63.2322
95.7735,205.563,-5.81999999999999,0,63.2511
95.7878,204.667,-5.72800000000001,0,63.2701
95.802,203.771,-5.636,0,63.289
95.817,202.826,-5.53899999999999,0,63.3128
95.832,201.882,-5.44200000000001,0,63.3366
95.847,200.937,-5.345,0,63.3604
95.864,199.865,-5.23500000000001,0,63.3844
95.881,198.793,-5.125,0,63.4084
95.898,197.721,-5.01500000000001,0,63.4324
95.919,196.396,-4.87899999999999,0,63.508
95.934,195.449,-4.78100000000001,0,63.5231
95.949,194.501,-4.684,0,63.5381
95.964,193.553,-4.58600000000001,0,63.5532
95.979,192.606,-4.489,0,63.5683
95.994,191.658,-4.392,0,63.5833
96.0075,190.804,-4.304,0,63.6181
96.021,189.949,-4.21600000000001,0,63.6529
96.0345,189.095,-4.12800000000001,0,63.6876
96.048,188.241,-4.03999999999999,0,63.7224
96.0654,187.138,-3.92699999999999,0,63.7361
96.0828,186.035,-3.81299999999999,0,63.7498
96.1002,184.932,-3.69999999999999,0,63.7635
96.1176,183.83,-3.58600000000001,0,63.7773
96.135,182.727,-3.47200000000001,0,63.791
96.152,181.648,-3.36099999999999,0,63.8163
96.169,180.568,-3.249,0,63.8416
96.186,179.489,-3.13800000000001,0,63.8669
96.2,178.599,-3.04599999999999,0,63.8894
96.214,177.709,-2.95400000000001,0,63.9118
96.228,176.82,-2.86199999999999,0,63.9343
96.245,175.738,-2.75,0,63.9582
96.262,174.656,-2.63800000000001,0,63.9821
96.279,173.575,-2.52600000000001,0,64.006
96.293,172.683,-2.43299999999999,0,64.0281
96.307,171.791,-2.34100000000001,0,64.0503
96.321,170.9,-2.249,0,64.0724
96.337,169.879,-2.143,0,64.096
96.353,168.859,-2.03700000000001,0,64.1195
96.369,167.839,-1.93199999999999,0,64.1431
96.383,166.945,-1.839,0,64.168
96.397,166.052,-1.74700000000001,0,64.1929
96.411,165.158,-1.654,0,64.2177
96.429,164.008,-1.535,0,64.2414
96.447,162.858,-1.416,0,64.265
96.465,161.707,-1.297,0,64.2887
96.477,160.94,-1.21700000000001,0,64.3121
96.489,160.172,-1.13800000000001,0,64.3355
96.501,159.404,-1.05799999999999,0,64.3589
96.52,158.188,-0.931999999999988,0,64.3823
96.539,156.971,-0.806000000000012,0,64.4056
96.558,155.754,-0.679000000000002,0,64.4289
96.571,154.921,-0.592999999999989,0,64.4501
96.584,154.087,-0.506,0,64.4712
96.597,153.254,-0.419000000000011,0,64.4924
96.615,152.099,-0.298000000000002,0,64.5176
96.633,150.944,-0.176999999999992,0,64.5428
96.651,149.789,-0.0569999999999879,0,64.568
96.667,148.761,0.0509999999999877,0,64.5927
96.683,147.733,0.157999999999987,0,64.6174
96.699,146.705,0.264999999999986,0,64.6421
96.712,145.869,0.353000000000009,0,64.6646
96.725,145.032,0.439999999999998,0,64.687
96.738,144.196,0.527999999999992,0,64.7095
96.7575,142.941,0.659999999999997,0,64.7433
96.777,141.686,0.792000000000002,0,64.7771
96.792,140.72,0.893000000000001,0,64.8011
96.807,139.753,0.995000000000005,0,64.8252
96.822,138.787,1.09700000000001,0,64.8493
96.8378,137.771,1.20400000000001,0,64.8668
96.8535,136.755,1.31200000000001,0,64.8844
96.8692,135.739,1.41900000000001,0,64.9019
96.885,134.723,1.52600000000001,0,64.9194
96.898,133.883,1.61500000000001,0,64.9405
96.911,133.044,1.703,0,64.9616
96.924,132.204,1.792,0,64.9827
96.942,131.041,1.91499999999999,0,65.0502
96.9582,129.993,2.02600000000001,0,65.0648
96.9744,128.945,2.137,0,65.0793
96.9906,127.897,2.24799999999999,0,65.0939
97.0068,126.849,2.35900000000001,0,65.1085
97.023,125.801,2.46899999999999,0,65.123
97.036,124.959,2.559,0,65.1462
97.049,124.117,2.648,0,65.1694
97.062,123.274,2.73699999999999,0,65.1926
97.077,122.302,2.839,0,65.2086
97.092,121.329,2.94200000000001,0,65.2247
97.107,120.356,3.04499999999999,0,65.2408
97.122,119.383,3.14699999999999,0,65.2569
97.138,118.344,3.25700000000001,0,65.2801
97.154,117.305,3.36599999999999,0,65.3033
97.17,116.266,3.47499999999999,0,65.3265
97.185,115.291,3.577,0,65.3968
97.2006,114.277,3.684,0,65.4095
97.2162,113.262,3.78999999999999,0,65.4222
97.2318,112.247,3.89599999999999,0,65.4348
97.2474,111.232,4.00200000000001,0,65.4475
97.263,110.217,4.108,0,65.4602
97.278,109.241,4.21100000000001,0,65.5286
97.2945,108.165,4.32300000000001,0,65.5444
97.311,107.09,4.435,0,65.5603
97.3275,106.014,4.547,0,65.5761
97.344,104.939,4.65899999999999,0,65.5919
97.355,104.221,4.733,0,65.6146
97.366,103.503,4.80799999999999,0,65.6373
97.377,102.785,4.88200000000001,0,65.6601
97.3935,101.708,4.994,0,65.6765
97.41,100.63,5.107,0,65.693
97.4265,99.552,5.21899999999999,0,65.7095
97.443,98.474,5.33099999999999,0,65.726
97.461,97.297,5.45400000000001,0,65.7583
97.479,96.12,5.57599999999999,0,65.7907
97.494,95.138,5.679,0,65.8132
97.509,94.156,5.78100000000001,0,65.8357
97.524,93.175,5.88300000000001,0,65.8582
97.5375,92.29,5.976,0,65.8758
97.551,91.406,6.06800000000001,0,65.8933
97.5645,90.521,6.161,0,65.9108
97.578,89.637,6.25399999999999,0,65.9284
97.599,88.26,6.398,0,65.9927
97.6146,87.236,6.506,0,66.0051
97.6302,86.212,6.614,0,66.0176
97.6458,85.188,6.72200000000001,0,66.03
97.6614,84.164,6.83000000000001,0,66.0424
97.677,83.14,6.93799999999999,0,66.0548
97.6898,82.302,7.02699999999999,-0.14175,66.0727
97.7025,81.464,7.11500000000001,-0.2835,66.0905
97.7152,80.626,7.20400000000001,-0.42525,66.1083
97.728,79.788,7.29300000000001,-0.567,66.1261
97.7475,78.505,7.429,-1.701,66.1603
97.767,77.223,7.565,-2.835,66.1945
97.7835,76.136,7.68000000000001,-3.898125,66.2244
97.8,75.05,7.79499999999999,-4.96125,66.2543
97.8135,74.16,7.88900000000001,-3.720924,66.2715
97.827,73.271,7.982,-2.480625,66.2886
97.8405,72.381,8.07599999999999,-1.2403125,66.3058
97.854,71.491,8.16999999999999,0,66.323
97.8682,70.551,8.268,0,66.3395
97.8825,69.611,8.36699999999999,0,66.3561
97.8968,68.671,8.465,0,66.3726
97.911,67.73,8.56299999999999,0,66.3892
97.9275,66.64,8.67699999999999,0,66.4214
97.944,65.551,8.78999999999999,0,66.4536
97.9597,64.509,8.898,0,66.4702
97.9755,63.468,9.006,0,66.4867
97.9913,62.427,9.114,0,66.5033
98.007,61.385,9.22200000000001,0,66.5198
98.022,60.392,9.32400000000001,0,66.5505
98.037,59.4,9.42699999999999,0,66.5811
98.0502,58.525,9.517,0,66.5945
98.0634,57.651,9.607,0,66.6079
98.0766,56.776,9.697,0,66.6214
98.0898,55.901,9.78700000000001,0,66.6348
98.103,55.027,9.87700000000001,0,66.6482
98.121,53.833,10,0,66.6814
98.139,52.639,10.122,0,66.7147
98.153,51.71,10.217,0,66.7353
98.167,50.78,10.313,0,66.7558
98.181,49.851,10.408,0,66.7764
98.197,48.788,10.516,0,66.7984
98.213,47.725,10.625,0,66.8204
98.229,46.662,10.734,0,66.8425
98.246,45.531,10.85,-0.0945,66.8628
98.263,44.401,10.965,-0.189,66.8831
98.28,43.27,11.081,-0.2835,66.9034
98.2935,42.371,11.173,-0.8505,66.9188
98.307,41.472,11.265,-1.4175,66.9342
98.3205,40.573,11.357,-1.9845,66.9496
98.334,39.675,11.449,-2.5515,66.965
98.355,38.275,11.592,-4.67775,67.0225
98.3694,37.315,11.69,-3.7422,67.0351
98.3838,36.355,11.787,-2.80665,67.0477
98.3982,35.394,11.885,-1.8711,67.0603
98.4126,34.434,11.982,-0.93555,67.0729
98.427,33.473,12.08,0,67.0855
98.4435,32.272,12.201,0,67.1177
98.46,31.07,12.322,0,67.1499
98.4705,30.469,12.382,0,67.1798
98.481,29.867,12.442,0,67.2098
98.4966,28.824,12.546,0,67.2209
98.5122,27.781,12.65,0,67.2321
98.5278,26.738,12.754,0,67.2433
98.5434,25.694,12.858,0,67.2544
98.559,24.651,12.962,0,67.2656
98.572,23.781,13.048,0,67.2843
98.585,22.91,13.133,0,67.303
98.598,22.04,13.219,0,67.3218
98.6138,20.985,13.323,0,67.3365
98.6295,19.929,13.426,0,67.3512
98.6452,18.874,13.53,0,67.3659
98.661,17.818,13.634,0,67.3806
98.676,16.812,13.732,0,67.3989
98.691,15.805,13.83,0,67.4173
98.706,14.799,13.929,0,67.4357
98.722,13.725,14.033,0,67.4559
98.738,12.65,14.138,0,67.4761
98.754,11.576,14.242,0,67.4963
98.768,10.635,14.333,0,67.5156
98.782,9.694,14.424,0,67.5349
98.796,8.754,14.515,0,67.5542
98.8095,7.845,14.603,-0.3189375,67.569
98.823,6.937,14.692,-0.637875,67.5837
98.8365,6.02900000000001,14.78,-0.9568125,67.5985
98.85,5.12100000000001,14.868,-1.27575,67.6133
98.868,3.91000000000001,14.985,-2.338875,67.6415
98.886,2.69800000000001,15.102,-3.402,67.6697
98.8995,1.78800000000001,15.19,-3.969,67.6842
98.913,0.879000000000005,15.278,-4.536,67.6986
98.9265,-0.0309999999999917,15.366,-5.103,67.7131
98.94,-0.939999999999998,15.453,-5.67,67.7276
98.954,-1.88499999999999,15.543,-3.78,67.7459
98.968,-2.8287,15.633,-1.89,67.7641
98.982,-3.77279999999999,15.723,0,67.7824
99,-4.988,15.837,0,67.8026
99.018,-6.20309999999999,15.951,0,67.8227
99.036,-7.4182,16.065,0,67.8429
99.051,-8.43169999999999,16.159,0,67.8678
99.066,-9.4451,16.253,0,67.8928
99.0792,-10.3378,16.335,0,67.9043
99.0924,-11.2305,16.416,0,67.9158
99.1056,-12.1231,16.498,0,67.9273
99.1188,-13.0158,16.579,0,67.9388
99.132,-13.9084,16.661,0,67.9503
99.15,-15.127,16.771,0,67.9777
99.168,-16.3455,16.88,0,68.005
99.18,-17.1585,16.953,0,68.0236
99.192,-17.9714,17.025,0,68.0422
99.204,-18.7843,17.098,0,68.0608
99.2213,-19.9541,17.201,0,68.0744
99.2385,-21.1238,17.304,0,68.088
99.2558,-22.2935,17.408,0,68.1016
99.273,-23.4632,17.511,0,68.1152
99.2843,-24.2268,17.578,0,68.1429
99.2955,-24.9904,17.645,0,68.1706
99.3067,-25.754,17.712,0,68.1983
99.318,-26.5176,17.78,0,68.226
99.333,-27.571,17.872,0,68.2343
99.348,-28.6244,17.965,0,68.2426
99.363,-29.6777,18.057,0,68.2509
99.378,-30.7311,18.149,0,68.2593
99.393,-31.7844,18.242,0,68.2676
99.408,-32.8378,18.334,0,68.2759
99.4245,-33.8582,18.424,0,68.3031
99.441,-34.8786,18.514,0,68.3303
99.455,-35.8316,18.598,0,68.3478
99.469,-36.7845,18.682,0,68.3654
99.483,-37.7374,18.766,0,68.3829
99.4995,-38.8615,18.866,0,68.3968
99.516,-39.9856,18.965,0,68.4106
99.5325,-41.1096,19.065,0,68.4244
99.549,-42.2337,19.164,0,68.4382
99.564,-43.2566,19.255,0,68.4565
99.579,-44.2794,19.346,0,68.4748
99.594,-45.3023,19.436,0,68.4931
99.609,-46.3259,19.527,0,68.5092
99.624,-47.3495,19.618,0,68.5254
99.639,-48.3731,19.708,0,68.5415
99.651,-49.1926,19.781,0,68.5554
99.663,-50.0121,19.854,0,68.5694
99.675,-50.8316,19.926,0,68.5833
99.687,-51.6511,19.999,0,68.5973
99.705,-52.8814,20.108,0,68.613
99.723,-54.1116,20.218,0,68.6287
99.741,-55.3419,20.327,0,68.6445
99.755,-56.2995,20.413,0.4725,68.6632
99.769,-57.2571,20.498,0.945,68.682
99.783,-58.2147,20.583,1.4175,68.7007
99.792,-58.8306,20.638,2.480625,68.7255
99.801,-59.4465,20.693,3.54375,68.7504
99.8166,-60.5148,20.789,3.99735,68.7606
99.8322,-61.583,20.885,4.45095,68.7708
99.8478,-62.6513,20.981,4.90455,68.7811
99.8634,-63.7196,21.077,5.35815,68.7913
99.879,-64.7879,21.173,5.81175,68.8015
99.897,-66.0214,21.285,0,68.8554
99.9128,-67.1013,21.384,0,68.8667
99.9285,-68.1812,21.484,0,68.878
99.9443,-69.261,21.583,0,68.8893
99.96,-70.3409,21.683,0,68.9006
99.971,-71.0956,21.753,0,68.9195
99.982,-71.8502,21.824,0,68.9385
99.993,-72.6049,21.895,0,68.9574
100.009,-73.7376,22.003,0,68.9685
100.026,-74.8703,22.11,0,68.9796
100.042,-76.003,22.218,0,68.9907
100.059,-77.1357,22.326,0,69.0018
100.071,-77.96,22.406,0,69.0192
100.083,-78.7843,22.486,0,69.0366
100.095,-79.6086,22.566,0,69.0539
100.111,-80.6912,22.672,0,69.0657
100.126,-81.7738,22.779,0,69.0775
100.142,-82.8563,22.885,0,69.0893
100.158,-83.9389,22.992,0,69.101
100.171,-84.8331,23.081,0,69.119
100.184,-85.7272,23.169,0,69.137
100.197,-86.6214,23.258,0,69.1549
100.214,-87.7569,23.371,0,69.1828
100.23,-88.8925,23.484,0,69.2107
100.243,-89.8015,23.575,0,69.22
100.256,-90.7106,23.666,0,69.2294
100.27,-91.6197,23.757,0,69.2387
100.283,-92.5288,23.848,0,69.248
100.296,-93.43789,23.939,0,69.2573
100.311,-94.47179,24.043,0,69.2745
100.326,-95.50569,24.146,0,69.2917
100.341,-96.5396,24.25,0,69.3089
100.356,-97.57409,24.354,0,69.3328
100.371,-98.60859,24.458,0,69.3567
100.385,-99.60241,24.558,0,69.366
100.4,-100.59622,24.658,0,69.3753
100.414,-101.590043,24.758,0,69.3846
100.429,-102.583861,24.858,0,69.3938
100.443,-103.57768,24.958,0,69.4031
100.46,-104.71733,25.073,0,69.4287
100.476,-105.85698,25.188,0,69.4542
100.486,-106.58252,25.261,0,69.4774
100.497,-107.30806,25.334,0,69.5006
100.513,-108.38677,25.443,0,69.5102
100.528,-109.46548,25.553,0,69.5197
100.544,-110.54418,25.662,0,69.5292
100.559,-111.62289,25.771,0,69.5387
100.575,-112.7016,25.88,0,69.5482
100.587,-113.532,25.964,0,69.5658
100.599,-114.3625,26.048,0,69.5833
100.611,-115.193,26.132,0,69.6009
100.627,-116.2838,26.243,-0.567,69.6125
100.643,-117.3746,26.353,-1.134,69.6241
100.658,-118.4654,26.463,-1.701,69.6357
100.674,-119.5562,26.574,-2.268,69.6473
100.687,-120.4572,26.665,-3.024,69.6639
100.7,-121.3582,26.756,-3.78,69.6804
100.713,-122.2592,26.847,-4.536,69.697
100.728,-123.2997,26.952,-3.402,69.7088
100.743,-124.3401,27.056,-2.268,69.7207
100.758,-125.3806,27.161,-1.134,69.7325
100.773,-126.421,27.266,0,69.7443
100.788,-127.4622,27.37,0,69.7674
100.803,-128.5034,27.474,0,69.7905
100.818,-129.5454,27.578,0,69.8032
100.833,-130.5873,27.681,0,69.8158
100.848,-131.6292,27.785,0,69.8285
100.863,-132.6711,27.888,0,69.8412
100.88,-133.8181,28.002,0,69.8618
100.896,-134.9651,28.115,0,69.8824
100.908,-135.7998,28.196,0,69.8923
100.92,-136.6346,28.278,0,69.9021
100.932,-137.4694,28.36,0,69.9119
100.944,-138.3042,28.442,0,69.9217
100.956,-139.1389,28.523,0,69.9315
100.971,-140.1832,28.625,0,69.9471
100.986,-141.2275,28.726,0,69.9627
101.001,-142.2718,28.828,0,69.9783
101.014,-143.1775,28.916,0,69.9942
101.027,-144.0832,29.003,0,70.0101
101.04,-144.9889,29.091,0,70.0261
101.056,-146.1043,29.198,0,70.0406
101.072,-147.2197,29.306,0,70.0551
101.088,-148.3351,29.413,0,70.0696
101.109,-149.7998,29.554,0,70.1164
101.122,-150.7071,29.641,0,70.1244
101.135,-151.6144,29.729,0,70.1324
101.148,-152.5217,29.816,0,70.1403
101.161,-153.429,29.904,0,70.1483
101.174,-154.3363,29.991,0,70.1562
101.187,-155.2437,30.079,0,70.1642
101.202,-156.2914,30.18,0,70.1858
101.217,-157.339,30.281,0,70.2073
101.231,-158.3036,30.374,0,70.2162
101.245,-159.2681,30.467,0,70.225
101.258,-160.2326,30.561,0,70.2339
101.272,-161.1971,30.654,0,70.2428
101.286,-162.1616,30.747,0,70.2516
101.303,-163.3157,30.858,0,70.276
101.319,-164.4697,30.97,0,70.3005
101.332,-165.3794,31.057,0,70.3142
101.345,-166.2891,31.145,0,70.328
101.358,-167.1988,31.233,0,70.3417
101.372,-168.1966,31.329,0,70.3539
101.387,-169.1944,31.426,0,70.366
101.401,-170.1922,31.522,0,70.3782
101.415,-171.19,31.619,0,70.3904
101.428,-172.136,31.71,0,70.4012
101.442,-173.0821,31.802,0,70.412
101.456,-174.0281,31.893,0,70.4228
101.469,-174.9741,31.984,0,70.4337
101.485,-176.0961,32.093,0,70.4485
101.501,-177.218,32.202,0,70.4633
101.517,-178.34,32.31,0,70.4782
101.532,-179.3925,32.412,-0.378,70.4929
101.547,-180.4449,32.515,-0.756,70.5076
101.562,-181.4974,32.617,-1.134,70.5223
101.575,-182.3925,32.704,-1.701,70.5344
101.587,-183.2877,32.791,-2.268,70.5465
101.6,-184.1829,32.877,-2.835,70.5587
101.613,-185.0781,32.964,-3.402,70.5708
101.628,-186.1319,33.066,-3.213,70.5839
101.643,-187.1858,33.168,-3.024,70.5971
101.658,-188.2397,33.27,-2.835,70.6102
101.671,-189.1536,33.358,-1.8899973,70.6255
101.684,-190.0675,33.446,-0.945,70.6407
101.697,-190.9814,33.534,0,70.6559
101.713,-192.1069,33.641,0,70.6697
101.729,-193.2325,33.748,0,70.6834
101.745,-194.358,33.856,0,70.6972
101.756,-195.097,33.926,0,70.6982
101.766,-195.836,33.996,0,70.6992
101.781,-196.8916,34.095,0,70.6776
101.796,-197.9472,34.193,0,70.656
101.811,-199.0028,34.292,0,70.6345
101.826,-200.0584,34.391,0,70.6129
101.841,-201.114,34.49,0,70.5913
101.854,-202.0274,34.575,0,70.5649
101.867,-202.941,34.66,0,70.5384
101.88,-203.854,34.745,0,70.5119
101.894,-204.837,34.836,0,70.4755
101.908,-205.82,34.926,0,70.439
101.922,-206.802,35.017,0,70.4026
101.94,-208.064,35.133,0,70.368
101.958,-209.326,35.249,0,70.3334
101.976,-210.587,35.365,0,70.2988
101.988,-211.427,35.442,0,70.3033
102,-212.267,35.519,0,70.3079
102.012,-213.108,35.596,0,70.3124
102.024,-213.948,35.673,0,70.3169
102.039,-214.998,35.769,0,70.3336
102.054,-216.049,35.865,0,70.3503
102.069,-217.099,35.961,0,70.3669
102.083,-218.057,36.049,0,70.3696
102.096,-219.014,36.136,0,70.3723
102.11,-219.972,36.223,0,70.375
102.124,-220.929,36.311,0,70.3777
102.137,-221.887,36.398,0,70.3803
102.151,-222.845,36.486,0,70.383
102.165,-223.802,36.573,0,70.3857
102.178,-224.76,36.661,0,70.3884
102.192,-225.717,36.748,0,70.3911
102.212,-227.084,36.873,0,70.4048
102.231,-228.452,36.998,0,70.4185
102.243,-229.293,37.075,0,70.4328
102.255,-230.135,37.152,0,70.447
102.268,-231.047,37.235,0,70.4526
102.281,-231.959,37.318,0,70.4582
102.294,-232.871,37.402,0,70.4638
102.307,-233.783,37.485,0,70.4693
102.32,-234.695,37.568,0,70.4749
102.333,-235.607,37.651,0,70.4804
102.354,-237.081,37.786,0,70.4939
102.375,-238.555,37.921,0,70.5073
102.388,-239.468,38.005,0,70.5186
102.401,-240.381,38.089,0,70.53
102.414,-241.294,38.172,0,70.5414
102.426,-242.137,38.25,0,70.548
102.438,-242.98,38.327,0,70.5547
102.45,-243.823,38.404,0,70.5614
102.462,-244.666,38.481,0,70.5681
102.48,-245.931,38.597,0,70.5792
102.498,-247.197,38.713,0,70.5904
102.516,-248.462,38.829,0,70.6015
102.529,-249.376,38.912,0,70.6123
102.542,-250.29,38.996,0,70.6231
102.555,-251.204,39.08,0,70.6339
102.568,-252.101,39.162,0,70.6416
102.581,-252.998,39.244,0,70.6493
102.593,-253.895,39.326,0,70.6571
102.606,-254.792,39.408,0,70.6648
102.62,-255.777,39.499,0,70.6748
102.634,-256.762,39.589,0,70.6847
102.648,-257.748,39.679,0,70.6947
102.661,-258.698,39.766,0,70.7022
102.675,-259.649,39.853,0,70.7098
102.689,-260.599,39.94,0,70.7173
102.702,-261.55,40.027,0,70.7249
102.718,-262.677,40.131,0,70.7378
102.734,-263.804,40.234,0,70.7507
102.75,-264.931,40.337,0,70.7636
102.768,-266.199,40.453,0,70.7923
102.781,-267.081,40.534,0,70.7977
102.793,-267.962,40.615,0,70.8032
102.805,-268.843,40.696,0,70.8086
102.818,-269.724,40.777,0,70.8141
102.831,-270.606,40.858,0,70.8196
102.843,-271.487,40.939,0,70.825
102.859,-272.651,41.046,0,70.8472
102.876,-273.814,41.153,0,70.8693
102.889,-274.788,41.242,0,70.874
102.902,-275.762,41.332,0,70.8787
102.916,-276.736,41.421,0,70.8833
102.929,-277.71,41.511,0,70.888
102.942,-278.684,41.6,0,70.8927
102.958,-279.743,41.697,0,70.9101
102.975,-280.802,41.794,0,70.9276
102.988,-281.734,41.88,0,70.9334
103.001,-282.666,41.966,0,70.9393
103.015,-283.599,42.052,0,70.9452
103.028,-284.531,42.137,0,70.9511
103.041,-285.463,42.223,0,70.9569
103.055,-286.453,42.314,0,70.9685
103.069,-287.442,42.405,0,70.9801
103.083,-288.431,42.496,0,70.9917
103.098,-289.492,42.594,0,71.0014
103.113,-290.552,42.691,0,71.0111
103.128,-291.613,42.789,0,71.0209
103.141,-292.568,42.877,0,71.0292
103.155,-293.522,42.965,0,71.0376
103.169,-294.477,43.053,0,71.0459
103.182,-295.432,43.142,0,71.0542
103.203,-296.918,43.279,0,71.0859
103.217,-297.895,43.369,0,71.0917
103.231,-298.872,43.459,0,71.0976
103.244,-299.848,43.549,0,71.1034
103.258,-300.825,43.639,0,71.1093
103.272,-301.802,43.729,0,71.1151
103.286,-302.794,43.821,0,71.1264
103.3,-303.785,43.912,0,71.1377
103.314,-304.777,44.004,0,71.1489
103.329,-305.839,44.102,0,71.156
103.344,-306.902,44.2,0,71.163
103.359,-307.965,44.298,0,71.17
103.374,-309.028,44.396,0,71.1771
103.387,-309.985,44.484,0,71.1931
103.401,-310.942,44.572,0,71.2091
103.416,-312.005,44.67,0,71.2169
103.431,-313.069,44.768,0,71.2246
103.446,-314.133,44.866,0,71.2324
103.461,-315.197,44.964,0,71.2402
103.471,-315.906,45.029,0,71.2509
103.481,-316.615,45.095,0,71.2617
103.491,-317.325,45.16,0,71.2724
103.506,-318.389,45.258,0,71.2798
103.521,-319.454,45.357,0,71.2872
103.536,-320.519,45.455,0,71.2946
103.551,-321.583,45.554,0,71.302
103.566,-322.648,45.652,0,71.3164
103.581,-323.713,45.751,0,71.3309
103.594,-324.608,45.834,0,71.3376
103.606,-325.503,45.917,0,71.3444
103.619,-326.398,45.999,0,71.3511
103.631,-327.293,46.082,0,71.3578
103.644,-328.188,46.165,0,71.3645
103.66,-329.36,46.275,0,71.3783
103.677,-330.533,46.384,0,71.3922
103.69,-331.471,46.471,0,71.3987
103.703,-332.41,46.558,0,71.4052
103.717,-333.348,46.646,0,71.4117
103.73,-334.286,46.733,0,71.4182
103.743,-335.225,46.82,0,71.4247
103.759,-336.398,46.93,0,71.4386
103.776,-337.572,47.039,0,71.4526
103.789,-338.511,47.126,0.3402,71.4591
103.802,-339.45,47.214,0.6804,71.4656
103.816,-340.389,47.301,1.0206,71.4721
103.829,-341.329,47.389,1.3608,71.4786
103.842,-342.268,47.476,1.701,71.4851
103.857,-343.336,47.576,2.457,71.4966
103.872,-344.403,47.676,3.213,71.5081
103.887,-345.471,47.776,3.969,71.5196
103.902,-346.539,47.877,4.725,71.5297
103.917,-347.608,47.977,5.481,71.5398
103.932,-348.676,48.078,6.237,71.5499
103.949,-349.851,48.19,7.300125,71.564
103.965,-351.027,48.301,8.36325,71.578
103.979,-351.988,48.395,8.894799,71.5853
103.992,-352.95,48.489,9.426375,71.5926
104.005,-353.912,48.582,9.957924,71.5998
104.019,-354.874,48.676,10.4895,71.607
104.031,-355.729,48.762,7.867125,71.614
104.043,-356.584,48.848,5.24475,71.6209
104.055,-357.439,48.935,2.622375,71.6278
104.067,-358.294,49.021,0,71.6347
104.081,-359.256,49.122,0,71.6423
104.094,-360.218,49.222,0,71.6499
104.107,-361.18,49.322,0,71.6575
104.121,-362.142,49.423,0,71.665
104.139,-363.425,49.559,0,71.6787
104.153,-364.409,49.666,0,71.6892
104.167,-365.392,49.772,0,71.6995
104.18,-366.376,49.879,0,71.7098
104.194,-367.359,49.985,0,71.7201
104.208,-368.343,50.092,0,71.7303
104.226,-369.626,50.234,0,71.7434
104.244,-370.91,50.376,0,71.7563
104.256,-371.765,50.473,0,71.7631
104.268,-372.621,50.57,0,71.7699
104.28,-373.477,50.666,0,71.7767
104.292,-374.333,50.763,0,71.7834
104.304,-375.188,50.86,0,71.7902
104.319,-376.258,50.983,0,71.8053
104.334,-377.328,51.106,0,71.8202
104.348,-378.313,51.22,0.2835,71.8245
104.362,-379.297,51.334,0.567,71.8287
104.375,-380.282,51.448,0.8505,71.8329
104.389,-381.266,51.563,1.134,71.8371
104.403,-382.251,51.677,1.4175,71.8413
104.415,-383.107,51.777,2.622375,71.8642
104.427,-383.963,51.876,3.82725,71.8869
104.441,-384.992,51.997,4.22415,71.8923
104.456,-386.02,52.117,4.62105,71.8978
104.47,-387.048,52.238,5.01795,71.9032
104.485,-388.076,52.358,5.41485,71.9086
104.499,-389.104,52.479,5.81175,71.914
104.514,-390.176,52.606,6.94575,71.9317
104.529,-391.247,52.733,8.07975,71.9494
104.544,-392.318,52.862,8.611299,71.9548
104.559,-393.39,52.991,9.142875,71.9602
104.574,-394.462,53.12,9.674424,71.9655
104.589,-395.533,53.25,10.206,71.9708
104.602,-396.462,53.364,10.962,71.9791
104.615,-397.391,53.478,11.718,71.9874
104.628,-398.319,53.592,12.474,71.9955
104.643,-399.391,53.73,13.005576,72.0027
104.658,-400.462,53.868,13.537125,72.0098
104.673,-401.533,54.006,14.068701,72.0168
104.688,-402.605,54.144,14.60025,72.0237
104.699,-403.39,54.25,10.8675,72.0284
104.71,-404.175,54.357,7.134777,72.0329
104.721,-404.96,54.463,3.402027,72.0374
104.735,-405.977,54.607,2.5515135,72.0423
104.749,-406.993,54.752,1.7010081,72.0472
104.764,-408.01,54.896,0.8505054,72.0521
104.778,-409.026,55.04,0,72.0569
104.793,-410.096,55.198,0,72.0788
104.808,-411.165,55.355,0,72.1005
104.823,-412.235,55.513,0,72.1222
104.836,-413.182,55.658,0,72.1273
104.85,-414.129,55.803,0,72.1323
104.863,-415.076,55.949,0,72.1374
104.876,-416.023,56.094,0,72.1424
104.889,-416.97,56.24,0,72.1474
104.903,-417.917,56.385,0,72.1524
104.916,-418.864,56.53,0,72.1573
104.929,-419.791,56.678,0,72.1668
104.942,-420.717,56.825,0,72.1762
104.955,-421.644,56.972,0,72.1855
104.97,-422.713,57.145,0,72.1938
104.985,-423.782,57.318,0,72.202
105,-424.851,57.491,0,72.2102
105.015,-425.92,57.665,0,72.2183
105.03,-426.989,57.842,0.189,72.2304
105.045,-428.058,58.019,0.378,72.2424
105.06,-429.127,58.196,0.567,72.2545
105.075,-430.196,58.374,2.69325,72.2758
105.087,-431.052,58.518,3.07125,72.2807
105.099,-431.907,58.661,3.44925,72.2855
105.111,-432.762,58.805,3.82725,72.2904
105.123,-433.618,58.948,4.20525,72.2952
105.135,-434.473,59.092,4.58325,72.3
105.147,-435.329,59.235,4.96125,72.3049
105.163,-436.469,59.429,5.71725,72.3202
105.179,-437.61,59.622,6.47325,72.3354
105.195,-438.751,59.816,7.22925,72.3504
105.209,-439.75,59.987,7.938,72.3591
105.223,-440.748,60.159,8.64675,72.3677
105.237,-441.746,60.33,9.3555,72.3762
105.25,-442.655,60.49,9.9225,72.3828
105.262,-443.564,60.649,10.4895,72.3893
105.275,-444.473,60.808,11.0565,72.3957
105.288,-445.383,60.967,11.6235,72.4022
105.303,-446.452,61.157,13.8915,72.4295
105.316,-447.378,61.328,14.245875,72.4319
105.329,-448.304,61.499,14.60025,72.4342
105.342,-449.23,61.67,14.954625,72.4366
105.355,-450.156,61.841,15.309027,72.4389
105.368,-451.081,62.012,15.663402,72.4412
105.381,-452.007,62.183,16.017777,72.4434
105.396,-453.074,62.389,17.151777,72.4488
105.411,-454.141,62.595,18.28575,72.454
105.425,-455.121,62.795,18.711,72.4572
105.439,-456.101,62.995,19.13625,72.4603
105.452,-457.081,63.195,19.5615,72.4634
105.466,-458.061,63.395,19.98675,72.4665
105.48,-459.041,63.594,20.412,72.4697
105.496,-460.175,63.837,21.168,72.4713
105.512,-461.309,64.08,21.924,72.4729
105.528,-462.443,64.323,22.68,72.4745
105.542,-463.434,64.541,23.38875,72.4753
105.556,-464.425,64.759,24.0975,72.4759
105.57,-465.416,64.977,24.806223,72.4764
105.583,-466.317,65.183,18.604674,72.4776
105.596,-467.218,65.39,12.403125,72.4786
105.608,-468.119,65.597,6.201549,72.4794
105.621,-469.02,65.803,0,72.4799
105.636,-470.077,66.059,0,72.4831
105.651,-471.134,66.315,0,72.4862
105.666,-472.191,66.57,0,72.4893
105.679,-473.087,66.799,0,72.4966
105.691,-473.983,67.028,0,72.5034
105.704,-474.879,67.257,0,72.51
105.717,-475.775,67.486,0,72.5162
105.732,-476.827,67.763,0,72.528
105.747,-477.879,68.04,0,72.5384
105.76,-478.79,68.283,0,72.5525
105.773,-479.701,68.527,0,72.5663
105.786,-480.612,68.771,0,72.5799
105.801,-481.662,69.057,0,72.5893
105.816,-482.713,69.344,0,72.5985
105.831,-483.763,69.63,0,72.6077
105.846,-484.814,69.916,0,72.6168
105.859,-485.759,70.177,0,72.6247
105.873,-486.704,70.437,0,72.6326
105.887,-487.649,70.698,0,72.6405
105.9,-488.594,70.959,0,72.6483
105.918,-489.855,71.307,0,72.6895
105.929,-490.66,71.531,0,72.6952
105.941,-491.465,71.755,0,72.701
105.952,-492.271,71.979,0,72.7067
105.964,-493.076,72.203,0,72.7124
105.976,-493.881,72.427,0,72.7181
105.987,-494.687,72.651,0,72.7238
106.003,-495.842,72.975,0.921375,72.7394
106.02,-496.997,73.299,1.84275,72.755
106.034,-498.005,73.585,2.29635,72.7616
106.049,-499.013,73.871,2.74995,72.7682
106.063,-500.021,74.157,3.20355,72.7748
106.078,-501.03,74.443,3.65715,72.7813
106.092,-502.038,74.728,4.11075,72.7879
106.105,-502.947,74.989,4.86675,72.7979
106.118,-503.857,75.25,5.62275,72.8079
106.131,-504.767,75.511,6.37875,72.8179
106.145,-505.711,75.784,6.94575,72.8267
106.158,-506.656,76.057,7.51275,72.8355
106.171,-507.601,76.33,8.07975,72.8442
106.185,-508.545,76.603,8.64675,72.853
106.2,-509.594,76.909,9.709875,72.8672
106.215,-510.644,77.2142,10.773,72.8813
106.228,-511.566,77.4877,11.2266,72.8887
106.241,-512.489,77.7613,11.6802,72.8961
106.255,-513.411,78.0348,12.1338,72.9034
106.268,-514.334,78.3084,12.5874,72.9107
106.281,-515.256,78.5819,13.041,72.9179
106.292,-516.093,78.836,14.175,72.927
106.302,-516.931,79.09,15.309027,72.9358
106.319,-518.08,79.4477,15.840576,72.9445
106.337,-519.229,79.8053,16.372152,72.9532
106.354,-520.378,80.163,16.903701,72.9619
106.371,-521.528,80.5206,17.435277,72.9706
106.385,-522.467,80.8185,18.56925,72.9482
106.398,-523.406,81.1164,19.70325,72.9257
106.411,-524.322,81.4117,15.7626,72.9365
106.424,-525.238,81.7071,11.82195,72.947
106.438,-526.155,82.0025,7.8813,72.9573
106.451,-527.071,82.2979,3.94065,72.9673
106.464,-527.987,82.5933,0,72.977
106.479,-529.025,82.9426,0,72.9646
106.494,-530.062,83.2919,0,72.9509
106.507,-530.929,83.5989,0,72.9569
106.519,-531.795,83.9059,0,72.9619
106.532,-532.662,84.2128,0,72.9658
106.544,-533.529,84.5198,0,72.9686
106.557,-534.395,84.8268,0,72.9704
106.572,-535.424,85.2004,0,72.9453
106.587,-536.453,85.574,0,72.9169
106.6,-537.357,85.9027,0,72.8976
106.613,-538.262,86.2314,0,72.8781
106.627,-539.166,86.5601,0,72.8586
106.64,-540.07,86.8888,0,72.839
106.653,-540.975,87.2176,0,72.8193
106.667,-541.934,87.5664,0,72.8991
106.681,-542.893,87.9153,0,72.9769
106.695,-543.853,88.2642,0,73.0528
106.708,-544.745,88.5897,0.0945,73.0625
106.721,-545.637,88.9153,0.189,73.0714
106.734,-546.529,89.2408,0.2835,73.0796
106.747,-547.456,89.5805,0.8150625,73.086
106.761,-548.382,89.9202,1.346625,73.0922
106.775,-549.309,90.2598,1.8781875,73.0983
106.788,-550.235,90.5995,2.40975,73.1042
106.806,-551.47,91.0532,4.67775,73.1246
106.818,-552.293,91.3581,5.05575,73.1251
106.83,-553.116,91.6631,5.43375,73.1256
106.842,-553.938,91.9681,5.81175,73.126
106.854,-554.761,92.273,6.18975,73.1265
106.866,-555.584,92.578,6.56775,73.127
106.878,-556.407,92.883,6.94575,73.1275
106.897,-557.741,93.3859,8.07975,73.1445
106.917,-559.075,93.8889,9.21375,73.1613
106.93,-559.936,94.2178,9.639,73.1655
106.942,-560.797,94.5467,10.06425,73.1697
106.955,-561.658,94.8756,10.4895,73.1739
106.967,-562.519,95.2045,10.91475,73.1781
106.98,-563.38,95.5334,11.34,73.1822
106.995,-564.404,95.93,12.04875,73.1878
107.01,-565.427,96.3265,12.7575,73.1933
107.025,-566.451,96.7231,13.46625,73.1987
107.039,-567.404,97.0982,14.22225,73.2041
107.053,-568.358,97.4733,14.97825,73.2094
107.067,-569.311,97.8484,15.734277,73.2146
107.078,-570.076,98.1542,16.301277,73.214
107.09,-570.841,98.4599,16.868277,73.2134
107.101,-571.605,98.7657,17.435277,73.2128
107.112,-572.37,99.0714,18.002277,73.2121
107.127,-573.387,99.4847,20.1285,73.2287
107.142,-574.4,99.9107,20.5821,73.224
107.157,-575.412,100.3367,21.0357,73.2193
107.172,-576.424,100.7627,21.4893,73.2145
107.187,-577.436,101.1887,21.9429,73.2098
107.202,-578.448,101.6147,22.3965,73.205
107.217,-579.453,102.0572,23.459625,73.2038
107.232,-580.458,102.4997,24.522723,73.2026
107.244,-581.255,102.8669,24.900723,73.1887
107.256,-582.053,103.2341,25.278723,73.1749
107.268,-582.851,103.6014,25.656723,73.161
107.28,-583.648,103.9686,26.034723,73.1471
107.292,-584.446,104.3358,26.412723,73.1332
107.304,-585.243,104.7031,26.790723,73.1194
107.32,-586.295,105.215,27.54675,73.123
107.336,-587.347,105.7269,28.30275,73.1248
107.352,-588.398,106.2388,29.05875,73.1248
107.367,-589.379,106.7298,29.7675,73.1318
107.382,-590.36,107.2207,30.47625,73.1379
107.397,-591.341,107.7116,31.185,73.143
107.41,-592.171,108.1358,31.71663,73.1423
107.423,-593.001,108.56,32.24799,73.1412
107.435,-593.831,108.9842,32.77962,73.1398
107.448,-594.662,109.4084,33.31125,73.1379
107.463,-595.633,109.9182,34.06725,73.132
107.478,-596.604,110.428,34.82325,73.1257
107.493,-597.575,110.9378,35.57925,73.119
107.501,-598.059,111.197,36.64224,73.0847
107.508,-598.542,111.4562,37.7055,73.0475
107.525,-599.594,112.0444,38.2725,73.0165
107.541,-600.646,112.6326,38.8395,72.9848
107.557,-601.697,113.2208,39.4065,72.9527
107.574,-602.749,113.809,39.9735,72.9199
107.585,-603.438,114.2204,40.7295,72.9102
107.596,-604.127,114.6318,41.4855,72.896
107.607,-604.815,115.0432,42.2415,72.8775
107.621,-605.669,115.5742,36.7416,72.8525
107.635,-606.523,116.1052,31.2417,72.8269
107.648,-607.377,116.6362,25.741692,72.8009
107.662,-608.231,117.1673,20.241792,72.7743
107.676,-609.085,117.6983,14.741892,72.7472
107.692,-610.066,118.3245,9.827919,72.7187
107.708,-611.048,118.9507,4.913973,72.6857
107.724,-612.03,119.5769,0,72.6482
107.737,-612.822,120.0946,0,72.644
107.75,-613.614,120.6124,0,72.6371
107.763,-614.406,121.1301,0,72.6276
107.777,-615.22,121.6799,0,72.6134
107.79,-616.034,122.2298,0,72.5991
107.803,-616.849,122.7796,0,72.5848
107.817,-617.663,123.3295,0,72.5704
107.835,-618.736,124.0783,0,72.4743
107.849,-619.543,124.6714,0,72.4822
107.863,-620.351,125.2645,0,72.4888
107.876,-621.158,125.8577,0,72.4943
107.89,-621.965,126.4508,0,72.4985
107.904,-622.772,127.0439,0,72.5015
107.916,-623.462,127.5749,0,72.5162
107.928,-624.152,128.1059,0,72.5278
107.94,-624.842,128.6369,0,72.5363
107.953,-625.593,129.2309,0,72.5437
107.966,-626.344,129.8249,0,72.5509
107.98,-627.095,130.4188,0,72.5577
107.993,-627.846,131.0128,0,72.5642
108.006,-628.597,131.6068,0,72.5704
108.022,-629.529,132.359,0,72.5913
108.039,-630.461,133.1112,0,72.6107
108.052,-631.203,133.7174,0,72.6166
108.065,-631.946,134.3236,0,72.6224
108.079,-632.688,134.9298,0,72.6281
108.092,-633.431,135.536,0,72.6336
108.105,-634.173,136.1422,0,72.6391
108.122,-635.1,136.9027,0,72.657
108.138,-636.026,137.6632,0,72.6747
108.153,-636.866,138.3578,0,72.6771
108.168,-637.706,139.0524,0,72.6794
108.183,-638.547,139.747,0,72.6817
108.198,-639.387,140.4416,0,72.684
108.21,-640.057,141.0001,0,72.6928
108.222,-640.727,141.5585,0,72.7015
108.234,-641.398,142.117,0,72.7103
108.247,-642.122,142.7244,0.04725,72.717
108.26,-642.846,143.3319,0.0945,72.7236
108.273,-643.57,143.9393,0.14175,72.7302
108.288,-644.403,144.644,0.6733125,72.7358
108.303,-645.236,145.3487,1.204875,72.7413
108.318,-646.069,146.0534,1.7364375,72.7468
108.333,-646.901,146.7581,2.268,72.7524
108.344,-647.524,147.289,2.835,72.7562
108.355,-648.147,147.8198,3.402,72.7601
108.367,-648.77,148.3506,3.969,72.7639
108.378,-649.393,148.8814,4.536,72.7678
108.396,-650.388,149.7336,5.292,72.7777
108.414,-651.383,150.5858,6.048,72.7875
108.432,-652.378,151.438,6.804,72.7973
108.443,-652.984,151.9616,7.51275,72.8027
108.454,-653.589,152.4852,8.2215,72.8081
108.465,-654.195,153.0088,8.93025,72.8134
108.48,-655.017,153.7275,9.49725,72.8161
108.495,-655.84,154.4461,10.06425,72.8188
108.51,-656.662,155.1647,10.63125,72.8214
108.525,-657.484,155.8833,11.19825,72.824
108.537,-658.138,156.463,11.907,72.8314
108.549,-658.791,157.0428,12.61575,72.8387
108.561,-659.445,157.6225,13.3245,72.8459
108.574,-660.134,158.2445,13.8915,72.8488
108.587,-660.823,158.8666,14.4585,72.8516
108.599,-661.512,159.4886,15.0255,72.8544
108.612,-662.201,160.1106,15.592527,72.8572
108.627,-663.006,160.8491,16.301277,72.8516
108.642,-663.811,161.5875,17.010027,72.8458
108.657,-664.616,162.326,17.718777,72.8398
108.671,-665.372,163.037,18.321201,72.8438
108.686,-666.127,163.7481,18.923625,72.8474
108.7,-666.883,164.4591,19.526076,72.8505
108.714,-667.639,165.1702,20.1285,72.8531
108.729,-668.426,165.9267,22.25475,72.8607
108.742,-669.129,166.6141,22.63275,72.8561
108.756,-669.832,167.30145,23.01075,72.8514
108.77,-670.535,167.98881,23.38875,72.8467
108.783,-671.238,168.67618,23.76675,72.8418
108.796,-671.94,169.36355,24.14475,72.8369
108.81,-672.643,170.05091,24.522723,72.8319
108.828,-673.569,170.97897,25.585848,72.8123
108.846,-674.494,171.90704,26.648973,72.7917
108.857,-675.067,172.50644,27.1026,72.7796
108.869,-675.64,173.10585,27.5562,72.7671
108.88,-676.214,173.70526,28.0098,72.7545
108.892,-676.787,174.30466,28.4634,72.7415
108.903,-677.36,174.90407,28.917,72.7283
108.923,-678.32,175.9472,30.051,72.7205
108.942,-679.28,176.9903248,31.185,72.706
108.954,-679.867,177.635457,23.388723,72.688
108.966,-680.453,178.28059,15.592473,72.6697
108.978,-681.04,178.92572,7.79625,72.651
108.99,-681.626,179.57085,0,72.6322
109.003,-682.259,180.27222,0,72.6465
109.016,-682.891,180.97358,0,72.6586
109.029,-683.524,181.67494,0,72.6686
109.042,-684.171,182.41205,0,72.655
109.056,-684.819,183.14916,0,72.6397
109.07,-685.466,183.88628,0,72.6225
109.083,-686.114,184.62339,0,72.6037
109.096,-686.744,185.37433,0,72.577
109.11,-687.374,186.12528,0,72.5377
109.124,-688.026,186.94035,0.19845,72.5298
109.139,-688.679,187.7554,0.3969,72.52
109.153,-689.332,188.5705,0.59535,72.5084
109.168,-689.985,189.3856,0.7938,72.4951
109.182,-690.637,190.2006,0.99225,72.4799
109.198,-691.359,191.107,1.74825,72.4271
109.214,-692.082,192.0134,2.50425,72.3718
109.23,-692.804,192.9198,3.26025,72.314
109.244,-693.433,193.7127,4.01625,72.2632
109.258,-694.062,194.5055,4.77225,72.2095
109.272,-694.691,195.2983,5.52825,72.1529
109.284,-695.228,195.9782,6.059799,72.1976
109.296,-695.765,196.6582,6.591375,72.2308
109.308,-696.302,197.3381,7.122924,72.2526
109.32,-696.84,198.018,7.6545,72.263
109.336,-697.553,198.9253,8.4105,72.1891
109.352,-698.267,199.8327,9.1665,72.1107
109.368,-698.981,200.7401,9.9225,72.0275
109.38,-699.511,201.4218,10.985625,71.9631
109.392,-700.041,202.1035,12.04875,71.8788
109.406,-700.646,202.8879,12.50235,71.8488
109.42,-701.252,203.6723,12.95595,71.8184
109.433,-701.857,204.4567,13.40955,71.7878
109.447,-702.463,205.2411,13.86315,71.7567
109.461,-703.068,206.0254,14.31675,71.7254
109.476,-703.72,206.8792,15.7815,71.602
109.491,-704.373,207.7331,17.24625,71.4683
109.506,-705.025,208.5869,18.711,71.3242
109.521,-705.654,209.4521,19.089,71.291
109.536,-706.283,210.3173,19.467,71.2571
109.551,-706.913,211.1825,19.845,71.2226
109.566,-707.542,212.0478,20.223,71.1875
109.581,-708.171,212.913,20.601,71.1517
109.596,-708.8,213.7782,20.979,71.1154
109.608,-709.279,214.4833,21.68775,71.0642
109.62,-709.758,215.1884,22.3965,71.0083
109.632,-710.236,215.8934,23.10525,70.9476
109.648,-710.885,216.8667,23.67225,70.9197
109.665,-711.534,217.8399,24.23925,70.8906
109.682,-712.182,218.8131,24.806223,70.8603
109.698,-712.831,219.7863,25.373223,70.8289
109.709,-713.268,220.4521,25.940223,70.8138
109.72,-713.705,221.1178,26.507223,70.7961
109.732,-714.143,221.7836,27.07425,70.7757
109.743,-714.58,222.4494,27.64125,70.7525
109.759,-715.191,223.4029,28.35,70.7308
109.775,-715.803,224.3565,29.05875,70.7074
109.791,-716.414,225.3101,29.7675,70.6824
109.809,-717.079,226.3957,30.9015,70.5971
109.827,-717.744,227.4814,32.0355,70.5105
109.84,-718.217,228.308,32.56713,70.4951
109.854,-718.691,229.1346,33.09849,70.4794
109.868,-719.164,229.9613,33.63012,70.4633
109.881,-719.638,230.7879,34.16175,70.447
109.895,-720.097,231.6214,35.29575,70.3859
109.908,-720.557,232.455,36.42975,70.3249
109.924,-721.072,233.4368,36.99675,70.3162
109.939,-721.588,234.4187,37.56375,70.3072
109.955,-722.103,235.4005,38.13075,70.2981
109.971,-722.618,236.3824,38.69775,70.2889
109.981,-722.932,237.012,32.27175,70.2892
109.991,-723.246,237.6416,25.845669,70.2885
110.001,-723.56,238.2713,19.419669,70.2868
110.018,-724.066,239.3155,14.564745,70.2767
110.034,-724.571,240.3597,9.709821,70.2665
110.05,-725.077,241.4039,4.854924,70.2562
110.067,-725.583,242.4481,0,70.2459
110.082,-726.032,243.4016,0,70.2747
110.097,-726.482,244.3552,0,70.3023
110.112,-726.917,245.3161,0,70.3078
110.127,-727.352,246.277,0,70.3128
110.142,-727.787,247.2378,0,70.3173
110.157,-728.221,248.1987,0,70.3214
110.171,-728.594,249.0718,0,70.3284
110.184,-728.967,249.9449,0,70.3344
110.197,-729.34,250.818,0,70.3396
110.211,-729.713,251.6911,0,70.3438
110.225,-730.085,252.603,0,70.3595
110.239,-730.456,253.5149,0,70.3744
110.253,-730.828,254.4268,0,70.3885
110.266,-731.159,255.2613,-0.2480625,70.3994
110.279,-731.489,256.0958,-0.496125,70.4101
110.291,-731.819,256.9304,-0.7441875,70.4207
110.304,-732.15,257.7649,-0.99225,70.4313
110.322,-732.614,258.9447,0,70.4323
110.336,-732.969,259.8494,0,70.4463
110.35,-733.325,260.7541,0,70.4604
110.363,-733.681,261.6588,0,70.4744
110.377,-734.037,262.5635,0,70.4883
110.391,-734.393,263.4682,0,70.5023
110.405,-734.752,264.3873,0.61425,70.508
110.419,-735.111,265.3065,1.2285,70.5125
110.433,-735.47,266.2257,1.84275,70.5159
110.448,-735.848,267.214,2.40975,70.5191
110.463,-736.225,268.2022,2.97675,70.5221
110.478,-736.602,269.1905,3.54375,70.5247
110.493,-736.979,270.1787,4.11075,70.5271
110.508,-737.35,271.1695,5.173875,70.5405
110.523,-737.721,272.1603,6.237,70.5517
110.537,-738.059,273.0734,6.71895,70.5553
110.551,-738.397,273.9866,7.2009,70.5589
110.564,-738.735,274.8998,7.68285,70.5625
110.578,-739.073,275.813,8.1648,70.5661
110.592,-739.41,276.7262,8.64675,70.5697
110.608,-739.797,277.788,9.3555,70.5831
110.624,-740.183,278.849,10.06425,70.5961
110.64,-740.569,279.911,10.773,70.6086
110.654,-740.9,280.842,11.529,70.6197
110.668,-741.231,281.774,12.285,70.6305
110.682,-741.562,282.705,13.041,70.6409
110.695,-741.855,283.557,13.572576,70.6448
110.708,-742.148,284.409,14.104125,70.6485
110.72,-742.441,285.26,14.635701,70.6522
110.733,-742.734,286.112,15.16725,70.6557
110.748,-743.067,287.118,15.923277,70.6546
110.763,-743.4,288.124,16.679277,70.6534
110.778,-743.733,289.13,17.435277,70.6521
110.793,-744.057,290.139,19.5615,70.6825
110.807,-744.348,291.07,20.0151,70.6793
110.821,-744.639,292.001,20.4687,70.676
110.834,-744.93,292.932,20.9223,70.6727
110.848,-745.221,293.863,21.3759,70.6693
110.862,-745.512,294.794,21.8295,70.6659
110.88,-745.888,296.009,22.9635,70.6887
110.898,-746.265,297.224,24.0975,70.7116
110.911,-746.534,298.117,24.522723,70.7115
110.924,-746.803,299.011,24.947973,70.7113
110.938,-747.072,299.905,25.373223,70.7108
110.951,-747.341,300.799,25.798473,70.7101
110.964,-747.61,301.692,26.223723,70.7092
110.979,-747.891,302.715,17.482473,70.6951
110.994,-748.173,303.737,8.74125,70.681
111.009,-748.454,304.759,0,70.6667
111.022,-748.682,305.649,0,70.6671
111.035,-748.91,306.539,0,70.6659
111.048,-749.138,307.429,0,70.6631
111.063,-749.396,308.457,0,70.6768
111.078,-749.653,309.486,0,70.6905
111.093,-749.91,310.514,0,70.7041
111.11,-750.197,311.682,0,70.7142
111.127,-750.484,312.849,0,70.724
111.144,-750.771,314.017,0,70.7334
111.158,-751.005,314.997,0,70.7443
111.173,-751.239,315.978,0,70.7547
111.187,-751.472,316.959,0,70.7647
111.201,-751.706,317.939,0,70.7742
111.213,-751.893,318.768,0,70.779
111.225,-752.08,319.597,0,70.7838
111.237,-752.267,320.425,0,70.7884
111.249,-752.454,321.254,0,70.7929
111.263,-752.662,322.223,0.42525,70.799
111.277,-752.869,323.192,0.8505,70.8049
111.291,-753.077,324.161,1.27575,70.8106
111.308,-753.319,325.34,2.03175,70.8102
111.325,-753.561,326.519,2.78775,70.8078
111.342,-753.803,327.698,3.54375,70.8036
111.353,-753.958,328.461,4.29975,70.8113
111.364,-754.113,329.224,5.05575,70.819
111.375,-754.268,329.987,5.81175,70.8267
111.39,-754.477,331.029,6.343299,70.8344
111.405,-754.686,332.071,6.874875,70.8416
111.42,-754.894,333.112,7.406424,70.8482
111.435,-755.103,334.154,7.938,70.8542
111.453,-755.345,335.406,9.072,70.867
111.471,-755.587,336.658,10.206,70.8767
111.485,-755.77,337.651,10.737576,70.8832
111.499,-755.953,338.644,11.269125,70.8892
111.514,-756.136,339.637,11.800701,70.8947
111.528,-756.319,340.63,12.33225,70.8998
111.54,-756.466,341.467,13.08825,70.9035
111.552,-756.612,342.305,13.84425,70.9062
111.564,-756.759,343.143,14.60025,70.9081
111.58,-756.944,344.243,15.16725,70.9083
111.596,-757.128,345.344,15.734277,70.9084
111.611,-757.313,346.445,16.301277,70.9084
111.627,-757.498,347.546,16.868277,70.9083
111.642,-757.666,348.596,17.931402,70.9161
111.657,-757.834,349.646,18.9945,70.9228
111.669,-757.961,350.487,19.7505,70.9258
111.681,-758.089,351.328,20.5065,70.9287
111.693,-758.216,352.169,21.2625,70.9314
111.706,-758.342,353.097,21.7161,70.9302
111.719,-758.469,354.024,22.1697,70.9289
111.733,-758.595,354.952,22.6233,70.9276
111.746,-758.721,355.879,23.0769,70.9263
111.759,-758.848,356.806,23.5305,70.925
111.774,-758.974,357.863,24.593598,70.9161
111.789,-759.1,358.919,25.656723,70.9072
111.805,-759.213,360.029,19.242549,70.9026
111.82,-759.326,361.14,12.828375,70.8979
111.836,-759.439,362.251,6.414174,70.8929
111.852,-759.551,363.362,0,70.8878
111.867,-759.639,364.421,0,70.8964
111.882,-759.727,365.481,0,70.9044
111.896,-759.796,366.499,0,70.9099
111.911,-759.865,367.518,0,70.9151
111.925,-759.934,368.536,0,70.92
111.94,-760.003,369.554,0,70.9246
111.954,-760.072,370.573,0,70.9289
111.965,-760.118,371.352,0.567,70.9301
111.976,-760.165,372.13,1.134,70.9309
111.987,-760.211,372.909,1.701,70.9313
112.003,-760.276,374.024,2.268,70.928
112.019,-760.342,375.138,2.835,70.9246
112.034,-760.407,376.253,3.402,70.921
112.05,-760.473,377.368,3.969,70.9173
112.064,-760.529,378.36,4.725,70.9433
112.078,-760.585,379.352,5.481,70.9686
112.092,-760.641,380.344,6.237,70.9932
112.11,-760.707,381.62,7.300125,71.0053
112.128,-760.774,382.896,8.36325,71.0174
112.141,-760.814,383.79,8.81685,71.0197
112.153,-760.853,384.684,9.27045,71.0221
112.166,-760.893,385.577,9.72405,71.0244
112.178,-760.932,386.471,10.17765,71.0266
112.191,-760.972,387.365,10.63125,71.0289
112.206,-761.005,388.429,11.34,71.0328
112.221,-761.037,389.494,12.04875,71.0368
112.236,-761.07,390.558,12.7575,71.0406
112.248,-761.088,391.41,13.46625,71.0448
112.26,-761.106,392.261,14.175,71.0486
112.272,-761.124,393.113,14.88375,71.0522
112.29,-761.141,394.391,15.639777,71.0539
112.308,-761.157,395.669,16.395777,71.0554
112.326,-761.173,396.947,17.151777,71.0567
112.337,-761.178,397.728,17.860527,71.0592
112.348,-761.182,398.509,18.56925,71.0615
112.359,-761.187,399.29,19.278,71.0638
112.374,-761.183,400.356,19.845,71.0602
112.389,-761.178,401.421,20.412,71.0564
112.404,-761.174,402.487,20.979,71.0523
112.419,-761.17,403.552,21.546,71.048
112.434,-761.149,404.617,22.68,71.0168
112.449,-761.128,405.682,23.814,70.9839
112.464,-761.084,406.745,24.345549,70.9765
112.479,-761.04,407.808,24.877098,70.9688
112.494,-760.995,408.871,25.408674,70.9608
112.509,-760.951,409.935,25.940223,70.9525
112.521,-760.9,410.784,26.696223,70.931
112.533,-760.849,411.633,27.45225,70.908
112.545,-760.798,412.483,28.20825,70.8836
112.563,-760.707,413.748,28.917,70.4663
112.581,-760.615,415.013,29.62575,70.0397
112.599,-760.524,416.278,30.3345,69.6037
112.61,-760.449,417.04,31.0905,69.6273
112.621,-760.373,417.803,31.8465,69.6456
112.632,-760.297,418.565,32.6025,69.6584
112.649,-760.174,419.761,31.78737,69.6669
112.667,-760.051,420.957,30.97224,69.6732
112.684,-759.927,422.153,30.15738,69.6774
112.701,-759.804,423.349,29.34225,69.6794
112.711,-759.72,424.111,19.561446,69.6733
112.721,-759.636,424.872,9.780723,69.6613
112.731,-759.552,425.634,0,69.6433
112.746,-759.439,426.603,0,69.6481
112.761,-759.325,427.571,0,69.65
112.776,-759.212,428.539,0,69.6489
112.792,-759.07,429.627,0,69.6525
112.807,-758.928,430.715,0,69.6559
112.823,-758.786,431.803,0,69.6589
112.839,-758.644,432.891,0,69.6616
112.853,-758.501,433.855,0,69.6693
112.867,-758.357,434.82,0,69.6749
112.881,-758.213,435.785,0,69.6784
112.894,-758.061,436.749,0.2835,69.6738
112.907,-757.908,437.712,0.567,69.668
112.92,-757.756,438.676,0.8505,69.661
112.936,-757.589,439.707,1.4175,69.6699
112.951,-757.422,440.739,1.9845,69.678
112.967,-757.255,441.771,2.5515,69.6852
112.983,-757.089,442.802,3.1185,69.6916
112.998,-756.916,443.833,3.82725,69.673
113.013,-756.743,444.863,4.536,69.654
113.028,-756.57,445.894,5.24475,69.6346
113.043,-756.397,446.924,5.9535,69.6148
113.058,-756.223,447.955,6.66225,69.5945
113.076,-755.998,449.187,8.93025,69.4813
113.09,-755.791,450.208,9.3555,69.4593
113.105,-755.583,451.23,9.78075,69.4369
113.119,-755.376,452.251,10.206,69.4143
113.134,-755.169,453.272,10.63125,69.3912
113.148,-754.961,454.293,11.0565,69.3679
113.16,-754.807,455.005,12.1905,69.2566
113.172,-754.653,455.716,13.3245,69.1414
113.187,-754.423,456.728,13.7781,69.151
113.202,-754.194,457.74,14.2317,69.1603
113.217,-753.965,458.752,14.6853,69.1693
113.232,-753.736,459.763,15.1389,69.178
113.247,-753.506,460.775,15.592527,69.1864
113.263,-753.252,461.853,16.301277,69.1997
113.279,-752.998,462.931,17.010027,69.2125
113.295,-752.745,464.009,17.718777,69.2248
113.308,-752.531,464.883,18.4275,69.2343
113.321,-752.317,465.758,19.13625,69.2427
113.334,-752.104,466.632,19.845,69.2501
113.35,-751.83,467.706,20.601,69.2575
113.366,-751.556,468.779,21.357,69.2643
113.382,-751.282,469.853,22.113,69.2706
113.397,-751.016,470.858,22.869,69.2679
113.412,-750.75,471.862,23.625,69.2649
113.427,-750.483,472.867,24.380973,69.2617
113.44,-750.246,473.717,24.912549,69.2633
113.452,-750.01,474.568,25.444098,69.2643
113.465,-749.773,475.419,25.975674,69.2646
113.478,-749.536,476.27,26.507223,69.2642
113.494,-749.212,477.366,27.64125,69.2524
113.511,-748.888,478.462,28.77525,69.2399
113.529,-748.515,479.652,29.90925,69.2272
113.547,-748.143,480.841,31.04325,69.2139
113.562,-747.81,481.825,26.620596,69.2161
113.577,-747.477,482.808,22.197996,69.2183
113.592,-747.145,483.792,17.775396,69.2205
113.607,-746.812,484.776,13.352796,69.2227
113.622,-746.479,485.76,8.930196,69.2249
113.633,-746.224,486.477,5.953473,69.2209
113.644,-745.969,487.195,2.976723,69.2169
113.655,-745.714,487.912,0,69.2128
113.67,-745.353,488.886,0,69.2305
113.685,-744.991,489.86,0,69.2477
113.7,-744.629,490.833,0,69.2642
113.715,-744.267,491.807,0,69.2802
113.73,-743.895,492.777,0,69.3029
113.745,-743.522,493.747,0,69.3228
113.759,-743.163,494.667,0,69.3348
113.773,-742.803,495.586,0,69.3465
113.788,-742.444,496.506,0,69.3579
113.802,-742.084,497.426,0,69.369
113.816,-741.722,498.327,0,69.3828
113.83,-741.36,499.228,0,69.3964
113.844,-740.998,500.129,0,69.4099
113.861,-740.564,501.189,0,69.4242
113.877,-740.13,502.249,0,69.4383
113.892,-739.728,503.21,0,69.4477
113.907,-739.327,504.171,0,69.457
113.922,-738.925,505.132,0,69.4663
113.937,-738.523,506.093,0,69.4756
113.952,-738.076,507.148,0,69.499
113.967,-737.628,508.204,0,69.5223
113.983,-737.219,509.163,0,69.5248
113.999,-736.81,510.122,0,69.5273
114.014,-736.4,511.081,0,69.5298
114.03,-735.991,512.04,0,69.5324
114.041,-735.689,512.743,0.51975,69.5512
114.052,-735.386,513.446,1.0395,69.57
114.063,-735.084,514.149,1.55925,69.5885
114.079,-734.646,515.153,2.12625,69.5935
114.094,-734.208,516.158,2.69325,69.5986
114.11,-733.769,517.163,3.26025,69.6036
114.126,-733.331,518.167,3.82725,69.6086
114.141,-732.865,519.217,4.96125,69.6244
114.156,-732.399,520.267,6.09525,69.6402
114.169,-732.038,521.067,6.5205,69.6469
114.182,-731.676,521.867,6.94575,69.6536
114.196,-731.315,522.666,7.371,69.6603
114.209,-730.953,523.466,7.79625,69.6669
114.222,-730.591,524.265,8.2215,69.6735
114.24,-730.068,525.405,9.3555,69.6861
114.258,-729.544,526.544,10.4895,69.6986
114.271,-729.161,527.365,11.95425,69.7162
114.284,-728.779,528.187,13.419,69.7336
114.297,-728.396,529.008,14.88375,69.7508
114.312,-727.959,529.925,15.20775,69.7549
114.326,-727.521,530.842,15.531777,69.7589
114.341,-727.084,531.759,15.855777,69.7629
114.355,-726.646,532.677,16.179777,69.7668
114.37,-726.209,533.594,16.503777,69.7708
114.384,-725.771,534.511,16.827777,69.7747
114.399,-725.334,535.428,17.151777,69.7785
114.415,-724.835,536.427,17.907777,69.7779
114.431,-724.337,537.426,18.66375,69.7773
114.447,-723.838,538.424,19.41975,69.7767
114.465,-723.265,539.542,21.546,69.7943
114.479,-722.804,540.403,21.924,69.7974
114.493,-722.343,541.265,22.302,69.8004
114.507,-721.882,542.126,22.68,69.8034
114.521,-721.421,542.987,23.058,69.8063
114.535,-720.96,543.849,23.436,69.8092
114.549,-720.499,544.71,23.814,69.8119
114.564,-719.992,545.626,24.877098,69.7954
114.579,-719.484,546.542,25.940223,69.7785
114.593,-719.009,547.38,26.393823,69.787
114.607,-718.534,548.218,26.847423,69.795
114.62,-718.058,549.056,27.30105,69.8026
114.634,-717.583,549.894,27.75465,69.8099
114.648,-717.108,550.731,28.20825,69.8167
114.663,-716.572,551.631,28.917,69.808
114.678,-716.036,552.531,29.62575,69.7993
114.693,-715.5,553.43,30.3345,69.7904
114.706,-715.022,554.201,31.04325,69.7916
114.719,-714.543,554.973,31.752,69.7924
114.732,-714.064,555.744,32.46075,69.7927
114.748,-713.46,556.683,28.728,69.7906
114.764,-712.856,557.622,24.995196,69.7884
114.78,-712.252,558.561,21.262446,69.786
114.793,-711.76,559.302,15.946821,69.7857
114.805,-711.267,560.043,10.631223,69.7852
114.818,-710.774,560.784,5.315598,69.7848
114.831,-710.281,561.525,0,69.7843
114.847,-709.653,562.449,0,69.7984
114.863,-709.025,563.372,0,69.8125
114.879,-708.397,564.296,0,69.8263
114.894,-707.797,565.155,0,69.84
114.909,-707.198,566.015,0,69.8532
114.924,-706.599,566.874,0,69.8661
114.941,-705.907,567.839,0,69.8766
114.958,-705.215,568.805,0,69.8866
114.975,-704.523,569.77,0,69.896
114.986,-704.068,570.39,0,69.9119
114.997,-703.613,571.009,0,69.9274
115.008,-703.158,571.629,0,69.9424
115.029,-702.281,572.807,0,69.9749
115.042,-701.733,573.533,0,69.9803
115.055,-701.185,574.259,0,69.9857
115.068,-700.637,574.985,0,69.9911
115.081,-700.089,575.711,0,69.9965
115.094,-699.54,576.437,0,70.0018
115.107,-698.992,577.163,0,70.0071
115.123,-698.314,578.055,0.14175,70.0205
115.139,-697.636,578.947,0.2835,70.0339
115.155,-696.958,579.839,0.42525,70.0473
115.169,-696.363,580.618,1.18125,70.0621
115.183,-695.768,581.398,1.93725,70.0766
115.197,-695.172,582.177,2.69325,70.0909
115.21,-694.594,582.927,3.224799,70.094
115.224,-694.016,583.676,3.756375,70.0969
115.238,-693.438,584.425,4.287924,70.0998
115.251,-692.86,585.174,4.8195,70.1025
115.269,-692.085,586.17,7.0875,70.1331
115.285,-691.406,587.028,7.51275,70.1392
115.3,-690.727,587.886,7.938,70.1452
115.316,-690.049,588.744,8.36325,70.1511
115.331,-689.37,589.602,8.7885,70.1571
115.347,-688.691,590.46,9.21375,70.1629
115.358,-688.205,591.06,9.96975,70.1684
115.369,-687.72,591.66,10.72575,70.1738
115.38,-687.234,592.259,11.48175,70.1792
115.396,-686.528,593.111,12.04875,70.1887
115.411,-685.823,593.962,12.61575,70.1982
115.427,-685.118,594.813,13.18275,70.2076
115.443,-684.413,595.664,13.74975,70.217
115.455,-683.87,596.308,14.812875,70.2249
115.467,-683.328,596.953,15.876027,70.2326
115.482,-682.646,597.756,16.584777,70.2424
115.497,-681.965,598.56,17.293527,70.2521
115.512,-681.283,599.363,18.002277,70.2618
115.529,-680.527,600.241,18.56925,70.2666
115.545,-679.77,601.12,19.13625,70.2712
115.562,-679.014,601.998,19.70325,70.2757
115.578,-678.258,602.877,20.27025,70.2799
115.589,-677.746,603.456,20.979,70.2759
115.6,-677.234,604.036,21.68775,70.2719
115.611,-676.723,604.616,22.3965,70.2679
115.626,-676.011,605.393,22.9635,70.2712
115.641,-675.299,606.171,23.5305,70.2745
115.656,-674.587,606.948,24.0975,70.2778
115.671,-673.876,607.726,24.664473,70.2811
115.69,-672.931,608.719,25.798473,70.2885
115.71,-671.987,609.712,26.932473,70.2953
115.723,-671.324,610.391,27.46413,70.2921
115.737,-670.661,611.07,27.99549,70.2887
115.751,-669.998,611.749,28.52712,70.2853
115.764,-669.335,612.428,29.05875,70.2818
115.776,-668.739,613.026,14.529348,70.2923
115.788,-668.144,613.623,0,70.302
115.802,-667.452,614.304,0,70.3028
115.816,-666.761,614.984,0,70.3035
115.829,-666.069,615.664,0,70.3041
115.843,-665.377,616.344,0,70.3046
115.857,-664.685,617.025,0,70.305
115.872,-663.919,617.751,0,70.3157
115.887,-663.154,618.477,0,70.3256
115.902,-662.389,619.203,0,70.3349
115.916,-661.664,619.869,0,70.3454
115.93,-660.939,620.536,0,70.355
115.944,-660.215,621.203,0,70.3636
115.958,-659.468,621.872,0.2480625,70.3721
115.973,-658.721,622.542,0.496125,70.3804
115.987,-657.975,623.211,0.7441875,70.3884
116.001,-657.228,623.881,0.99225,70.3962
116.018,-656.331,624.673,1.701,70.4047
116.035,-655.434,625.466,2.40975,70.4131
116.052,-654.538,626.259,3.1185,70.4213
116.061,-654.062,626.678,4.2525,70.4367
116.07,-653.587,627.098,5.3865,70.4519
116.087,-652.714,627.866,5.9535,70.4612
116.103,-651.841,628.634,6.5205,70.4702
116.119,-650.969,629.402,7.0875,70.479
116.136,-650.096,630.17,7.6545,70.4875
116.15,-649.338,630.83,8.2215,70.4965
116.165,-648.58,631.49,8.7885,70.5055
116.179,-647.823,632.149,9.3555,70.5144
116.193,-647.065,632.809,9.9225,70.5233
116.206,-646.369,633.406,10.584,70.5354
116.219,-645.673,634.003,11.2455,70.5472
116.232,-644.977,634.6,11.907,70.5588
116.248,-644.116,635.33,12.663,70.5697
116.264,-643.254,636.06,13.419,70.5804
116.28,-642.393,636.79,14.175,70.5909
116.295,-641.583,637.472,16.443027,70.5823
116.309,-640.851,638.083,16.797402,70.5885
116.322,-640.119,638.693,17.151777,70.5947
116.335,-639.388,639.304,17.506152,70.6008
116.349,-638.656,639.915,17.8605,70.6068
116.363,-637.924,640.526,18.214875,70.6128
116.376,-637.193,641.137,18.56925,70.6187
116.389,-636.454,641.74,19.70325,70.6244
116.403,-635.716,642.343,20.83725,70.6264
116.417,-634.949,642.945,21.2625,70.6306
116.431,-634.183,643.547,21.68775,70.6346
116.444,-633.416,644.149,22.113,70.6383
116.458,-632.649,644.751,22.53825,70.6418
116.472,-631.883,645.353,22.9635,70.6451
116.487,-631.041,645.996,25.231473,70.6506
116.502,-630.196,646.636,25.685073,70.6367
116.517,-629.351,647.275,26.138673,70.6227
116.532,-628.506,647.914,26.592273,70.6085
116.547,-627.66,648.553,27.0459,70.5941
116.562,-626.815,649.192,27.4995,70.5797
116.575,-626.087,649.721,28.0665,70.5831
116.587,-625.359,650.249,28.6335,70.5817
116.6,-624.63,650.778,29.2005,70.5753
116.613,-623.902,651.307,29.7675,70.5641
116.631,-622.855,652.026,30.83049,70.5632
116.649,-621.808,652.745,31.89375,70.552
116.662,-621.059,653.242,26.365446,70.539
116.674,-620.309,653.739,20.837196,70.5241
116.687,-619.56,654.236,15.308946,70.5074
116.7,-618.81,654.734,9.780696,70.489
116.719,-617.658,655.484,4.890348,70.4879
116.739,-616.506,656.234,0,70.4841
116.752,-615.749,656.719,0,70.505
116.764,-614.992,657.205,0,70.5247
116.777,-614.235,657.69,0,70.5434
116.79,-613.478,658.175,0,70.5609
116.803,-612.669,658.678,0,70.5686
116.817,-611.86,659.181,0,70.5759
116.831,-611.05,659.684,0,70.5827
116.844,-610.241,660.187,0,70.5892
116.862,-609.151,660.839,0.8505,70.603
116.88,-608.06,661.491,1.701,70.6122
116.895,-607.144,662.023,2.457,70.6255
116.91,-606.228,662.555,3.213,70.6378
116.925,-605.312,663.086,3.969,70.649
116.937,-604.576,663.506,5.032125,70.666
116.949,-603.84,663.927,6.09525,70.6827
116.964,-602.917,664.448,6.54885,70.6894
116.979,-601.994,664.97,7.00245,70.696
116.994,-601.072,665.492,7.45605,70.7025
117.009,-600.149,666.014,7.90965,70.709
117.024,-599.226,666.536,8.36325,70.7153
117.036,-598.485,666.949,9.11925,70.7295
117.048,-597.744,667.362,9.87525,70.7421
117.06,-597.002,667.775,10.63125,70.7533
117.075,-596.069,668.281,11.162826,70.7588
117.09,-595.137,668.787,11.694375,70.7638
117.105,-594.204,669.293,12.225951,70.7682
117.12,-593.271,669.799,12.7575,70.7721
117.133,-592.473,670.221,13.3245,70.7788
117.146,-591.675,670.642,13.8915,70.7851
117.158,-590.877,671.064,14.4585,70.7908
117.171,-590.079,671.485,15.0255,70.796
117.19,-588.853,672.121,16.088652,70.8123
117.21,-587.628,672.757,17.151777,70.8282
117.222,-586.871,673.145,17.683326,70.8306
117.234,-586.115,673.534,18.214875,70.8328
117.246,-585.359,673.922,18.746451,70.8349
117.258,-584.603,674.31,19.278,70.8368
117.273,-583.655,674.79,21.546,70.8748
117.288,-582.7,675.257,21.9996,70.8687
117.303,-581.746,675.724,22.4532,70.8626
117.318,-580.791,676.192,22.9068,70.8564
117.333,-579.836,676.659,23.3604,70.8501
117.348,-578.882,677.126,23.814,70.8436
117.365,-577.819,677.614,11.907,70.8438
117.381,-576.757,678.101,0,70.8424
117.393,-575.978,678.442,0,70.8464
117.405,-575.199,678.782,0,70.85
117.417,-574.42,679.123,0,70.8533
117.429,-573.641,679.464,0,70.8562
117.441,-572.862,679.804,0,70.8588
117.455,-571.933,680.201,0,70.8732
117.469,-571.004,680.597,0,70.8875
117.484,-570.075,680.993,0,70.9018
117.498,-569.147,681.39,0,70.9159
117.518,-567.872,681.927,0,70.9298
117.537,-566.598,682.465,0,70.9433
117.549,-565.813,682.793,0.1063125,70.9587
117.561,-565.027,683.121,0.212625,70.9738
117.573,-564.241,683.449,0.3189375,70.9888
117.585,-563.456,683.777,0.42525,71.0035
117.6,-562.47,684.182,1.18125,71.0142
117.615,-561.485,684.586,1.93725,71.0248
117.63,-560.5,684.99,2.69325,71.0354
117.647,-559.379,685.44,3.402,71.0444
117.664,-558.258,685.89,4.11075,71.0534
117.681,-557.137,686.339,4.8195,71.0623
117.692,-556.393,686.631,5.351049,71.0674
117.703,-555.648,686.923,5.882625,71.0726
117.715,-554.904,687.215,6.414174,71.0776
117.726,-554.16,687.507,6.94575,71.0826
117.743,-553.03,687.938,7.70175,71.0964
117.76,-551.901,688.369,8.45775,71.1103
117.777,-550.772,688.801,9.21375,71.1241
117.79,-549.906,689.125,9.96975,71.1342
117.803,-549.04,689.45,10.72575,71.1443
117.816,-548.175,689.775,11.48175,71.1542
117.832,-547.107,690.171,12.1905,71.1614
117.848,-546.04,690.568,12.89925,71.1685
117.864,-544.972,690.964,13.608,71.1756
117.875,-544.22,691.238,14.175,71.1834
117.886,-543.467,691.512,14.742,71.1911
117.898,-542.715,691.785,15.309027,71.1987
117.909,-541.962,692.059,15.876027,71.2061
117.926,-540.819,692.458,16.632027,71.209
117.943,-539.676,692.857,17.388027,71.2118
117.96,-538.533,693.256,18.144,71.2145
117.973,-537.671,693.541,18.675576,71.2226
117.986,-536.809,693.827,19.207125,71.2306
117.998,-535.947,694.112,19.738701,71.2386
118.011,-535.085,694.397,20.27025,71.2464
118.029,-533.864,694.79,22.53825,71.2623
118.043,-532.927,695.087,22.99185,71.2632
118.057,-531.99,695.385,23.44545,71.264
118.07,-531.052,695.682,23.89905,71.2646
118.084,-530.115,695.979,24.352623,71.2652
118.098,-529.178,696.276,24.806223,71.2656
118.115,-528.055,696.624,23.176098,71.2715
118.131,-526.931,696.973,21.545973,71.2765
118.145,-525.989,697.256,17.236773,71.2793
118.159,-525.047,697.539,12.927573,71.282
118.172,-524.105,697.822,8.6184,71.2847
118.186,-523.162,698.106,4.3092,71.2872
118.2,-522.22,698.389,0,71.2897
118.211,-521.466,698.603,0,71.2941
118.222,-520.711,698.818,0,71.2984
118.233,-519.957,699.032,0,71.3025
118.247,-518.975,699.294,0,71.3096
118.262,-517.992,699.555,0,71.3158
118.276,-517.01,699.816,0,71.321
118.29,-516.028,700.077,0,71.3253
118.305,-514.992,700.342,0.04725,71.3373
118.32,-513.955,700.606,0.0945,71.3488
118.335,-512.918,700.87,0.14175,71.36
118.349,-511.93,701.111,0.70875,71.369
118.363,-510.942,701.352,1.27575,71.377
118.378,-509.954,701.593,1.84275,71.3841
118.392,-508.966,701.834,2.40975,71.3903
118.407,-507.924,702.079,3.472875,71.4144
118.422,-506.881,702.324,4.536,71.4384
118.436,-505.941,702.539,5.103,71.4479
118.449,-505.001,702.753,5.67,71.4568
118.462,-504.06,702.968,6.237,71.465
118.476,-503.12,703.183,6.804,71.4726
118.49,-502.143,703.401,7.51275,71.4805
118.504,-501.167,703.618,8.2215,71.4883
118.518,-500.19,703.836,8.93025,71.496
118.534,-499.072,704.08,9.68625,71.5101
118.55,-497.954,704.324,10.44225,71.5241
118.566,-496.837,704.569,11.19825,71.5378
118.582,-495.717,704.808,11.95425,71.5504
118.598,-494.598,705.048,12.71025,71.5629
118.614,-493.479,705.288,13.46625,71.5751
118.628,-492.533,705.485,13.997826,71.5808
118.641,-491.586,705.682,14.529375,71.5864
118.654,-490.64,705.879,15.060951,71.592
118.668,-489.694,706.076,15.592527,71.5975
118.681,-488.798,706.252,16.159527,71.6041
118.693,-487.903,706.428,16.726527,71.6107
118.706,-487.007,706.603,17.293527,71.6171
118.719,-486.111,706.779,17.860527,71.6234
118.734,-485.054,706.974,20.1285,71.6385
118.748,-484.038,707.149,20.55375,71.6404
118.763,-483.021,707.324,20.979,71.642
118.777,-482.004,707.499,21.40425,71.6433
118.792,-480.988,707.674,21.8295,71.6444
118.806,-479.971,707.849,22.25475,71.6452
118.82,-478.981,708.008,23.01075,71.6545
118.834,-477.99,708.168,23.76675,71.6636
118.848,-477,708.327,24.522723,71.6725
118.862,-476.008,708.481,25.231473,71.6693
118.876,-475.017,708.635,25.940223,71.6656
118.89,-474.025,708.788,26.648973,71.6614
118.905,-472.961,708.943,27.405,71.6624
118.92,-471.897,709.097,28.161,71.6623
118.935,-470.834,709.251,28.917,71.6613
118.949,-469.82,709.378,29.44863,71.6578
118.964,-468.807,709.505,29.97999,71.6541
118.978,-467.793,709.632,30.51162,71.6503
118.992,-466.78,709.759,31.04325,71.6463
119.007,-465.712,709.877,32.17725,71.6316
119.022,-464.643,709.995,33.31125,71.616
119.033,-463.842,710.076,25.798446,71.6199
119.045,-463.04,710.157,18.285696,71.6234
119.056,-462.238,710.238,10.772946,71.6268
119.067,-461.436,710.319,3.260196,71.6299
119.083,-460.313,710.419,2.4451416,71.628
119.098,-459.189,710.518,1.6300953,71.6259
119.114,-458.066,710.618,0.8150463,71.6235
119.13,-456.942,710.717,0,71.6207
119.143,-455.978,710.789,0,71.626
119.157,-455.013,710.861,0,71.6306
119.17,-454.112,710.912,0,71.6379
119.182,-453.211,710.963,0,71.6445
119.195,-452.31,711.013,0,71.6507
119.207,-451.409,711.064,0,71.6563
119.22,-450.508,711.115,0,71.6613
119.235,-449.434,711.158,0,71.6839
119.25,-448.361,711.201,0,71.7034
119.264,-447.372,711.23,0,71.7164
119.278,-446.384,711.26,0,71.7293
119.291,-445.395,711.29,0,71.742
119.305,-444.407,711.32,0,71.7546
119.319,-443.418,711.349,0,71.7669
119.339,-442.02,711.385,0,71.7843
119.358,-440.622,711.421,0,71.8011
119.372,-439.6,711.445,0,71.8154
119.387,-438.577,711.469,0,71.8295
119.401,-437.555,711.493,0,71.8437
119.415,-436.533,711.517,0,71.8577
119.427,-435.671,711.535,0,71.872
119.439,-434.81,711.553,0,71.8863
119.451,-433.948,711.571,0,71.9006
119.464,-432.978,711.588,0,71.911
119.478,-432.008,711.605,0,71.9214
119.492,-431.038,711.623,0,71.9318
119.505,-430.067,711.64,0,71.9421
119.518,-429.096,711.654,0.1771875,71.9519
119.532,-428.126,711.669,0.354375,71.9616
119.546,-427.155,711.683,0.5315625,71.9713
119.559,-426.184,711.698,0.70875,71.9811
119.577,-424.888,711.715,2.97675,71.9967
119.591,-423.895,711.728,3.402,72.0087
119.605,-422.901,711.741,3.82725,72.0206
119.618,-421.908,711.754,4.2525,72.0325
119.632,-420.914,711.767,4.67775,72.0443
119.646,-419.921,711.78,5.103,72.0561
119.663,-418.732,711.793,6.237,72.0774
119.679,-417.543,711.805,7.371,72.0985
119.693,-416.57,711.813,7.938,72.1116
119.706,-415.597,711.82,8.505,72.1247
119.719,-414.624,711.827,9.072,72.1377
119.733,-413.651,711.834,9.639,72.1507
119.747,-412.623,711.838,10.170549,72.156
119.762,-411.595,711.841,10.702125,72.1613
119.776,-410.567,711.844,11.233701,72.1664
119.79,-409.539,711.848,11.76525,72.1715
119.803,-408.619,711.847,12.33225,72.1748
119.816,-407.698,711.846,12.89925,72.1781
119.828,-406.778,711.845,13.46625,72.1814
119.841,-405.858,711.845,14.03325,72.1845
119.855,-404.847,711.839,9.3555,72.2019
119.869,-403.836,711.833,4.67775,72.219
119.883,-402.825,711.827,0,72.2359
119.896,-401.904,711.817,0,72.2469
119.909,-400.983,711.806,0,72.258
119.921,-400.063,711.795,0,72.269
119.934,-399.142,711.784,0,72.28
119.951,-397.949,711.762,0,72.2978
119.967,-396.757,711.739,0,72.3153
119.982,-395.673,711.711,0,72.3227
119.997,-394.589,711.682,0,72.33
120.012,-393.504,711.654,0,72.3372
120.027,-392.42,711.625,0,72.3443
120.038,-391.607,711.6,0,72.35
120.049,-390.793,711.576,0,72.3555
120.061,-389.98,711.551,0,72.3608
120.072,-389.166,711.526,0,72.366
120.093,-387.647,711.477,0,72.4047
120.107,-386.649,711.445,0,72.4146
120.121,-385.65,711.412,0,72.4245
120.134,-384.651,711.38,0,72.4344
120.148,-383.653,711.347,0,72.4442
120.162,-382.654,711.315,0,72.4539
120.177,-381.568,711.279,0.4725,72.4665
120.192,-380.482,711.244,0.945,72.479
120.207,-379.395,711.208,1.4175,72.4915
120.221,-378.417,711.176,1.9845,72.5008
120.234,-377.439,711.143,2.5515,72.51
120.247,-376.461,711.11,3.1185,72.5193
120.261,-375.483,711.078,3.6855,72.5286
120.272,-374.667,711.049,4.217049,72.5356
120.284,-373.852,711.02,4.748625,72.5425
120.295,-373.036,710.992,5.280174,72.5494
120.306,-372.221,710.963,5.81175,72.5564
120.322,-371.06,710.92,6.56775,72.5625
120.338,-369.9,710.876,7.32375,72.5685
120.354,-368.74,710.833,8.07975,72.5744
120.368,-367.724,710.793,8.7885,72.5907
120.382,-366.709,710.754,9.49725,72.6069
120.396,-365.693,710.715,10.206,72.623
120.408,-364.822,710.679,10.773,72.6341
120.42,-363.952,710.643,11.34,72.6451
120.432,-363.081,710.608,11.907,72.656
120.444,-362.211,710.572,12.474,72.6668
120.458,-361.194,710.527,13.18275,72.675
120.472,-360.178,710.482,13.8915,72.683
120.486,-359.162,710.436,14.60025,72.6907
120.499,-358.182,710.384,15.16725,72.6952
120.513,-357.202,710.332,15.734277,72.6996
120.527,-356.222,710.28,16.301277,72.704
120.54,-355.242,710.228,16.868277,72.7084
120.558,-353.936,710.147,18.002277,72.7182
120.576,-352.63,710.066,19.13625,72.727
120.588,-351.759,710.006,19.5615,72.728
120.6,-350.888,709.946,19.98675,72.7289
120.612,-350.018,709.886,20.412,72.7298
120.624,-349.147,709.826,20.83725,72.7305
120.636,-348.276,709.765,21.2625,72.7312
120.656,-346.862,709.659,22.3965,72.7425
120.675,-345.448,709.553,23.5305,72.7525
120.688,-344.469,709.471,20.022174,72.7536
120.702,-343.491,709.388,16.513848,72.7542
120.715,-342.512,709.306,13.005549,72.7544
120.729,-341.533,709.223,9.497223,72.7542
120.744,-340.447,709.119,4.748625,72.7515
120.759,-339.36,709.016,0,72.7488
120.768,-338.709,708.949,0,72.7589
120.777,-338.057,708.882,0,72.7682
120.79,-337.081,708.771,0,72.7752
120.804,-336.105,708.659,0,72.782
120.818,-335.129,708.547,0,72.7887
120.831,-334.153,708.435,0,72.7954
120.844,-333.177,708.324,0,72.8019
120.858,-332.201,708.212,0,72.8082
120.872,-331.226,708.09,0,72.8168
120.885,-330.25,707.968,0,72.8252
120.898,-329.275,707.845,0,72.8334
120.912,-328.3,707.723,0,72.8415
120.926,-327.289,707.592,0,72.8535
120.94,-326.278,707.46,0,72.8653
120.954,-325.267,707.328,0,72.8768
120.969,-324.183,707.183,0,72.891
120.984,-323.1,707.037,0,72.905
120.999,-322.017,706.891,0,72.9189
121.013,-320.987,706.749,0,72.9273
121.027,-319.958,706.608,0,72.9357
121.042,-318.929,706.466,0,72.9441
121.056,-317.899,706.324,0,72.9523
121.071,-316.815,706.173,0,72.9704
121.086,-315.731,706.022,0,72.9883
121.101,-314.647,705.871,0,73.0063
121.111,-313.925,705.769,0,73.0135
121.121,-313.202,705.668,0,73.0207
121.131,-312.479,705.566,0,73.0278
121.145,-311.448,705.422,0,73.0373
121.16,-310.418,705.277,0,73.0468
121.174,-309.388,705.133,0,73.0563
121.188,-308.357,704.988,0,73.0658
121.201,-307.38,704.852,0,73.0858
121.215,-306.404,704.715,0,73.1057
121.229,-305.361,704.57,0,73.111
121.244,-304.319,704.424,0,73.1163
121.258,-303.276,704.278,0,73.1216
121.273,-302.234,704.133,0,73.1269
121.287,-301.191,703.987,0,73.1321
121.303,-300.032,703.826,0,73.1475
121.319,-298.873,703.664,0,73.163
121.335,-297.714,703.503,0,73.1784
121.349,-296.699,703.362,0,73.1903
121.363,-295.684,703.222,0,73.2021
121.377,-294.67,703.081,0,73.2139
121.386,-294.017,702.991,0,73.166
121.395,-293.365,702.9,0,73.118
121.411,-292.235,702.745,0,73.0935
121.426,-291.105,702.59,0,73.069
121.442,-289.976,702.435,0,73.0445
121.457,-288.846,702.28,0,73.02
121.473,-287.716,702.125,0,72.9955
121.482,-287.066,702.035,0,72.9447
121.491,-286.415,701.946,0,72.8934
121.504,-285.462,701.816,0,72.8728
121.517,-284.509,701.686,0,72.8521
121.531,-283.555,701.556,0,72.8315
121.544,-282.602,701.426,0,72.8108
121.557,-281.649,701.296,0,72.7901
121.574,-280.459,701.135,0,72.7546
121.59,-279.269,700.974,0,72.7188
121.604,-278.232,700.834,0,72.7092
121.619,-277.194,700.694,0,72.6995
121.633,-276.157,700.555,0,72.6899
121.648,-275.119,700.415,0,72.6803
121.662,-274.081,700.276,0,72.6706
121.671,-273.433,700.189,-0.921375,72.6874
121.68,-272.785,700.102,-1.84275,72.7035
121.698,-271.488,699.93,-2.59875,72.711
121.716,-270.191,699.757,-3.35475,72.7182
121.734,-268.894,699.585,-4.11075,72.7253
121.746,-268.029,699.471,-4.48875,72.7277
121.758,-267.164,699.356,-4.86675,72.7301
121.77,-266.298,699.242,-5.24475,72.7324
121.782,-265.433,699.128,-5.62275,72.7348
121.794,-264.568,699.014,-6.00075,72.7371
121.806,-263.703,698.9,-6.37875,72.7393
121.82,-262.693,698.768,-7.0875,72.7513
121.834,-261.683,698.636,-7.79625,72.7631
121.848,-260.673,698.504,-8.505,72.7749
121.861,-259.734,698.384,-5.67,72.7857
121.874,-258.796,698.263,-2.835,72.7964
121.887,-257.857,698.143,0,72.8071
121.902,-256.774,698.007,0,72.8132
121.917,-255.69,697.872,0,72.8194
121.932,-254.606,697.736,0,72.8256
121.947,-253.522,697.6,0,72.8317
121.964,-252.329,697.454,0,72.8462
121.98,-251.136,697.308,0,72.8606
121.991,-250.323,697.209,0,72.8659
122.003,-249.509,697.111,0,72.8711
122.014,-248.695,697.013,0,72.8764
122.025,-247.881,696.915,0,72.8816
122.042,-246.578,696.76,0,72.8943
122.059,-245.275,696.605,0,72.9069
122.076,-243.973,696.45,0,72.9195
122.088,-243.158,696.355,-0.496125,72.9276
122.1,-242.343,696.259,-0.99225,72.9357
122.112,-241.528,696.163,-1.488375,72.9437
122.124,-240.713,696.068,-1.9845,72.9518
122.142,-239.409,695.916,-4.11075,72.9825
122.156,-238.408,695.8,-4.56435,72.9889
122.17,-237.408,695.685,-5.01795,72.9952
122.183,-236.407,695.57,-5.47155,73.0015
122.197,-235.407,695.455,-5.92515,73.0078
122.211,-234.406,695.34,-6.37875,73.0142
122.223,-233.536,695.241,-4.2525,73.0233
122.235,-232.665,695.142,-2.12625,73.0325
122.247,-231.795,695.044,0,73.0416
122.26,-230.836,694.937,0,73.0476
122.273,-229.878,694.83,0,73.0535
122.287,-228.92,694.723,0,73.0595
122.3,-227.962,694.617,0,73.0654
122.313,-227.003,694.51,0,73.0714
122.326,-226.059,694.406,0,73.081
122.339,-225.115,694.302,0,73.0906
122.352,-224.17,694.198,0,73.1003
122.369,-222.935,694.065,0,73.1121
122.386,-221.699,693.931,0,73.1239
122.403,-220.464,693.797,0,73.1357
122.418,-219.373,693.68,0,73.1646
122.43,-218.5,693.587,0,73.168
122.442,-217.627,693.495,0,73.1714
122.454,-216.754,693.402,0,73.1748
122.466,-215.88,693.31,0,73.1782
122.478,-215.007,693.218,0,73.1816
122.49,-214.134,693.125,0,73.185
122.502,-213.261,693.033,0,73.1884
122.52,-211.951,692.896,0,73.2068
122.538,-210.64,692.759,0,73.2252
122.551,-209.723,692.663,0,73.2309
122.563,-208.805,692.568,0,73.2367
122.576,-207.887,692.472,0,73.2424
122.588,-206.969,692.377,0,73.2481
122.601,-206.051,692.281,0,73.2539
122.613,-205.177,692.191,0,73.2665
122.625,-204.302,692.1,0,73.2791
122.639,-203.296,691.996,0,73.2868
122.653,-202.2905,691.892,0,73.2944
122.666,-201.2845,691.787,0,73.3021
122.68,-200.2785,691.683,0,73.3098
122.694,-199.2725,691.579,0,73.3174
122.709,-198.1785,691.466,0.2835,73.3498
122.725,-197.0295,691.347,0.8505,73.3577
122.741,-195.8804,691.229,1.4175,73.3656
122.756,-194.7313,691.11,1.9845,73.3736
122.772,-193.5823,690.991,2.5515,73.3815
122.784,-192.7064,690.901,3.26025,73.3905
122.796,-191.8306,690.81,3.969,73.3994
122.808,-190.9547,690.719,4.67775,73.4084
122.822,-189.9033,690.609,4.05405,73.4142
122.836,-188.8519,690.499,3.43035,73.4199
122.849,-187.8005,690.39,2.80665,73.4256
122.863,-186.7491,690.28,2.1829473,73.4313
122.877,-185.6977,690.17,1.5592473,73.4371
122.89,-184.7482,690.07,1.0394973,73.4466
122.903,-183.7987,689.969,0.51975,73.4562
122.916,-182.8491,689.869,0,73.4657
122.93,-181.8628,689.763,0,73.4732
122.945,-180.8765,689.658,0,73.4807
122.959,-179.8902,689.553,0,73.4882
122.973,-178.9039,689.447,0,73.4957
122.985,-178.0269,689.353,0,73.511
122.997,-177.1499,689.258,0,73.5263
123.009,-176.2729,689.164,0,73.5415
123.021,-175.3959,689.069,0,73.5568
123.037,-174.2553,688.944,0,73.563
123.052,-173.1146,688.82,0,73.5693
123.068,-171.974,688.695,0,73.5756
123.083,-170.8334,688.571,0,73.5818
123.099,-169.6928,688.446,0,73.5881
123.111,-168.815,688.349,0,73.5939
123.123,-167.9372,688.252,0,73.5996
123.135,-167.0594,688.155,0,73.6054
123.147,-166.1816,688.058,0,73.6112
123.159,-165.3038,687.961,0,73.617
123.175,-164.0964,687.828,0,73.6306
123.192,-162.889,687.694,0,73.6442
123.204,-162.0106,687.597,0,73.6515
123.216,-161.1322,687.499,0,73.6588
123.228,-160.2538,687.402,0,73.6661
123.24,-159.3754,687.304,0,73.6734
123.253,-158.4417,687.201,0,73.6814
123.266,-157.508,687.097,0,73.6894
123.278,-156.5743,686.994,0,73.6975
123.291,-155.6406,686.89,0,73.7055
123.305,-154.5966,686.774,0,73.713
123.32,-153.5525,686.658,0,73.7205
123.334,-152.5085,686.543,0,73.728
123.348,-151.4644,686.427,0,73.7355
123.369,-149.9253,686.256,0,73.7614
123.383,-148.9135,686.144,0,73.7679
123.397,-147.9018,686.032,0,73.7743
123.41,-146.89,685.92,0,73.7807
123.424,-145.8782,685.808,0,73.7871
123.438,-144.8664,685.696,0,73.7935
123.45,-143.9861,685.599,0,73.8009
123.462,-143.1058,685.501,0,73.8084
123.474,-142.2255,685.404,0,73.8158
123.486,-141.3452,685.306,0,73.8232
123.498,-140.4646,685.209,0,73.833
123.51,-139.5841,685.111,0,73.8428
123.522,-138.7035,685.014,0,73.8526
123.537,-137.6023,684.892,0,73.8591
123.552,-136.5011,684.77,0,73.8656
123.567,-135.3999,684.649,0,73.872
123.582,-134.2987,684.527,0,73.8785
123.594,-133.4174,684.43,0,73.8946
123.606,-132.5361,684.332,0,73.9108
123.621,-131.4341,684.211,0,73.9183
123.636,-130.3321,684.089,0,73.9258
123.651,-129.2301,683.967,0,73.9333
123.666,-128.1281,683.846,0,73.9408
123.681,-127.0256,683.724,0,73.953
123.696,-125.9232,683.602,0,73.9653
123.709,-124.9968,683.5,0,73.9715
123.721,-124.0704,683.398,0,73.9777
123.734,-123.144,683.296,0,73.9839
123.746,-122.2176,683.194,0,73.9901
123.759,-121.2912,683.092,0,73.9963
123.774,-120.1878,682.971,0,74.0084
123.789,-119.0845,682.85,0,74.0205
123.802,-118.1573,682.748,0,74.0267
123.814,-117.2302,682.646,0,74.033
123.827,-116.303,682.544,0,74.0392
123.839,-115.3759,682.443,0,74.0455
123.852,-114.4488,682.341,0,74.0517
123.868,-113.2341,682.208,0,74.065
123.885,-112.01942,682.075,0,74.0783
123.898,-111.04728,681.968,0,74.0841
123.911,-110.07515,681.862,0,74.09
123.925,-109.10301,681.756,0,74.0959
123.938,-108.13088,681.649,0,74.1018
123.951,-107.15874,681.543,0,74.1077
123.963,-106.27466,681.446,0,74.1178
123.975,-105.39058,681.35,0,74.1279
123.987,-104.5065,681.253,0,74.1379
123.999,-103.62214,681.157,0,74.1522
124.011,-102.737777,681.06,0,74.1664
124.025,-101.742422,680.951,0,74.1712
124.038,-100.74707,680.843,0,74.1759
124.051,-99.75171,680.734,0,74.1807
124.065,-98.75636,680.625,0,74.1854
124.079,-97.761,680.516,0,74.1902
124.092,-96.76565,680.408,0,74.1949
124.105,-95.80669,680.303,0,74.2038
124.118,-94.84773,680.199,0,74.2127
124.131,-93.88878,680.095,0,74.2216
124.145,-92.83713,679.981,0,74.2298
124.16,-91.7855,679.867,0,74.2381
124.174,-90.7338,679.753,0,74.2463
124.188,-89.6822,679.638,0,74.2545
124.204,-88.464,679.507,0,74.2673
124.221,-87.2458,679.375,0,74.2801
124.232,-86.4334,679.287,0,74.2899
124.243,-85.6211,679.199,0,74.2997
124.254,-84.8087,679.111,0,74.3094
124.267,-83.8335,679.006,0,74.3148
124.28,-82.8582,678.901,0,74.3201
124.294,-81.8829,678.796,0,74.3254
124.307,-80.9077,678.691,0,74.3307
124.32,-79.9324,678.586,0,74.3361
124.335,-78.8237,678.467,0,74.3504
124.35,-77.715,678.348,0,74.3647
124.363,-76.7389,678.243,0,74.3699
124.376,-75.7628,678.139,0,74.375
124.39,-74.7868,678.034,0,74.3802
124.403,-73.8107,677.929,0,74.3853
124.416,-72.8346,677.825,0,74.3905
124.431,-71.7251,677.706,0,74.4048
124.446,-70.6156,677.587,0,74.4191
124.46,-69.5943,677.477,0,74.4251
124.474,-68.5731,677.368,0,74.431
124.487,-67.5519,677.259,0,74.437
124.501,-66.5307,677.149,0,74.443
124.515,-65.5094,677.04,0,74.4489
124.53,-64.3989,676.921,0.8505,74.4625
124.545,-63.2884,676.803,1.701,74.476
124.558,-62.3552,676.703,2.12625,74.4812
124.57,-61.4221,676.603,2.5515,74.4863
124.583,-60.4889,676.503,2.97675,74.4914
124.595,-59.5558,676.403,3.402,74.4966
124.608,-58.6226,676.303,3.82725,74.5017
124.619,-57.8077,676.216,4.58325,74.5101
124.63,-56.9928,676.128,5.33925,74.5184
124.641,-56.1778,676.041,6.09525,74.5268
124.656,-55.0108,675.914,6.66225,74.5337
124.671,-53.8437,675.787,7.22925,74.5405
124.686,-52.6766,675.66,7.79625,74.5474
124.701,-51.5096,675.533,8.36325,74.5542
124.713,-50.6944,675.443,9.11925,74.5612
124.725,-49.8792,675.353,9.87525,74.5681
124.737,-49.064,675.262,10.63125,74.575
124.758,-47.5078,675.087,0,74.6006
124.771,-46.5815,674.979,0,74.604
124.783,-45.6553,674.871,0,74.6073
124.796,-44.729,674.764,0,74.6107
124.808,-43.8028,674.656,0,74.614
124.821,-42.8765,674.548,0,74.6173
124.833,-41.9502,674.44,0,74.6207
124.85,-40.7278,674.292,0,74.6305
124.866,-39.5053,674.145,0,74.6403
124.877,-38.6534,674.039,0,74.6455
124.889,-37.8015,673.933,0,74.6506
124.9,-36.9496,673.827,0,74.6558
124.912,-36.0977,673.721,0,74.6609
124.924,-35.2458,673.614,0,74.6661
124.935,-34.3939,673.508,0,74.6712
124.951,-33.1716,673.352,0,74.6853
124.968,-31.9494,673.196,0,74.6993
124.983,-30.8382,673.051,0,74.7046
124.998,-29.727,672.906,0,74.7098
125.013,-28.6158,672.762,0,74.7151
125.028,-27.5046,672.617,0,74.7203
125.038,-26.671,672.507,-0.14175,74.7284
125.049,-25.8375,672.397,-0.2835,74.7366
125.06,-25.004,672.287,-0.42525,74.7447
125.07,-24.1705,672.178,-0.567,74.7528
125.087,-22.9847,672.02,-1.27575,74.7595
125.104,-21.799,671.862,-1.9845,74.7662
125.121,-20.6132,671.705,-2.69325,74.7729
125.132,-19.7792,671.594,-3.26025,74.7798
125.144,-18.9452,671.483,-3.82725,74.7867
125.155,-18.1112,671.373,-4.39425,74.7936
125.166,-17.2773,671.262,-4.96125,74.8005
125.18,-16.2389,671.125,-3.3075,74.8104
125.194,-15.2006,670.988,-1.65375,74.8203
125.208,-14.1623,670.851,0,74.8302
125.22,-13.2719,670.734,0,74.8381
125.232,-12.3815,670.617,0,74.846
125.244,-11.4911,670.5,0,74.8538
125.257,-10.489,670.37,0,74.8612
125.271,-9.48689999999999,670.239,0,74.8685
125.285,-8.48479999999999,670.108,0,74.8759
125.298,-7.4828,669.978,0,74.8832
125.316,-6.14609999999999,669.805,0,74.9085
125.329,-5.143,669.677,-0.33075,74.9129
125.343,-4.1399,669.548,-0.6615,74.9172
125.357,-3.1369,669.42,-0.99225,74.9216
125.37,-2.134,669.292,-1.323,74.926
125.383,-1.131,669.163,-1.65375,74.9304
125.397,-0.128,669.035,-1.9845,74.9348
125.408,0.689999999999998,668.932,-2.7405,74.9441
125.419,1.50800000000001,668.828,-3.4965,74.9534
125.43,2.32600000000001,668.725,-4.2525,74.9626
125.445,3.44200000000001,668.585,-4.8195,74.9687
125.46,4.557,668.446,-5.3865,74.9747
125.475,5.673,668.306,-5.9535,74.9808
125.49,6.789,668.167,-6.5205,74.9868
125.505,7.905,668.029,-7.583625,74.9995
125.52,9.02200000000001,667.892,-8.64675,75.0122
125.532,9.91500000000001,667.783,-6.9174,75.0163
125.544,10.809,667.675,-5.18805,75.0204
125.556,11.703,667.567,-3.4587,75.0246
125.568,12.596,667.459,-1.72935,75.0286
125.58,13.49,667.351,0,75.0327
125.595,14.719,667.205,0,75.046
125.61,15.949,667.058,0,75.0592
125.622,16.843,666.954,0,75.0637
125.635,17.738,666.85,0,75.0682
125.647,18.633,666.746,0,75.0727
125.66,19.527,666.642,0,75.0772
125.673,20.422,666.538,0,75.0816
125.685,21.317,666.434,0,75.0861
125.698,22.287,666.323,0,75.0941
125.711,23.257,666.213,0,75.1021
125.724,24.227,666.102,0,75.11
125.738,25.291,665.984,0,75.1158
125.753,26.354,665.865,0,75.1216
125.767,27.418,665.746,0,75.1274
125.781,28.482,665.627,0,75.1331
125.793,29.378,665.528,0,75.1413
125.805,30.275,665.43,0,75.1495
125.817,31.171,665.331,0,75.1577
125.835,32.516,665.184,0,75.1866
125.849,33.592,665.066,0,75.1911
125.864,34.668,664.949,0,75.1957
125.878,35.745,664.832,0,75.2003
125.893,36.821,664.715,0,75.2048
125.907,37.897,664.597,0,75.2094
125.918,38.72,664.508,0,75.2181
125.929,39.542,664.419,0,75.2268
125.94,40.365,664.329,0,75.2355
125.954,41.374,664.22,0,75.2426
125.967,42.384,664.11,0,75.2498
125.98,43.394,664,0,75.257
125.994,44.404,663.891,0,75.2641
126.009,45.526,663.769,0,75.2688
126.024,46.648,663.647,0,75.2734
126.039,47.771,663.525,0,75.278
126.054,48.893,663.403,0,75.2826
126.065,49.735,663.312,0,75.2892
126.076,50.577,663.22,0,75.2957
126.088,51.419,663.129,0,75.3023
126.099,52.261,663.038,0,75.3089
126.112,53.235,662.932,0,75.3177
126.125,54.208,662.826,0,75.3266
126.138,55.182,662.721,0,75.3355
126.153,56.305,662.598,0,75.3421
126.168,57.429,662.476,0,75.3487
126.183,58.552,662.354,0,75.3553
126.198,59.676,662.232,0,75.3619
126.208,60.425,662.15,0,75.3701
126.218,61.174,662.069,0,75.3782
126.228,61.923,661.987,0,75.3863
126.242,62.991,661.872,0,75.3923
126.257,64.059,661.756,0,75.3982
126.271,65.127,661.64,0,75.4042
126.285,66.195,661.525,0,75.4101
126.3,67.32,661.403,0,75.4234
126.315,68.445,661.281,0,75.4367
126.327,69.345,661.183,0,75.4414
126.339,70.245,661.086,0,75.446
126.351,71.145,660.988,0,75.4507
126.363,72.045,660.891,0,75.4554
126.375,72.945,660.793,0,75.46
126.391,74.183,660.66,0,75.4726
126.408,75.42,660.526,0,75.4852
126.422,76.456,660.415,0,75.4905
126.436,77.492,660.304,0,75.4957
126.449,78.528,660.192,0,75.501
126.463,79.564,660.081,0,75.5063
126.477,80.599,659.97,0,75.5116
126.489,81.5,659.873,0,75.5182
126.501,82.401,659.777,0,75.5248
126.513,83.303,659.68,0,75.5315
126.525,84.204,659.583,0,75.5381
126.542,85.443,659.451,0,75.5517
126.558,86.682,659.318,0,75.5652
126.57,87.584,659.222,0,75.5681
126.582,88.486,659.126,0,75.5709
126.594,89.387,659.029,0,75.5737
126.606,90.289,658.933,0,75.5765
126.618,91.191,658.837,0,75.5792
126.629,92.018,658.749,0.51975,75.5883
126.64,92.844,658.661,1.0395,75.5973
126.651,93.671,658.573,1.55925,75.6064
126.672,95.25,658.404,3.82725,75.6327
126.686,96.303,658.292,3.189375,75.6367
126.7,97.355,658.179,2.5515,75.6408
126.714,98.408,658.066,1.913625,75.6448
126.728,99.461,657.953,1.27575,75.6488
126.742,100.514,657.84,0.637875,75.6528
126.756,101.567,657.727,0,75.6568
126.768,102.469,657.63,0,75.6631
126.78,103.372,657.532,0,75.6693
126.792,104.275,657.435,0,75.6756
126.804,105.177,657.337,0,75.6818
126.815,106.024,657.245,0,75.6876
126.826,106.87,657.153,0,75.6935
126.838,107.717,657.06,0,75.6994
126.849,108.563,656.968,0,75.7052
126.866,109.843,656.828,0,75.7128
126.883,111.122,656.688,0,75.7203
126.9,112.402,656.548,0,75.7279
126.909,113.079,656.473,0,75.7406
126.918,113.757,656.399,0,75.7534
126.932,114.841,656.279,0,75.7586
126.947,115.925,656.159,0,75.7637
126.961,117.01,656.039,0,75.7689
126.976,118.094,655.919,0,75.7741
126.99,119.178,655.8,0,75.7792
127.001,120.026,655.705,0,75.7851
127.012,120.873,655.611,0,75.791
127.024,121.72,655.517,0,75.7969
127.035,122.568,655.423,0,75.8027
127.049,123.585,655.309,0,75.8079
127.062,124.602,655.196,0,75.8131
127.076,125.619,655.083,0,75.8183
127.089,126.636,654.97,0,75.8235
127.105,127.88,654.831,0,75.8347
127.122,129.123,654.692,0,75.8459
127.134,130.028,654.591,0,75.8517
127.146,130.933,654.491,0,75.8574
127.158,131.837,654.39,0,75.8631
127.17,132.742,654.289,0,75.8688
127.182,133.647,654.188,0,75.8745
127.195,134.627,654.079,0,75.883
127.208,135.608,653.97,0,75.8914
127.221,136.588,653.861,0,75.8998
127.234,137.607,653.747,0,75.905
127.248,138.625,653.634,0,75.9101
127.262,139.643,653.521,0,75.9153
127.275,140.662,653.407,0,75.9205
127.296,142.246,653.231,0,75.9461
127.309,143.19,653.126,0,75.9496
127.321,144.134,653.021,0,75.9531
127.333,145.077,652.916,0,75.9567
127.346,146.021,652.811,0,75.9602
127.359,146.964,652.706,0,75.9637
127.371,147.908,652.601,0,75.9672
127.382,148.738,652.509,0,75.9816
127.393,149.569,652.416,0,75.996
127.404,150.4,652.324,0,76.0104
127.417,151.403,652.213,0,76.014
127.431,152.407,652.101,0,76.0176
127.444,153.41,651.989,0,76.0212
127.457,154.414,651.878,0,76.0248
127.47,155.418,651.766,0,76.0284
127.484,156.421,651.655,0,76.032
127.497,157.425,651.543,0,76.0356
127.515,158.785,651.392,0,76.0486
127.533,160.145,651.241,0,76.0617
127.544,161.015,651.144,0,76.0648
127.556,161.884,651.048,0,76.0679
127.567,162.754,650.951,0,76.071
127.579,163.623,650.855,0,76.0741
127.59,164.492,650.758,0,76.0771
127.602,165.362,650.662,0,76.0802
127.618,166.61,650.523,0,76.093
127.635,167.857,650.384,0,76.1057
127.646,168.72,650.289,0,76.11
127.658,169.582,650.193,0,76.1142
127.669,170.444,650.097,0,76.1185
127.681,171.307,650.002,0,76.1227
127.692,172.169,649.906,0,76.127
127.709,173.456,649.763,0,76.1355
127.726,174.742,649.62,0,76.1441
127.743,176.028,649.477,0,76.1526
127.756,177.012,649.367,0,76.16
127.769,177.996,649.258,0,76.1674
127.782,178.98,649.148,0,76.1748
127.793,179.832,649.054,0,76.1805
127.805,180.684,648.959,0,76.1862
127.816,181.536,648.864,0,76.1918
127.827,182.388,648.77,0,76.1975
127.84,183.41,648.656,0,76.2016
127.854,184.433,648.542,0,76.2057
127.868,185.455,648.429,0,76.2097
127.881,186.477,648.315,0,76.2138
127.893,187.387,648.214,0,76.2201
127.905,188.296,648.113,0,76.2264
127.917,189.205,648.012,0,76.2327
127.929,190.114,647.911,0,76.239
127.944,191.25,647.785,0,76.2668
127.958,192.296,647.669,0,76.2717
127.972,193.342,647.553,0,76.2766
127.985,194.389,647.437,0,76.2816
127.999,195.435,647.321,0,76.2865
128.013,196.481,647.205,0,76.2914
128.024,197.315,647.113,0,76.2973
128.035,198.149,647.02,0,76.3033
128.046,198.983,646.928,0,76.3092
128.059,199.984,646.817,0,76.3139
128.072,200.985,646.706,0,76.3185
128.086,201.986,646.595,0,76.3232
128.099,202.988,646.484,0,76.3279
128.112,203.989,646.373,0,76.3326
128.129,205.241,646.235,0.8505,76.345
128.145,206.493,646.096,1.701,76.3574
128.158,207.449,645.991,2.1546,76.3618
128.17,208.405,645.885,2.6082,76.3663
128.183,209.362,645.779,3.0618,76.3707
128.195,210.318,645.674,3.5154,76.3751
128.208,211.274,645.568,3.969,76.3795
128.22,212.185,645.467,4.725,76.3862
128.232,213.096,645.365,5.481,76.393
128.244,214.007,645.264,6.237,76.3997
128.258,215.09,645.143,4.67775,76.4051
128.272,216.172,645.021,3.1185,76.4104
128.287,217.254,644.9,1.55925,76.4158
128.301,218.336,644.778,0,76.4211
128.313,219.247,644.675,0,76.4275
128.325,220.158,644.571,0,76.4338
128.337,221.069,644.468,0,76.44
128.351,222.152,644.344,0,76.4458
128.366,223.234,644.219,0,76.4516
128.38,224.316,644.095,0,76.4574
128.394,225.398,643.97,0,76.4631
128.407,226.386,643.855,0,76.4706
128.42,227.373,643.74,0,76.478
128.433,228.361,643.625,0,76.4854
128.446,229.348,643.508,0,76.4905
128.459,230.336,643.392,0,76.4957
128.472,231.323,643.275,0,76.5008
128.486,232.406,643.146,0,76.507
128.501,233.489,643.017,0,76.5132
128.515,234.571,642.888,0,76.5194
128.529,235.654,642.76,0,76.5256
128.54,236.452,642.664,0,76.5303
128.55,237.25,642.569,0,76.5349
128.561,238.048,642.473,0,76.5395
128.571,238.845,642.378,0,76.5441
128.585,239.909,642.25,0,76.5519
128.599,240.974,642.123,0,76.5597
128.613,242.038,641.995,0,76.5675
128.627,243.064,641.872,0,76.5731
128.64,244.09,641.748,0,76.5786
128.654,245.117,641.625,0,76.5842
128.667,246.143,641.502,0,76.5897
128.678,246.941,641.406,0,76.598
128.688,247.74,641.31,0,76.6063
128.703,248.881,641.173,0,76.611
128.718,250.022,641.036,0,76.6157
128.733,251.163,640.899,0,76.6205
128.748,252.304,640.761,0,76.6252
128.763,253.444,640.624,0,76.6299
128.773,254.243,640.529,0.1063125,76.6371
128.784,255.042,640.433,0.212625,76.6444
128.794,255.841,640.337,0.3189375,76.6517
128.805,256.64,640.241,0.42525,76.6589
128.822,257.934,640.086,1.18125,76.663
128.839,259.228,639.932,1.93725,76.667
128.856,260.522,639.777,2.69325,76.671
128.867,261.344,639.678,3.2319,76.6763
128.878,262.167,639.58,3.77055,76.6816
128.888,262.989,639.481,4.3092,76.6869
128.899,263.811,639.382,4.84785,76.6922
128.91,264.634,639.284,5.3865,76.6975
128.924,265.711,639.153,4.617,76.7035
128.938,266.788,639.023,3.8475,76.7095
128.952,267.865,638.892,3.078,76.7155
128.967,268.942,638.761,2.3085,76.7215
128.981,270.019,638.631,1.539,76.7274
128.995,271.096,638.5,0.7695,76.7334
129.009,272.173,638.37,0,76.7393
129.02,273.011,638.267,0,76.7478
129.031,273.849,638.164,0,76.7564
129.042,274.687,638.06,0,76.7649
129.055,275.647,637.941,0,76.7691
129.067,276.607,637.822,0,76.7732
129.08,277.567,637.702,0,76.7773
129.092,278.526,637.583,0,76.7815
129.105,279.486,637.464,0,76.7856
129.121,280.744,637.306,0,76.7941
129.138,282.001,637.148,0,76.8026
129.15,282.915,637.033,0,76.8108
129.162,283.829,636.917,0,76.819
129.174,284.744,636.802,0,76.8271
129.188,285.796,636.668,0,76.8306
129.202,286.847,636.535,0,76.834
129.215,287.899,636.401,0,76.8375
129.229,288.951,636.268,0,76.8409
129.243,290.003,636.134,0,76.8444
129.254,290.841,636.027,0,76.8509
129.265,291.68,635.92,0,76.8575
129.276,292.518,635.813,0,76.8641
129.289,293.479,635.69,0,76.8684
129.301,294.44,635.567,0,76.8728
129.314,295.4,635.444,0,76.8772
129.326,296.361,635.321,0,76.8815
129.339,297.322,635.198,0,76.8859
129.354,298.466,635.051,0,76.8949
129.369,299.61,634.904,0,76.9039
129.383,300.64,634.772,-0.1063125,76.9089
129.396,301.67,634.64,-0.212625,76.9139
129.41,302.699,634.508,-0.3189375,76.9189
129.423,303.729,634.376,-0.42525,76.924
129.434,304.588,634.266,-0.9568125,76.9284
129.445,305.446,634.156,-1.488375,76.9329
129.457,306.305,634.046,-2.0199375,76.9374
129.468,307.163,633.937,-2.5515,76.9419
129.485,308.461,633.771,-1.701,76.9508
129.502,309.759,633.606,-0.8505,76.9596
129.519,311.056,633.441,0,76.9685
129.531,311.973,633.324,0,76.9732
129.543,312.889,633.208,0,76.9779
129.555,313.805,633.091,0,76.9826
129.567,314.722,632.975,0,76.9873
129.58,315.715,632.849,0,76.9935
129.593,316.707,632.723,0,76.9997
129.606,317.7,632.597,0,77.0059
129.62,318.732,632.467,0,77.0103
129.633,319.763,632.337,0,77.0146
129.646,320.795,632.208,0,77.019
129.66,321.827,632.078,0,77.0234
129.671,322.629,631.977,0,77.0336
129.681,323.432,631.876,0,77.0437
129.693,324.387,631.757,-0.023625,77.0476
129.706,325.343,631.637,-0.04725,77.0515
129.719,326.298,631.518,-0.070875,77.0554
129.731,327.254,631.398,-0.0945,77.0592
129.743,328.21,631.278,-0.118125,77.0631
129.756,329.165,631.159,-0.14175,77.0669
129.774,330.542,630.987,-1.27575,77.078
129.792,331.919,630.816,-2.40975,77.0891
129.803,332.791,630.708,-2.835,77.0927
129.815,333.663,630.599,-3.26025,77.0964
129.826,334.535,630.491,-3.6855,77.1
129.838,335.407,630.383,-4.11075,77.1036
129.849,336.28,630.275,-4.536,77.1072
129.864,337.428,630.133,-2.97675,77.1164
129.879,338.576,629.992,-1.4174973,77.1255
129.893,339.609,629.866,-1.0631223,77.1302
129.906,340.643,629.74,-0.7087473,77.1349
129.919,341.676,629.614,-0.354375,77.1396
129.933,342.71,629.488,0,77.1443
129.945,343.629,629.377,0,77.1471
129.957,344.548,629.267,0,77.15
129.969,345.467,629.157,0,77.1529
129.981,346.387,629.046,0,77.1558
129.993,347.306,628.936,0,77.1587
130.004,348.149,628.835,0,77.1662
130.015,348.992,628.735,0,77.1738
130.026,349.834,628.634,0,77.1813
130.047,351.444,628.444,0,77.2065
130.06,352.441,628.327,0,77.2076
130.073,353.438,628.21,0,77.2087
130.086,354.434,628.094,0,77.2097
130.099,355.431,627.977,0,77.2108
130.112,356.428,627.86,0,77.2118
130.125,357.425,627.744,0,77.2129
130.14,358.575,627.61,0,77.2272
130.155,359.726,627.477,0,77.2416
130.167,360.608,627.375,0,77.2457
130.178,361.491,627.274,0,77.2498
130.189,362.373,627.172,0,77.2539
130.201,363.256,627.07,0,77.2579
130.212,364.138,626.969,0,77.262
130.224,365.021,626.867,0,77.266
130.239,366.172,626.735,0,77.2742
130.254,367.324,626.603,0,77.2825
130.267,368.291,626.492,0,77.2862
130.279,369.259,626.382,0,77.29
130.292,370.226,626.271,0,77.2937
130.304,371.194,626.161,0,77.2975
130.317,372.161,626.05,0,77.3012
130.328,373.006,625.954,0,77.3067
130.339,373.851,625.857,0,77.3122
130.35,374.696,625.761,0,77.3177
130.364,375.79,625.636,0,77.3221
130.379,376.885,625.511,0,77.3265
130.393,377.98,625.387,0,77.3309
130.407,379.075,625.262,0,77.3353
130.419,379.997,625.157,0,77.3421
130.431,380.919,625.052,0,77.349
130.443,381.841,624.947,0,77.3558
130.456,382.879,624.829,0,77.3611
130.47,383.917,624.711,0,77.3663
130.483,384.954,624.594,0,77.3715
130.497,385.992,624.476,0,77.3768
130.51,386.991,624.362,0,77.3817
130.523,387.991,624.248,0,77.3865
130.536,388.991,624.135,0,77.3914
130.549,389.96,624.025,0,77.3968
130.561,390.929,623.915,0,77.4021
130.574,391.898,623.805,0,77.4075
130.586,392.867,623.695,0,77.4129
130.599,393.836,623.585,0,77.4183
130.613,394.913,623.463,0.189,77.4237
130.627,395.99,623.34,0.378,77.4291
130.641,397.067,623.218,0.567,77.4345
130.655,398.144,623.096,1.27575,77.4411
130.669,399.221,622.974,1.9845,77.4477
130.683,400.298,622.852,2.69325,77.4543
130.697,401.337,622.734,3.82725,77.4622
130.71,402.376,622.616,4.96125,77.47
130.722,403.262,622.515,5.33925,77.4727
130.733,404.147,622.414,5.71725,77.4755
130.745,405.032,622.313,6.09525,77.4782
130.756,405.917,622.211,6.47325,77.481
130.768,406.802,622.11,6.85125,77.4837
130.779,407.688,622.009,7.22925,77.4864
130.8,409.304,621.822,0,77.5034
130.813,410.305,621.705,0,77.5064
130.826,411.306,621.587,0,77.5094
130.839,412.306,621.47,0,77.5124
130.852,413.307,621.352,0,77.5155
130.865,414.308,621.235,0,77.5185
130.878,415.309,621.117,0,77.5215
130.89,416.233,621.007,0,77.5274
130.902,417.157,620.897,0,77.5334
130.914,418.08,620.786,0,77.5393
130.925,418.958,620.68,0,77.5434
130.937,419.836,620.574,0,77.5474
130.948,420.713,620.467,0,77.5515
130.96,421.591,620.361,0,77.5555
130.971,422.469,620.255,0,77.5595
130.985,423.546,620.123,0,77.566
130.999,424.624,619.99,0,77.5724
131.013,425.702,619.858,0,77.5788
131.031,427.088,619.687,0,77.5957
131.044,428.051,619.568,0,77.5988
131.056,429.013,619.448,0,77.6019
131.069,429.976,619.329,0,77.605
131.081,430.938,619.209,0,77.6081
131.094,431.901,619.09,0,77.6112
131.106,432.863,618.97,0,77.6143
131.117,433.711,618.865,0,77.6217
131.128,434.558,618.759,0,77.6292
131.139,435.405,618.654,0,77.6366
131.153,436.469,618.521,0,77.6407
131.167,437.532,618.388,0,77.6449
131.18,438.595,618.255,0,77.649
131.194,439.658,618.123,0,77.6531
131.208,440.721,617.99,0,77.6573
131.219,441.569,617.884,0,77.6628
131.23,442.417,617.778,0,77.6683
131.241,443.264,617.672,0,77.6738
131.255,444.363,617.535,0,77.6777
131.27,445.461,617.398,0,77.6816
131.284,446.56,617.261,0,77.6855
131.298,447.658,617.124,0,77.6894
131.309,448.525,617.016,0,77.6941
131.32,449.393,616.907,0,77.6989
131.332,450.26,616.799,0,77.7037
131.343,451.128,616.691,0,77.7084
131.356,452.13,616.566,0,77.7156
131.369,453.133,616.441,0,77.7227
131.382,454.135,616.316,0,77.7299
131.396,455.234,616.179,0,77.7335
131.41,456.334,616.043,0,77.7372
131.425,457.433,615.906,0,77.7408
131.439,458.532,615.769,0,77.7445
131.45,459.381,615.663,0.14175,77.7518
131.461,460.23,615.558,0.2835,77.7592
131.472,461.078,615.452,0.42525,77.7666
131.486,462.178,615.315,0.99225,77.7714
131.501,463.278,615.179,1.55925,77.7761
131.515,464.378,615.042,2.12625,77.7809
131.529,465.477,614.905,2.69325,77.7857
131.542,466.462,614.783,2.0199375,77.7896
131.555,467.446,614.66,1.346625,77.7935
131.567,468.43,614.538,0.6733125,77.7974
131.58,469.414,614.415,0,77.8014
131.592,470.341,614.299,0,77.8066
131.604,471.267,614.184,0,77.8118
131.616,472.194,614.068,0,77.817
131.628,473.121,613.953,0,77.8222
131.642,474.202,613.817,0,77.8266
131.656,475.283,613.681,0,77.8311
131.67,476.364,613.546,0,77.8355
131.682,477.291,613.429,0,77.8429
131.694,478.218,613.313,0,77.8503
131.706,479.145,613.196,0,77.8576
131.719,480.13,613.072,0,77.8622
131.732,481.114,612.948,0,77.8668
131.744,482.099,612.824,0,77.8713
131.757,483.084,612.7,0,77.8759
131.771,484.185,612.561,0,77.8791
131.785,485.287,612.422,0,77.8824
131.8,486.388,612.282,0,77.8856
131.814,487.489,612.143,0,77.8889
131.825,488.339,612.035,0,77.8956
131.836,489.189,611.927,0,77.9023
131.847,490.039,611.819,0,77.909
131.862,491.198,611.672,0,77.9136
131.877,492.358,611.524,0,77.9182
131.892,493.517,611.377,0,77.9228
131.907,494.676,611.23,0,77.9274
131.919,495.604,611.111,0,77.9318
131.931,496.532,610.993,0,77.9361
131.943,497.46,610.875,0,77.9405
131.955,498.387,610.757,0,77.9448
131.967,499.315,610.639,0,77.949
131.979,500.243,610.521,0,77.9531
131.991,501.171,610.403,0,77.9573
132.003,502.099,610.284,0,77.9614
132.016,503.105,610.157,0,77.9651
132.029,504.11,610.029,0,77.9688
132.042,505.116,609.901,0,77.9725
132.057,506.276,609.753,0,77.979
132.072,507.436,609.606,0,77.9854
132.087,508.597,609.459,0,77.9919
132.098,509.479,609.347,0,77.9958
132.11,510.361,609.235,0,77.9998
132.121,511.243,609.123,0,78.0037
132.133,512.125,609.011,0,78.0076
132.144,513.007,608.899,0,78.0116
132.158,514.091,608.762,0,78.0161
132.172,515.174,608.624,0,78.0206
132.186,516.258,608.487,0,78.0252
132.199,517.245,608.363,0,78.0286
132.212,518.232,608.238,0,78.0321
132.224,519.219,608.113,0,78.0355
132.237,520.206,607.989,0,78.039
132.246,520.903,607.901,0,78.0475
132.255,521.6,607.813,0,78.056
132.269,522.715,607.672,0,78.0584
132.284,523.83,607.532,0,78.0609
132.298,524.946,607.391,0,78.0633
132.313,526.061,607.251,0,78.0657
132.327,527.176,607.11,0,78.0682
132.341,528.26,606.974,0,78.0736
132.355,529.345,606.838,0,78.0791
132.369,530.429,606.701,0,78.0845
132.381,531.359,606.584,0,78.0867
132.393,532.289,606.468,0,78.0888
132.405,533.219,606.351,0,78.091
132.417,534.148,606.234,0,78.0931
132.429,535.078,606.117,0,78.0998
132.441,536.008,606.001,0,78.1065
132.453,536.938,605.884,0,78.1132
132.466,537.945,605.758,0,78.1184
132.479,538.953,605.632,0,78.1237
132.492,539.96,605.505,0,78.1289
132.505,540.984,605.377,0,78.1319
132.518,542.007,605.249,0,78.1348
132.532,543.03,605.121,0,78.1378
132.545,544.054,604.993,0,78.1408
132.558,545.077,604.865,0,78.1437
132.569,545.949,604.756,0,78.1468
132.581,546.822,604.647,0,78.1499
132.592,547.694,604.538,0,78.1529
132.603,548.567,604.429,0,78.156
132.617,549.614,604.299,0,78.1599
132.63,550.661,604.168,0,78.1638
132.643,551.708,604.038,0,78.1677
132.657,552.755,603.907,0,78.1716
132.669,553.686,603.791,0,78.1781
132.681,554.617,603.675,0,78.1845
132.694,555.641,603.547,0,78.1868
132.707,556.665,603.42,0,78.189
132.721,557.689,603.292,0,78.1913
132.734,558.713,603.165,0,78.1935
132.747,559.737,603.037,0,78.1958
132.758,560.61,602.928,-0.4606875,78.1986
132.77,561.483,602.82,-0.921375,78.2015
132.781,562.356,602.711,-1.3820625,78.2043
132.792,563.229,602.603,-1.84275,78.2071
132.805,564.238,602.478,-2.59875,78.2137
132.818,565.247,602.353,-3.35475,78.2202
132.831,566.256,602.228,-4.11075,78.2267
132.847,567.499,602.075,-2.7405,78.2304
132.863,568.741,601.921,-1.37025,78.234
132.879,569.983,601.768,0,78.2377
132.89,570.822,601.666,0,78.2409
132.901,571.661,601.563,0,78.244
132.911,572.5,601.46,0,78.2471
132.922,573.338,601.358,0,78.2503
132.933,574.177,601.255,0,78.2534
132.946,575.168,601.135,0,78.2572
132.958,576.158,601.015,0,78.261
132.971,577.149,600.895,0,78.2648
132.984,578.139,600.775,0,78.2685
132.998,579.227,600.645,0,78.2743
133.012,580.315,600.514,0,78.28
133.026,581.403,600.383,0,78.2857
133.038,582.336,600.272,0,78.2881
133.05,583.269,600.161,0,78.2905
133.062,584.202,600.05,0,78.293
133.076,585.31,599.919,0,78.2977
133.09,586.418,599.788,0,78.3024
133.105,587.526,599.658,0,78.3071
133.119,588.634,599.527,0,78.3118
133.129,589.412,599.435,0,78.3155
133.139,590.189,599.344,0,78.3192
133.149,590.967,599.253,0,78.3228
133.165,592.192,599.11,0,78.3263
133.181,593.418,598.967,0,78.3298
133.196,594.643,598.824,0,78.3333
133.212,595.868,598.68,0,78.3368
133.223,596.709,598.583,0,78.338
133.234,597.549,598.485,0,78.3391
133.244,598.39,598.388,0,78.3402
133.255,599.23,598.29,0,78.3414
133.266,600.071,598.192,0,78.3425
133.284,601.471,598.03,0,78.3564
133.297,602.499,597.911,0,78.3522
133.31,603.526,597.792,0,78.348
133.324,604.554,597.673,0,78.3438
133.337,605.581,597.554,0,78.3396
133.35,606.609,597.436,0,78.3354
133.362,607.542,597.328,0,78.3561
133.374,608.476,597.219,0,78.3765
133.386,609.409,597.111,0,78.3968
133.398,610.344,597.003,0,78.3976
133.41,611.278,596.894,0,78.3984
133.422,612.212,596.786,0,78.3992
133.434,613.147,596.677,0,78.3999
133.446,614.081,596.569,0,78.4006
133.46,615.132,596.446,0.354375,78.4002
133.473,616.184,596.324,0.70875,78.3997
133.486,617.212,596.204,1.134,78.4017
133.499,618.24,596.084,1.55925,78.4037
133.513,619.268,595.965,1.9845,78.4055
133.526,620.296,595.845,2.40975,78.4072
133.539,621.324,595.725,2.835,78.4089
133.55,622.2,595.623,3.366549,78.3942
133.561,623.075,595.52,3.898125,78.3794
133.573,623.951,595.417,4.429674,78.3645
133.584,624.827,595.314,4.96125,78.3495
133.597,625.819,595.197,5.52825,78.3615
133.609,626.811,595.079,6.09525,78.3734
133.622,627.803,594.961,6.66225,78.385
133.635,628.795,594.844,7.22925,78.3965
133.648,629.807,594.721,4.8195,78.4061
133.661,630.819,594.597,2.4097473,78.415
133.674,631.831,594.474,0,78.4232
133.689,632.998,594.329,0,78.4286
133.704,634.166,594.185,0,78.4339
133.719,635.333,594.04,0,78.4392
133.731,636.267,593.925,0,78.4458
133.743,637.201,593.809,0,78.452
133.755,638.174,593.687,0,78.4541
133.768,639.147,593.565,0,78.4562
133.78,640.12,593.443,0,78.4583
133.793,641.093,593.321,0,78.4604
133.805,642.066,593.199,0,78.4625
133.818,643.039,593.077,0,78.4645
133.829,643.895,592.968,0,78.4659
133.84,644.752,592.858,0,78.4672
133.851,645.608,592.749,0,78.4685
133.864,646.635,592.616,0.14175,78.4719
133.877,647.662,592.483,0.2835,78.4753
133.891,648.69,592.35,0.42525,78.4786
133.904,649.717,592.217,0.567,78.482
133.917,650.744,592.085,0.70875,78.4853
133.934,652.028,591.916,1.84275,78.4949
133.95,653.312,591.748,2.97675,78.5042
133.961,654.199,591.63,3.402,78.506
133.973,655.086,591.512,3.82725,78.5078
133.984,655.973,591.394,4.2525,78.5096
133.996,656.861,591.276,4.67775,78.5113
134.007,657.748,591.158,5.103,78.5131
134.019,658.681,591.033,6.237,78.5157
134.031,659.615,590.908,7.371,78.5182
134.044,660.642,590.768,7.79625,78.5208
134.057,661.669,590.627,8.2215,78.5234
134.071,662.696,590.487,8.64675,78.5259
134.084,663.723,590.347,9.072,78.5284
134.097,664.75,590.206,9.49725,78.5309
134.109,665.683,590.076,10.63125,78.533
134.121,666.616,589.945,11.76525,78.5349
134.133,667.588,589.805,12.119625,78.535
134.146,668.559,589.664,12.474,78.5351
134.159,669.531,589.523,12.828375,78.5352
134.171,670.502,589.382,13.18275,78.5353
134.184,671.474,589.242,13.537125,78.5353
134.196,672.446,589.101,13.8915,78.5353
134.211,673.611,588.926,16.017777,78.5182
134.224,674.588,588.772,16.471377,78.5191
134.236,675.565,588.618,16.924977,78.5198
134.249,676.543,588.464,17.378577,78.5204
134.261,677.52,588.31,17.83215,78.5208
134.274,678.498,588.156,18.28575,78.521
134.288,679.582,587.975,19.04175,78.5184
134.302,680.666,587.793,19.79775,78.5156
134.316,681.751,587.612,20.55375,78.5128
134.327,682.633,587.461,20.979,78.5134
134.339,683.515,587.309,21.40425,78.514
134.35,684.397,587.158,21.8295,78.5146
134.362,685.279,587.007,22.25475,78.5151
134.373,686.161,586.855,22.68,78.5157
134.388,687.321,586.65,18.94725,78.5141
134.403,688.48,586.444,15.2145,78.5123
134.418,689.64,586.239,11.481723,78.5105
134.429,690.519,586.074,9.1854,78.5082
134.441,691.399,585.909,6.88905,78.5058
134.452,692.279,585.743,4.5927,78.5034
134.464,693.158,585.578,2.2963473,78.501
134.475,694.038,585.413,0,78.4986
134.489,695.116,585.2,0,78.5006
134.503,696.195,584.987,0,78.5024
134.517,697.273,584.773,0,78.5039
134.529,698.196,584.586,0,78.504
134.541,699.12,584.399,0,78.504
134.553,700.043,584.211,0,78.5039
134.568,701.196,583.974,0,78.5096
134.583,702.35,583.736,0,78.5153
134.598,703.503,583.498,0,78.5209
134.613,704.657,583.26,0,78.5265
134.625,705.579,583.065,0,78.5337
134.637,706.501,582.87,0,78.5407
134.649,707.423,582.676,0,78.5475
134.661,708.345,582.481,0,78.5541
134.675,709.42,582.249,0,78.5579
134.689,710.495,582.017,0,78.5614
134.703,711.57,581.785,0,78.5648
134.715,712.491,581.585,0.4725,78.5658
134.727,713.412,581.384,0.945,78.5667
134.739,714.333,581.184,1.4175,78.5674
134.753,715.369,580.957,1.9845,78.5724
134.766,716.405,580.73,2.5515,78.5773
134.779,717.441,580.504,3.1185,78.5822
134.793,718.477,580.277,3.6855,78.5871
134.805,719.398,580.074,4.8195,78.5888
134.817,720.319,579.871,5.9535,78.5901
134.829,721.207,579.673,6.25725,78.587
134.84,722.094,579.475,6.561,78.5838
134.852,722.982,579.277,6.86475,78.5807
134.863,723.869,579.079,7.1685,78.5774
134.875,724.757,578.881,7.47225,78.5742
134.886,725.644,578.683,7.776,78.5709
134.898,726.532,578.485,8.07975,78.5675
134.911,727.528,578.261,8.83575,78.5779
134.924,728.524,578.036,9.59175,78.5884
134.937,729.521,577.812,10.34775,78.5987
134.951,730.556,577.577,10.91475,78.6006
134.964,731.591,577.342,11.48175,78.6025
134.977,732.625,577.108,12.04875,78.6043
134.991,733.66,576.873,12.61575,78.606
135.003,734.58,576.662,13.147326,78.6143
135.015,735.499,576.451,13.678875,78.6224
135.027,736.418,576.24,14.210451,78.6303
135.039,737.337,576.028,14.742,78.6379
135.056,738.6,575.73,16.017777,78.5982
135.072,739.863,575.432,17.293527,78.5581
135.084,740.778,575.204,17.973927,78.5598
135.096,741.693,574.976,18.6543,78.5613
135.108,742.607,574.748,19.3347,78.5629
135.12,743.522,574.52,20.0151,78.5643
135.132,744.437,574.292,20.6955,78.5656
135.145,745.441,574.03,21.1491,78.561
135.158,746.444,573.768,21.6027,78.556
135.172,747.447,573.505,22.0563,78.5506
135.185,748.451,573.243,22.5099,78.5449
135.198,749.454,572.981,22.9635,78.5388
135.21,750.365,572.737,15.309,78.5443
135.222,751.275,572.494,7.6545,78.5495
135.234,752.186,572.25,0,78.5542
135.245,753.057,572.01,0,78.5549
135.257,753.928,571.77,0,78.5554
135.268,754.799,571.53,0,78.5559
135.28,755.67,571.29,0,78.5563
135.291,756.54,571.05,0,78.5566
135.303,757.411,570.81,0,78.5568
135.319,758.658,570.455,0,78.5612
135.336,759.905,570.1,0,78.5653
135.349,760.9,569.808,0,78.5668
135.362,761.895,569.516,0,78.5682
135.376,762.89,569.224,0,78.5695
135.389,763.886,568.932,0,78.5706
135.402,764.881,568.64,0,78.5717
135.415,765.896,568.334,0.99225,78.5785
135.429,766.912,568.028,1.9845,78.5847
135.44,767.768,567.765,2.4381,78.5864
135.452,768.625,567.502,2.8917,78.5882
135.463,769.481,567.24,3.3453,78.5899
135.475,770.338,566.977,3.7989,78.5915
135.486,771.194,566.714,4.2525,78.593
135.499,772.207,566.399,5.315625,78.594
135.513,773.22,566.084,6.37875,78.5949
135.526,774.21,565.772,6.83235,78.599
135.539,775.199,565.46,7.28595,78.6032
135.553,776.189,565.148,7.73955,78.6074
135.566,777.179,564.836,8.19315,78.6115
135.579,778.168,564.524,8.64675,78.6157
135.59,779.022,564.251,9.10035,78.6162
135.602,779.875,563.977,9.55395,78.6167
135.613,780.728,563.703,10.00755,78.6171
135.625,781.582,563.43,10.46115,78.6176
135.636,782.435,563.156,10.91475,78.6181
135.649,783.407,562.839,11.6235,78.6213
135.662,784.378,562.522,12.33225,78.6245
135.675,785.35,562.205,13.041,78.6277
135.688,786.301,561.887,13.608,78.6175
135.701,787.251,561.569,14.175,78.6072
135.713,788.202,561.251,14.742,78.5968
135.726,789.152,560.933,15.309027,78.5863
135.744,790.489,560.47,16.372152,78.5842
135.762,791.826,560.007,17.435277,78.5808
135.774,792.713,559.688,17.888877,78.5837
135.786,793.601,559.37,18.34245,78.5863
135.798,794.488,559.051,18.79605,78.5884
135.81,795.376,558.732,19.24965,78.5901
135.822,796.264,558.414,19.70325,78.5914
135.833,797.094,558.111,20.801826,78.5794
135.845,797.924,557.808,21.900375,78.5667
135.856,798.754,557.505,22.998924,78.5533
135.867,799.584,557.201,24.0975,78.5391
135.879,800.497,556.857,24.4215,78.5353
135.892,801.41,556.512,24.745473,78.5311
135.904,802.324,556.167,25.069473,78.5266
135.917,803.237,555.822,25.393473,78.5219
135.929,804.15,555.478,25.717473,78.5167
135.942,805.063,555.133,26.041473,78.5113
135.954,805.976,554.788,26.365473,78.5056
135.967,806.924,554.409,27.07425,78.4941
135.98,807.872,554.029,27.783,78.4825
135.993,808.819,553.65,28.49175,78.471
136.007,809.796,553.239,21.652272,78.4602
136.02,810.772,552.828,14.812848,78.4492
136.033,811.749,552.417,7.973397,78.438
136.047,812.725,552.006,1.1339622,78.4264
136.059,813.586,551.625,0.8504703,78.419
136.071,814.446,551.244,0.5669811,78.4115
136.083,815.307,550.863,0.2834892,78.4039
136.095,816.167,550.482,0,78.3961
136.11,817.237,549.993,0,78.4056
136.125,818.307,549.505,0,78.4129
136.139,819.288,549.047,0,78.4168
136.153,820.268,548.589,0,78.4204
136.166,821.249,548.131,0,78.4239
136.18,822.229,547.673,0,78.427
136.194,823.21,547.215,0,78.4299
136.204,823.954,546.864,0,78.4296
136.215,824.699,546.512,0,78.4292
136.225,825.444,546.16,0,78.4287
136.236,826.189,545.809,0,78.4281
136.249,827.11,545.373,0,78.4344
136.262,828.032,544.937,0,78.4403
136.275,828.954,544.501,0,78.446
136.291,830.087,543.961,0,78.4426
136.307,831.22,543.421,0,78.4391
136.323,832.353,542.881,0,78.4355
136.334,833.158,542.492,0,78.4313
136.346,833.962,542.102,0,78.4271
136.357,834.767,541.713,0,78.4228
136.369,835.572,541.324,0,78.4185
136.38,836.377,540.935,0,78.4141
136.395,837.433,540.417,0.567,78.4149
136.41,838.489,539.899,1.134,78.415
136.425,839.545,539.382,1.701,78.4143
136.436,840.336,538.992,2.268,78.404
136.448,841.127,538.603,2.835,78.3935
136.459,841.918,538.213,3.402,78.383
136.47,842.709,537.824,3.969,78.3725
136.483,843.622,537.37,4.725,78.3832
136.496,844.534,536.917,5.481,78.3926
136.509,845.447,536.463,6.237,78.4008
136.522,846.338,536.011,6.768549,78.3996
136.535,847.229,535.559,7.300125,78.3985
136.547,848.121,535.107,7.831674,78.3972
136.56,849.012,534.655,8.36325,78.396
136.574,849.985,534.149,9.072,78.3747
136.588,850.958,533.643,9.78075,78.3533
136.602,851.932,533.137,10.4895,78.3318
136.615,852.81,532.663,11.0565,78.3243
136.628,853.688,532.189,11.6235,78.3168
136.64,854.566,531.715,12.1905,78.3092
136.653,855.444,531.241,12.7575,78.3015
136.665,856.264,530.785,13.289076,78.2951
136.677,857.084,530.33,13.820625,78.2881
136.689,857.904,529.874,14.352201,78.2805
136.701,858.725,529.418,14.88375,78.2722
136.714,859.594,528.93,15.450777,78.2614
136.727,860.463,528.442,16.017777,78.2503
136.739,861.333,527.955,16.584777,78.2392
136.752,862.202,527.467,17.151777,78.2279
136.767,863.222,526.888,18.214875,78.2253
136.782,864.242,526.309,19.278,78.2212
136.795,865.121,525.799,20.034,78.1941
136.808,866,525.289,20.79,78.1649
136.821,866.879,524.78,21.546,78.1335
136.835,867.798,524.217,21.9996,78.1275
136.849,868.718,523.655,22.4532,78.121
136.862,869.637,523.093,22.9068,78.1141
136.876,870.556,522.531,23.3604,78.1066
136.89,871.475,521.969,23.814,78.0987
136.903,872.331,521.424,24.522723,78.0778
136.916,873.186,520.88,25.231473,78.0555
136.929,874.042,520.335,25.940223,78.0319
136.938,874.631,519.954,27.07425,78.0049
136.947,875.221,519.573,28.20825,77.9718
136.962,876.193,518.925,28.66185,77.9451
136.977,877.166,518.276,29.11545,77.9181
136.992,878.138,517.628,29.56905,77.8908
137.007,879.111,516.98,30.02265,77.8633
137.022,880.083,516.331,30.47625,77.8354
137.033,880.813,515.828,30.9015,77.8028
137.045,881.543,515.325,31.32675,77.7699
137.056,882.273,514.822,31.752,77.7367
137.068,883.003,514.32,32.17725,77.7031
137.079,883.733,513.817,32.6025,77.6693
137.092,884.554,513.231,33.3585,77.5353
137.105,885.375,512.646,34.1145,77.4006
137.118,886.196,512.061,34.8705,77.2651
137.134,887.212,511.297,35.93349,76.4732
137.151,888.228,510.532,36.99675,75.6643
137.162,888.882,509.989,37.59912,75.3137
137.173,889.535,509.446,38.20149,74.9592
137.185,890.188,508.903,38.80386,74.6007
137.196,890.842,508.36,39.4065,74.2383
137.21,891.65,507.661,39.83175,74.2083
137.225,892.459,506.962,40.257,74.1771
137.239,893.268,506.263,40.68225,74.1447
137.254,894.076,505.564,41.1075,74.111
137.268,894.885,504.865,41.53275,74.0762
137.283,895.722,504.135,42.66675,74.0208
137.298,896.559,503.405,43.80075,73.9531
137.311,897.256,502.787,44.226,73.922
137.323,897.948,502.17,44.65125,73.8904
137.336,898.648,501.552,45.0765,73.8581
137.348,899.348,500.934,45.50175,73.8254
137.361,900.048,500.317,45.927,73.7921
137.379,901.018,499.415,46.98999,73.674
137.397,901.988,498.512,48.05325,73.5526
137.411,902.698,497.82,48.62025,73.5088
137.424,903.408,497.127,49.18725,73.4639
137.438,904.118,496.435,49.75425,73.4179
137.451,904.828,495.742,50.32125,73.3706
137.464,905.488,495.078,37.95336,73.2807
137.477,906.148,494.413,25.58574,73.1848
137.489,906.808,493.748,13.218039,73.0827
137.502,907.458,493.084,0.8503542,72.9747
137.515,908.098,492.395,0.7288758,72.9638
137.528,908.738,491.705,0.6073974,72.9526
137.541,909.378,491.016,0.4859163,72.941
137.553,910.018,490.327,0.3644379,72.9291
137.566,910.658,489.638,0.24295842,72.9169
137.579,911.288,488.948,0.12147921,72.9043
137.592,911.928,488.259,0,72.8914
137.609,912.748,487.327,0,72.8568
137.626,913.568,486.394,0,72.822
137.643,914.378,485.462,0,72.7869
137.657,915.038,484.684,0,72.7657
137.671,915.698,483.906,0,72.7432
137.685,916.358,483.129,0,72.7195
137.696,916.868,482.51,0,72.6915
137.707,917.368,481.891,0,72.6635
137.718,917.878,481.272,0,72.6354
137.732,918.518,480.457,-0.2480625,72.6251
137.746,919.158,479.642,-0.496125,72.6145
137.761,919.798,478.828,-0.7441875,72.6037
137.775,920.428,478.013,-0.99225,72.5926
137.788,921.008,477.225,-1.55925,72.5784
137.802,921.588,476.437,-2.12625,72.5634
137.815,922.168,475.65,-2.69325,72.5475
137.829,922.758,474.862,-3.26025,72.5307
137.843,923.338,474.031,-3.969,72.5529
137.857,923.918,473.2,-4.67775,72.572
137.871,924.498,472.369,-5.3865,72.588
137.887,925.138,471.408,-6.1425,72.6167
137.903,925.788,470.448,-6.8985,72.6406
137.919,926.438,469.487,-7.6545,72.6599
137.934,927.028,468.579,-5.103,72.6792
137.949,927.628,467.671,-2.5514973,72.6967
137.964,928.228,466.763,0,72.7125
137.976,928.728,465.986,0,72.73
137.988,929.228,465.209,0,72.7469
138,929.728,464.432,0,72.7634
138.012,930.228,463.655,0,72.7793
138.028,930.818,462.737,0,72.7903
138.044,931.398,461.82,0,72.8012
138.06,931.988,460.902,0,72.812
138.072,932.458,460.167,0,72.8309
138.084,932.928,459.433,0,72.8498
138.096,933.398,458.698,0,72.8687
138.111,933.978,457.776,-0.496125,72.874
138.126,934.568,456.855,-0.99225,72.8792
138.141,935.148,455.933,-1.488375,72.8844
138.156,935.738,455.012,-1.9845,72.8895
138.168,936.198,454.271,-1.323,72.906
138.18,936.658,453.531,-0.6615,72.9222
138.192,937.128,452.79,0,72.9381
138.206,937.668,451.924,0,72.9503
138.22,938.208,451.057,0,72.9618
138.234,938.738,450.191,0,72.9726
138.255,939.548,448.89,0.2835,72.988
138.268,940.048,448.085,0.637875,73.001
138.281,940.548,447.279,0.99225,73.0137
138.294,941.048,446.473,1.346625,73.0261
138.307,941.548,445.667,1.701,73.0381
138.32,942.048,444.862,2.055375,73.0498
138.333,942.548,444.056,2.40975,73.0612
138.346,943.038,443.247,3.16575,73.0727
138.359,943.538,442.438,3.92175,73.0842
138.372,944.038,441.63,4.67775,73.0957
138.386,944.578,440.739,5.24475,73.0867
138.4,945.118,439.848,5.81175,73.0776
138.415,945.648,438.958,6.37875,73.0686
138.429,946.188,438.067,6.94575,73.0596
138.441,946.638,437.313,7.6545,73.0656
138.453,947.088,436.559,8.36325,73.07
138.465,947.528,435.805,9.072,73.0729
138.477,947.978,435.05,4.536,73.0813
138.489,948.428,434.295,0,73.0891
138.503,948.958,433.38,0,73.0977
138.518,949.498,432.465,0,73.1061
138.533,950.028,431.551,0,73.1143
138.547,950.568,430.636,0,73.1223
138.562,951.098,429.722,0,73.1301
138.576,951.638,428.807,0,73.1378
138.591,952.188,427.858,0,73.18
138.604,952.658,427.033,0,73.185
138.617,953.138,426.209,0,73.19
138.63,953.608,425.384,0,73.195
138.643,954.078,424.559,0,73.1999
138.656,954.558,423.734,0,73.2049
138.669,955.028,422.909,0,73.2098
138.687,955.678,421.762,0,73.2195
138.705,956.328,420.614,0,73.2287
138.716,956.708,419.923,0,73.2337
138.727,957.098,419.232,0,73.2383
138.737,957.478,418.541,0,73.2426
138.748,957.868,417.85,0,73.2466
138.759,958.248,417.159,0,73.2502
138.773,958.748,416.261,0,73.26
138.787,959.248,415.364,0,73.2697
138.801,959.738,414.467,0,73.2794
138.814,960.218,413.602,0,73.2846
138.828,960.698,412.736,0,73.2898
138.841,961.178,411.871,0,73.2949
138.855,961.658,411.006,0,73.3
138.873,962.298,409.852,0,73.3169
138.891,962.938,408.699,0,73.3335
138.902,963.348,407.968,0.25515,73.3403
138.914,963.758,407.237,0.5103,73.347
138.925,964.158,406.507,0.76545,73.3536
138.937,964.568,405.776,1.0206,73.36
138.948,964.978,405.045,1.27575,73.3664
138.963,965.508,404.083,2.40975,73.3765
138.978,966.038,403.121,3.54375,73.3864
138.994,966.598,402.109,4.11075,73.3908
139.009,967.158,401.098,4.67775,73.3951
139.025,967.718,400.086,5.24475,73.3993
139.041,968.278,399.075,5.81175,73.4033
139.054,968.738,398.238,6.5205,73.4118
139.067,969.198,397.402,7.22925,73.4202
139.08,969.658,396.565,7.938,73.4285
139.094,970.128,395.694,8.505,73.4321
139.107,970.608,394.823,9.072,73.4357
139.12,971.078,393.952,9.639,73.4392
139.134,971.548,393.082,10.206,73.4428
139.147,971.998,392.258,10.773,73.4473
139.16,972.438,391.434,11.34,73.4519
139.172,972.888,390.61,11.907,73.4565
139.185,973.328,389.786,12.474,73.461
139.199,973.818,388.88,13.18275,73.4704
139.213,974.298,387.973,13.8915,73.4797
139.227,974.788,387.066,14.60025,73.4889
139.241,975.268,386.156,15.356277,73.4805
139.255,975.748,385.246,16.112277,73.4716
139.269,976.228,384.336,16.868277,73.4623
139.28,976.608,383.591,17.293527,73.4638
139.292,976.988,382.846,17.718777,73.4652
139.303,977.368,382.1,18.144,73.4665
139.315,977.748,381.355,18.56925,73.4677
139.326,978.138,380.609,18.9945,73.4688
139.344,978.718,379.426,20.1285,73.4572
139.362,979.308,378.243,21.2625,73.4356
139.377,979.798,377.255,19.632375,73.4087
139.392,980.288,376.267,18.00225,73.3809
139.405,980.688,375.424,13.501674,73.3911
139.417,981.088,374.581,9.001125,73.399
139.43,981.498,373.738,4.500549,73.4045
139.443,981.898,372.895,0,73.4076
139.456,982.288,372.056,0.14175,73.4114
139.468,982.678,371.217,0.2835,73.4151
139.481,983.068,370.379,0.42525,73.4187
139.493,983.458,369.54,0.567,73.4221
139.506,983.848,368.701,0.70875,73.4254
139.524,984.398,367.498,1.84275,73.4338
139.542,984.938,366.295,2.97675,73.4392
139.556,985.348,365.391,3.508299,73.4362
139.569,985.748,364.487,4.039875,73.4329
139.582,986.158,363.583,4.571424,73.4295
139.596,986.558,362.678,5.103,73.4259
139.609,986.958,361.771,5.67,73.4207
139.623,987.358,360.864,6.237,73.4152
139.636,987.748,359.957,6.804,73.4095
139.65,988.148,359.05,7.371,73.4035
139.663,988.528,358.174,8.127,73.4056
139.676,988.898,357.298,8.883,73.407
139.689,989.278,356.422,9.639,73.4077
139.701,989.618,355.612,10.170549,73.4009
139.713,989.968,354.803,10.702125,73.394
139.725,990.308,353.993,11.233701,73.3871
139.737,990.648,353.183,11.76525,73.3801
139.751,991.048,352.218,12.33225,73.3872
139.766,991.448,351.254,12.89925,73.3938
139.78,991.848,350.289,13.46625,73.4001
139.794,992.248,349.324,14.03325,73.4059
139.806,992.578,348.509,14.78925,73.3986
139.818,992.908,347.693,15.545277,73.3909
139.83,993.238,346.878,16.301277,73.3828
139.844,993.598,345.956,16.832826,73.3808
139.857,993.948,345.034,17.364402,73.3788
139.87,994.308,344.111,17.895951,73.3768
139.884,994.658,343.189,18.4275,73.3747
139.9,995.068,342.091,19.1835,73.3691
139.916,995.478,340.993,19.9395,73.3622
139.932,995.878,339.895,20.6955,73.3539
139.947,996.258,338.862,21.40425,73.3375
139.962,996.628,337.829,22.113,73.3209
139.977,996.998,336.796,22.82175,73.3042
139.991,997.338,335.83,23.57775,73.2413
140.005,997.678,334.864,24.333723,73.1772
140.019,998.008,333.898,25.089723,73.1121
140.032,998.318,333,25.845723,73.0236
140.045,998.618,332.101,26.601723,72.9342
140.058,998.918,331.202,27.35775,72.8437
140.071,999.208,330.301,28.0665,72.777
140.084,999.488,329.399,28.77525,72.7101
140.097,999.778,328.498,29.484,72.643
140.111,1000.048,327.537,29.9376,72.6081
140.125,1000.328,326.577,30.3912,72.5722
140.138,1000.608,325.616,30.8448,72.5354
140.152,1000.888,324.655,31.2984,72.4977
140.166,1001.168,323.695,31.752,72.459
140.182,1001.478,322.544,32.81499,72.3402
140.199,1001.798,321.394,33.87825,72.2205
140.213,1002.058,320.399,34.44525,72.1705
140.228,1002.308,319.405,35.01225,72.1187
140.242,1002.568,318.41,35.57925,72.0651
140.256,1002.828,317.416,36.14625,72.0098
140.269,1003.038,316.524,34.02,71.9603
140.281,1003.248,315.632,31.89375,71.9106
140.294,1003.458,314.741,29.7675,71.8609
140.307,1003.668,313.849,27.64125,71.8111
140.32,1003.878,312.904,13.820598,71.7197
140.334,1004.088,311.959,0,71.6263
140.348,1004.298,310.96,0,71.5792
140.363,1004.508,309.962,0,71.5321
140.377,1004.718,308.964,0,71.485
140.391,1004.928,307.966,0,71.4378
140.405,1005.118,306.967,0,71.4006
140.419,1005.308,305.968,0,71.3627
140.434,1005.498,304.97,0,71.3241
140.448,1005.688,303.971,0,71.2849
140.463,1005.878,302.919,0,71.1334
140.479,1006.058,301.826,0.42525,71.1037
140.494,1006.248,300.732,0.8505,71.0737
140.51,1006.428,299.639,1.27575,71.0435
140.525,1006.608,298.545,1.701,71.0129
140.541,1006.788,297.452,2.12625,70.9822
140.552,1006.908,296.681,2.88225,70.9358
140.563,1007.028,295.911,3.63825,70.8892
140.574,1007.148,295.14,4.39425,70.8425
140.588,1007.298,294.143,4.925799,70.8137
140.603,1007.438,293.145,5.457375,70.7849
140.617,1007.588,292.148,5.988924,70.756
140.631,1007.738,291.151,6.5205,70.7271
140.649,1007.898,289.895,7.6545,70.237
140.667,1008.068,288.639,8.7885,69.7332
140.681,1008.138,287.708,9.320049,69.4187
140.694,1008.208,286.777,9.851625,69.0887
140.707,1008.268,285.846,10.383174,68.743
140.721,1008.338,284.915,10.91475,68.3813
140.734,1008.368,283.992,12.04875,68.3429
140.748,1008.408,283.068,13.18275,68.3006
140.764,1008.448,281.941,13.74975,68.2711
140.781,1008.488,280.813,14.31675,68.2406
140.798,1008.518,279.685,14.88375,68.2091
140.814,1008.558,278.557,15.450777,68.1767
140.829,1008.598,277.533,16.159527,68.1415
140.844,1008.638,276.5095,16.868277,68.1037
140.859,1008.678,275.4856,17.577027,68.0632
140.872,1008.708,274.5643,18.144,68.0442
140.886,1008.748,273.6431,18.711,68.023
140.899,1008.778,272.7218,19.278,67.9996
140.913,1008.818,271.8005,19.845,67.9741
140.929,1008.848,270.711,20.601,67.8624
140.945,1008.888,269.6214,21.357,67.7461
140.961,1008.928,268.5318,22.113,67.6254
140.975,1008.958,267.58,21.02625,67.7607
140.989,1008.978,266.6282,19.9395,67.8724
141.003,1009.008,265.6764,18.852723,67.9606
141.017,1009.028,264.7069,14.139549,68.0056
141.031,1009.058,263.7374,9.426375,68.0346
141.046,1009.078,262.7678,4.713174,68.0477
141.06,1009.108,261.7983,0,68.0449
141.078,1009.118,260.5737,0,67.9109
141.096,1009.128,259.3492,0,67.7747
141.109,1009.118,258.486,0.1063125,67.7139
141.121,1009.098,257.6227,0.212625,67.6456
141.134,1009.088,256.7595,0.3189375,67.5696
141.147,1009.078,255.8963,0.42525,67.486
141.164,1009.038,254.7493,1.134,67.495
141.181,1009.008,253.6024,1.84275,67.5012
141.198,1008.968,252.4554,2.5515,67.5044
141.213,1008.938,251.4435,4.8195,67.5252
141.228,1008.888,250.4316,5.2731,67.5234
141.243,1008.848,249.4198,5.7267,67.5215
141.258,1008.808,248.4079,6.1803,67.5197
141.273,1008.758,247.396,6.6339,67.5179
141.288,1008.718,246.3842,7.0875,67.5161
141.301,1008.668,245.5085,7.79625,67.4605
141.314,1008.618,244.6328,8.505,67.4041
141.327,1008.568,243.7572,9.21375,67.3468
141.346,1008.488,242.4797,9.96975,67.3594
141.365,1008.398,241.2023,10.72575,67.372
141.384,1008.318,239.9248,11.48175,67.3845
141.395,1008.268,239.1853,12.1905,67.4024
141.406,1008.218,238.4458,12.89925,67.4199
141.417,1008.168,237.7063,13.608,67.4369
141.437,1008.068,236.3623,14.364,67.3998
141.457,1007.958,235.0182,15.120027,67.3627
141.477,1007.858,233.6742,15.876027,67.3254
141.489,1007.778,232.8698,16.632027,67.3178
141.501,1007.708,232.0654,17.388027,67.3098
141.513,1007.628,231.2611,18.144,67.3015
141.527,1007.538,230.3235,18.85275,67.2997
141.541,1007.438,229.386,19.5615,67.2958
141.555,1007.348,228.4485,20.27025,67.2895
141.571,1007.228,227.3957,20.83725,67.2536
141.586,1007.118,226.343,21.40425,67.2172
141.602,1007.008,225.2903,21.97125,67.1803
141.618,1006.888,224.2375,22.53825,67.1429
141.634,1006.768,223.1356,23.601375,67.2225
141.651,1006.638,222.0338,24.664473,67.2993
141.666,1006.518,221.0316,25.231473,67.3066
141.681,1006.388,220.0295,25.798473,67.3135
141.696,1006.268,219.0273,26.365473,67.3199
141.711,1006.148,218.0252,26.932473,67.3259
141.729,1005.978,216.8247,27.57024,67.3346
141.747,1005.808,215.6241,28.20825,67.3383
141.761,1005.658,214.6768,28.77525,67.3218
141.775,1005.508,213.7294,29.34225,67.3044
141.79,1005.358,212.782,29.90925,67.286
141.804,1005.208,211.8346,30.47625,67.2666
141.818,1005.058,210.9396,31.61025,67.2749
141.831,1004.898,210.0445,32.74425,67.277
141.845,1004.728,209.1013,33.27588,67.2802
141.859,1004.548,208.1581,33.80724,67.283
141.874,1004.378,207.2149,34.33887,67.2853
141.888,1004.208,206.2717,34.8705,67.2872
141.903,1004.008,205.2815,36.0045,67.281
141.918,1003.808,204.2913,37.1385,67.273
141.934,1003.578,203.2567,37.66986,67.2689
141.949,1003.348,202.2221,38.20149,67.2644
141.965,1003.118,201.1874,38.73312,67.2596
141.981,1002.888,200.1528,39.26475,67.2544
141.997,1002.628,199.0744,26.932419,67.2334
142.014,1002.368,197.996,14.600169,67.2121
142.028,1002.118,197.0605,11.680119,67.2188
142.043,1001.868,196.1249,8.760096,67.2253
142.057,1001.618,195.1893,5.840073,67.2317
142.072,1001.368,194.2538,2.920023,67.2379
142.086,1001.128,193.3182,0,67.2439
142.104,1000.798,192.1538,0,67.2676
142.122,1000.468,190.9894,0,67.2896
142.135,1000.208,190.1185,0,67.3035
142.149,999.948,189.2476,0,67.3167
142.162,999.698,188.3767,0,67.3295
142.176,999.438,187.5058,0,67.3417
142.193,999.098,186.41404,0,67.3813
142.21,998.758,185.32229,0,67.4194
142.227,998.408,184.23054,0,67.4561
142.242,998.108,183.30265,0.070875,67.4658
142.256,997.798,182.37476,0.14175,67.4755
142.271,997.488,181.44686,0.212625,67.485
142.285,997.188,180.51897,0.2835,67.4944
142.299,996.878,179.59107,0.354375,67.5036
142.314,996.568,178.66318,0.42525,67.5128
142.33,996.228,177.639736,1.134,67.5166
142.346,995.878,176.616293,1.84275,67.5203
142.362,995.538,175.59285,2.5515,67.524
142.374,995.278,174.82513,3.3075,67.554
142.386,995.018,174.0574,4.0635,67.5834
142.398,994.758,173.28968,4.8195,67.6124
142.415,994.388,172.20278,5.5755,67.6291
142.432,994.018,171.11588,6.3315,67.6458
142.449,993.648,170.02898,7.0875,67.6622
142.462,993.358,169.215,7.619049,67.6726
142.475,993.068,168.40102,8.150625,67.6829
142.487,992.788,167.58703,8.682174,67.693
142.5,992.498,166.773,9.21375,67.703
142.519,992.058,165.5638,9.96975,67.7187
142.538,991.618,164.3546,10.72575,67.7343
142.557,991.188,163.1454,11.48175,67.7498
142.568,990.918,162.4473,12.1905,67.7637
142.579,990.658,161.7492,12.89925,67.7774
142.59,990.398,161.0512,13.608,67.7907
142.611,989.898,159.7195,14.742,67.8012
142.632,989.388,158.3878,15.876027,67.8113
142.646,989.068,157.5327,16.407576,67.8266
142.659,988.738,156.6775,16.939152,67.8416
142.673,988.408,155.8223,17.470701,67.8564
142.686,988.088,154.9671,18.002277,67.8711
142.701,987.708,154.0201,18.75825,67.8858
142.716,987.338,153.0731,19.51425,67.9
142.731,986.968,152.1261,20.27025,67.9138
142.745,986.618,151.2788,20.1285,67.9187
142.758,986.268,150.4315,19.98675,67.9235
142.771,985.918,149.5842,19.845,67.9283
142.785,985.568,148.7369,19.70325,67.933
142.8,985.158,147.8015,13.1355,67.9454
142.815,984.758,146.8661,6.56775,67.9575
142.83,984.348,145.9307,0,67.9693
142.845,983.938,144.9985,0,67.9949
142.862,983.468,143.959,0,68.005
142.879,982.988,142.9195,0,68.015
142.895,982.518,141.88,0,68.025
142.912,982.048,140.8405,0,68.0348
142.929,981.568,139.801,0,68.0445
142.943,981.188,138.9675,0,68.0807
142.956,980.798,138.134,0,68.1168
142.969,980.418,137.3189,0,68.1233
142.982,980.038,136.5039,0,68.1298
142.996,979.658,135.6889,0,68.1363
143.009,979.278,134.8739,0,68.1428
143.022,978.898,134.0588,0,68.1493
143.038,978.418,133.0407,0.8505,68.1705
143.055,977.948,132.0225,1.701,68.1916
143.068,977.568,131.2215,2.457,68.2052
143.081,977.188,130.4205,3.213,68.2187
143.094,976.808,129.6195,3.969,68.2321
143.11,976.338,128.6521,4.536,68.2419
143.125,975.868,127.6847,5.103,68.2518
143.141,975.398,126.7174,5.67,68.2616
143.157,974.928,125.75,6.237,68.2714
143.173,974.448,124.7706,6.94575,68.2831
143.189,973.968,123.7913,7.6545,68.2947
143.205,973.478,122.812,8.36325,68.306
143.218,973.078,122.0185,9.11925,68.3168
143.231,972.678,121.2249,9.87525,68.3275
143.244,972.288,120.4314,10.63125,68.3381
143.261,971.758,119.3964,11.38725,68.3524
143.278,971.228,118.3614,12.14325,68.3666
143.295,970.698,117.3264,12.89925,68.3808
143.309,970.278,116.5068,13.430826,68.3885
143.322,969.848,115.6872,13.962375,68.396
143.335,969.428,114.8677,14.493951,68.4036
143.349,968.998,114.0481,15.0255,68.4111
143.365,968.488,113.0804,15.781527,68.4219
143.381,967.978,112.1127,16.537527,68.4326
143.397,967.458,111.1451,17.293527,68.4432
143.41,967.018,110.3323,18.4275,68.4535
143.424,966.578,109.5195,19.5615,68.4637
143.439,966.078,108.6229,20.1285,68.4691
143.454,965.578,107.7263,20.6955,68.4746
143.469,965.078,106.8297,21.2625,68.48
143.484,964.578,105.9331,21.8295,68.4855
143.497,964.118,105.1321,22.892625,68.4943
143.511,963.658,104.3311,23.95575,68.5031
143.526,963.128,103.4489,24.40935,68.5061
143.541,962.598,102.5667,24.862923,68.5092
143.556,962.078,101.6846,25.316523,68.5122
143.571,961.548,100.8024,25.770123,68.5152
143.586,961.018,99.9202,26.223723,68.5182
143.602,960.448,98.9883,26.932473,68.5256
143.618,959.868,98.0564,27.64125,68.5329
143.634,959.288,97.1245,28.35,68.5402
143.648,958.778,96.3145,29.106,68.5397
143.662,958.258,95.5046,29.862,68.539
143.676,957.748,94.6946,30.618,68.538
143.685,957.408,94.1766,27.64125,68.5425
143.694,957.078,93.6587,24.664446,68.5466
143.71,956.448,92.7164,18.498348,68.5465
143.727,955.818,91.7742,12.332223,68.5463
143.743,955.198,90.8319,6.166125,68.546
143.76,954.568,89.8897,0,68.5457
143.776,953.928,88.9567,0,68.5502
143.793,953.288,88.0237,0,68.5539
143.807,952.718,87.2207,0,68.5623
143.822,952.138,86.4177,0,68.5703
143.836,951.568,85.6147,0,68.5779
143.851,950.988,84.8117,0,68.585
143.865,950.418,84.0088,0,68.5917
143.882,949.738,83.1007,0,68.6172
143.898,949.068,82.1926,0,68.641
143.91,948.568,81.536,0,68.646
143.922,948.068,80.8794,0,68.6505
143.934,947.578,80.2229,0,68.6546
143.946,947.078,79.5663,0,68.6582
143.958,946.578,78.9097,0,68.6614
143.977,945.768,77.8437,1.134,68.6791
143.997,944.958,76.778,2.268,68.6964
144.01,944.398,76.039,3.402,68.7268
144.024,943.838,75.301,4.536,68.7551
144.037,943.288,74.579,4.96125,68.7607
144.05,942.738,73.857,5.3865,68.7663
144.064,942.188,73.136,5.81175,68.7719
144.077,941.638,72.414,6.237,68.7773
144.09,941.088,71.692,6.66225,68.7827
144.104,940.488,70.915,7.22925,68.7939
144.118,939.888,70.139,7.79625,68.8049
144.133,939.288,69.362,8.36325,68.8158
144.147,938.688,68.586,8.93025,68.8265
144.171,937.678,67.283,11.19825,68.8517
144.185,937.058,66.506,11.6235,68.8558
144.2,936.438,65.729,12.04875,68.8599
144.214,935.828,64.953,12.474,68.864
144.229,935.208,64.176,12.89925,68.868
144.243,934.598,63.399,13.3245,68.8721
144.259,933.878,62.516,14.4585,68.8904
144.276,933.168,61.633,15.592527,68.9086
144.288,932.638,60.993,16.301277,68.9154
144.3,932.118,60.353,17.010027,68.9221
144.312,931.588,59.713,17.718777,68.9287
144.326,930.958,58.951,18.172377,68.9334
144.341,930.318,58.188,18.62595,68.9381
144.355,929.688,57.426,19.07955,68.9428
144.37,929.048,56.663,19.53315,68.9474
144.384,928.418,55.901,19.98675,68.9521
144.399,927.738,55.115,20.6955,68.9574
144.414,927.068,54.33,21.40425,68.9627
144.429,926.398,53.544,22.113,68.9679
144.443,925.758,52.82,22.869,68.9707
144.457,925.118,52.096,23.625,68.9736
144.471,924.478,51.372,24.380973,68.9763
144.487,923.738,50.555,25.089723,68.979
144.503,922.998,49.737,25.798473,68.9816
144.519,922.248,48.92,26.507223,68.9841
144.533,921.598,48.215,27.26325,68.984
144.547,920.938,47.509,28.01925,68.9839
144.561,920.278,46.804,28.77525,68.9837
144.579,919.418,45.906,20.128446,68.9815
144.592,918.778,45.256,16.102773,68.9873
144.605,918.138,44.607,12.077073,68.9931
144.619,917.498,43.958,8.051373,68.999
144.632,916.858,43.309,4.0257,69.0047
144.645,916.218,42.66,0,69.0105
144.661,915.418,41.859,0,69.0182
144.678,914.608,41.058,0,69.0259
144.691,913.948,40.422,0,69.0333
144.704,913.298,39.786,0,69.0407
144.718,912.648,39.15,0,69.048
144.731,911.988,38.513,0,69.0552
144.744,911.338,37.877,0,69.0624
144.762,910.448,37.016,0,69.0748
144.78,909.548,36.155,0,69.0863
144.795,908.788,35.446,0,69.0871
144.81,908.038,34.737,0,69.0874
144.825,907.278,34.028,0,69.087
144.84,906.518,33.32,0,69.0861
144.852,905.908,32.762,0.756,69.0909
144.864,905.298,32.204,1.512,69.0912
144.876,904.678,31.647,2.268,69.0869
144.891,903.908,30.953,3.402,69.0281
144.906,903.138,30.26,4.536,68.9673
144.923,902.298,29.498,5.103,68.9778
144.939,901.448,28.736,5.67,68.9876
144.956,900.608,27.974,6.237,68.9965
144.972,899.758,27.212,6.804,69.0047
144.985,899.108,26.623,7.371,69.035
144.997,898.448,26.035,7.938,69.0637
145.01,897.798,25.446,8.505,69.0909
145.023,897.14,24.858,9.072,69.1165
145.041,896.213,24.027,11.34,69.1312
145.056,895.435,23.343,11.694375,69.135
145.071,894.656,22.658,12.04875,69.1383
145.086,893.878,21.973,12.403125,69.1409
145.101,893.099,21.288,12.7575,69.1429
145.116,892.321,20.603,13.111875,69.1444
145.131,891.542,19.918,13.46625,69.1453
145.143,890.913,19.378,14.22225,69.146
145.155,890.284,18.837,14.97825,69.1462
145.167,889.655,18.297,15.734277,69.1458
145.185,888.706,17.491,16.443027,69.1566
145.203,887.757,16.686,17.151777,69.1671
145.221,886.808,15.881,17.860527,69.1772
145.234,886.13,15.317,18.4275,69.1816
145.246,885.452,14.752,18.9945,69.1858
145.259,884.775,14.188,19.5615,69.1895
145.272,884.097,13.623,20.1285,69.193
145.29,883.131,12.838,21.191625,69.1909
145.308,882.164,12.052,22.25475,69.1886
145.322,881.403,11.454,22.9635,69.1786
145.336,880.641,10.856,23.67225,69.1682
145.35,879.88,10.258,24.380973,69.1575
145.363,879.176,9.72800000000001,24.947973,69.1588
145.376,878.471,9.19800000000001,25.514973,69.1588
145.388,877.767,8.667,26.081973,69.1575
145.401,877.063,8.137,26.648973,69.1549
145.421,875.977,7.33799999999999,27.71199,69.1553
145.44,874.89,6.53999999999999,28.77525,69.1549
145.453,874.177,6.02099999999999,29.34225,69.1435
145.465,873.464,5.50200000000001,29.90925,69.1317
145.478,872.752,4.98400000000001,30.47625,69.1194
145.491,872.039,4.465,31.04325,69.1068
145.506,871.195,3.863,31.752,69.1167
145.521,870.35,3.25999999999999,32.46075,69.124
145.536,869.506,2.65799999999999,33.1695,69.1288
145.549,868.779,2.16,33.7365,69.1136
145.561,868.051,1.66200000000001,34.3035,69.0983
145.574,867.324,1.16399999999999,34.8705,69.083
145.587,866.597,0.664999999999992,35.4375,69.0675
145.602,865.727,0.102000000000004,23.624946,69.0365
145.617,864.858,-0.461999999999989,11.812473,69.0054
145.632,863.988,-1.02500000000001,0,68.9743
145.65,862.929,-1.67500000000001,0,68.986
145.668,861.871,-2.32599999999999,0,68.9972
145.686,860.812,-2.976,0,69.0078
145.698,860.1,-3.399,0,69.0198
145.71,859.388,-3.82300000000001,0,69.0304
145.722,858.676,-4.24600000000001,0,69.0396
145.736,857.841,-4.733,0,69.0579
145.75,857.005,-5.21899999999999,0,69.0755
145.764,856.17,-5.70599999999999,0,69.0922
145.78,855.179,-6.27000000000001,0.1771875,69.1013
145.796,854.189,-6.83500000000001,0.354375,69.1102
145.811,853.199,-7.40000000000001,0.5315625,69.1189
145.827,852.208,-7.965,0.70875,69.1273
145.842,851.395,-8.423,1.84275,69.1476
145.857,850.582,-8.88200000000001,2.97675,69.1675
145.87,849.784,-9.32400000000001,3.402,69.1738
145.883,848.985,-9.767,3.82725,69.1801
145.897,848.187,-10.21,4.2525,69.1864
145.91,847.388,-10.653,4.67775,69.1927
145.923,846.59,-11.096,5.103,69.199
145.941,845.495,-11.692,6.237,69.2226
145.959,844.401,-12.289,7.371,69.2458
145.974,843.488,-12.783,8.505,69.2589
145.989,842.574,-13.277,9.639,69.2717
146.003,841.695,-13.748,10.06425,69.2794
146.018,840.815,-14.219,10.4895,69.2871
146.032,839.936,-14.69,10.91475,69.2948
146.047,839.056,-15.161,11.34,69.3024
146.061,838.177,-15.632,11.76525,69.31
146.077,837.194,-16.146,12.52125,69.323
146.093,836.21,-16.659,13.27725,69.3358
146.109,835.227,-17.172,14.03325,69.3483
146.124,834.302,-17.648,16.301277,69.3726
146.138,833.447,-18.078,16.754877,69.379
146.152,832.592,-18.509,17.208477,69.3854
146.165,831.737,-18.939,17.66205,69.3918
146.179,830.881,-19.37,18.11565,69.3982
146.193,830.026,-19.8,18.56925,69.4045
146.208,829.092,-20.258,19.632375,69.4092
146.223,828.157,-20.717,20.6955,69.4137
146.236,827.33,-21.112,21.12075,69.417
146.249,826.503,-21.506,21.546,69.4201
146.263,825.676,-21.901,21.97125,69.4231
146.276,824.849,-22.296,22.3965,69.4261
146.289,824.022,-22.691,22.82175,69.429
146.304,823.076,-23.126,23.95575,69.4343
146.319,822.13,-23.561,25.089723,69.4396
146.335,821.081,-24.023,25.621299,69.4405
146.352,820.032,-24.484,26.152848,69.4414
146.368,818.983,-24.945,26.684424,69.4422
146.385,817.934,-25.407,27.216,69.443
146.398,817.07,-25.771,28.35,69.4543
146.412,816.206,-26.135,29.484,69.4654
146.426,815.28,-26.513,29.9376,69.4629
146.441,814.354,-26.892,30.3912,69.4603
146.455,813.428,-27.27,30.8448,69.4577
146.47,812.503,-27.649,31.2984,69.4551
146.484,811.577,-28.027,31.752,69.4524
146.496,810.8,-28.33,32.319,69.45
146.508,810.024,-28.633,32.886,69.4472
146.52,809.247,-28.936,33.453,69.4439
146.532,808.471,-29.239,34.02,69.4403
146.551,807.2,-29.708,17.576946,69.4228
146.571,805.929,-30.176,1.1339379,69.4052
146.583,805.142,-30.448,0.8504541,69.4082
146.595,804.355,-30.721,0.5669676,69.4109
146.607,803.567,-30.994,0.2834838,69.4135
146.619,802.78,-31.266,0,69.4158
146.633,801.857,-31.57,0,69.4281
146.647,800.934,-31.874,0,69.44
146.661,800.01,-32.178,0,69.4516
146.68,798.752,-32.577,0,69.4671
146.699,797.494,-32.976,0,69.4821
146.718,796.236,-33.375,0,69.4967
146.729,795.506,-33.602,0,69.5174
146.74,794.776,-33.829,0,69.5377
146.751,794.046,-34.057,0,69.5576
146.769,792.85,-34.426,0,69.5777
146.787,791.654,-34.795,0,69.5974
146.8,790.775,-35.06,0.31185,69.6049
146.813,789.896,-35.326,0.6237,69.6122
146.827,789.017,-35.591,0.93555,69.6195
146.84,788.137,-35.857,1.2474,69.6266
146.853,787.258,-36.123,1.55925,69.6336
146.868,786.255,-36.414,2.31525,69.6208
146.883,785.252,-36.705,3.07125,69.6079
146.898,784.249,-36.996,3.82725,69.5949
146.911,783.377,-37.236,4.536,69.5977
146.924,782.505,-37.477,5.24475,69.5983
146.937,781.633,-37.717,5.9535,69.5966
146.952,780.624,-37.985,6.5205,69.5971
146.967,779.615,-38.253,7.0875,69.597
146.982,778.606,-38.521,7.6545,69.5962
146.997,777.598,-38.788,8.2215,69.5947
147.01,776.723,-39.019,8.93025,69.5705
147.023,775.849,-39.251,9.639,69.5462
147.036,774.974,-39.482,10.34775,69.522
147.053,773.832,-39.783,11.10375,69.5028
147.07,772.689,-40.085,11.85975,69.483
147.087,771.547,-40.387,12.61575,69.4624
147.105,770.338,-40.705,14.88375,69.6555
147.117,769.494,-40.919,15.238152,69.6555
147.13,768.651,-41.133,15.592527,69.6554
147.142,767.807,-41.347,15.946902,69.6553
147.155,766.963,-41.561,16.301277,69.655
147.167,766.12,-41.775,16.655652,69.6546
147.18,765.276,-41.989,17.010027,69.6541
147.198,764.055,-42.272,18.144,69.6559
147.216,762.833,-42.555,19.278,69.6514
147.23,761.863,-42.763,19.809576,69.6472
147.245,760.893,-42.971,20.341125,69.6422
147.259,759.922,-43.179,20.872701,69.6365
147.273,758.952,-43.388,21.40425,69.6301
147.285,758.133,-43.556,22.16025,69.6325
147.297,757.315,-43.725,22.91625,69.6344
147.309,756.496,-43.893,23.67225,69.6355
147.328,755.198,-44.15,24.380973,69.6489
147.347,753.899,-44.406,25.089723,69.6607
147.366,752.6,-44.662,25.798473,69.6707
147.379,751.726,-44.822,26.365473,69.6717
147.392,750.852,-44.983,26.932473,69.6726
147.404,749.978,-45.143,27.4995,69.6734
147.417,749.104,-45.303,28.0665,69.6741
147.432,748.074,-45.481,22.112973,69.6562
147.446,747.083,-45.636,17.690373,69.6505
147.461,746.092,-45.792,13.267773,69.6448
147.475,745.101,-45.947,8.845173,69.6391
147.49,744.109,-46.102,4.4226,69.6334
147.504,743.118,-46.258,0,69.6277
147.518,742.186,-46.38,0,69.6348
147.531,741.254,-46.502,0,69.6415
147.544,740.321,-46.624,0,69.6477
147.558,739.389,-46.746,0,69.6535
147.571,738.489,-46.852,0,69.6664
147.584,737.59,-46.958,0,69.6774
147.597,736.69,-47.064,0,69.6864
147.612,735.652,-47.184,0,69.6796
147.627,734.614,-47.304,0,69.6717
147.642,733.575,-47.424,0,69.6629
147.66,732.33,-47.569,0,69.6801
147.678,731.085,-47.715,0,69.6962
147.696,729.839,-47.86,0,69.7114
147.708,729.008,-47.959,0,69.7338
147.72,728.177,-48.057,0,69.7552
147.732,727.345,-48.155,0,69.7755
147.746,726.358,-48.273,0,69.7695
147.76,725.371,-48.391,0,69.7633
147.775,724.383,-48.509,0,69.7569
147.789,723.396,-48.627,0,69.7503
147.806,722.253,-48.762,0,69.7593
147.822,721.11,-48.896,0,69.761
147.837,720.071,-49.018,0,69.7431
147.852,719.032,-49.139,0,69.7246
147.867,717.993,-49.261,0,69.7056
147.882,716.954,-49.382,0,69.686
147.894,716.123,-49.479,0,69.653
147.906,715.293,-49.577,0,69.6198
147.918,714.463,-49.674,0,69.5865
147.932,713.495,-49.787,0.23625,69.6315
147.946,712.528,-49.9,0.4725,69.674
147.96,711.56,-50.013,0.70875,69.7139
147.972,710.729,-50.109,1.84275,69.7604
147.984,709.899,-50.205,2.97675,69.8031
148,708.775,-50.326,3.43035,69.806
148.016,707.65,-50.447,3.88395,69.8088
148.033,706.526,-50.568,4.33755,69.8114
148.049,705.402,-50.688,4.79115,69.8139
148.065,704.277,-50.809,5.24475,69.8161
148.077,703.444,-50.889,5.9535,69.8228
148.089,702.61,-50.968,6.66225,69.8285
148.101,701.776,-51.048,7.371,69.8332
148.117,700.681,-51.146,7.938,69.8324
148.133,699.586,-51.244,8.505,69.8312
148.148,698.492,-51.343,9.072,69.8295
148.164,697.397,-51.441,9.639,69.8274
148.176,696.562,-51.514,10.773,69.8034
148.188,695.728,-51.588,11.907,69.7791
148.203,694.685,-51.678,12.61575,69.8135
148.218,693.643,-51.768,13.3245,69.8466
148.233,692.6,-51.858,14.03325,69.8785
148.247,691.626,-51.939,14.78925,69.8907
148.261,690.651,-52.02,15.545277,69.9024
148.275,689.677,-52.101,16.301277,69.9138
148.291,688.589,-52.181,15.677577,69.9159
148.306,687.501,-52.262,15.053877,69.9179
148.322,686.414,-52.343,14.430177,69.9199
148.337,685.326,-52.424,13.80645,69.9218
148.353,684.238,-52.504,13.18275,69.9238
148.365,683.401,-52.554,8.7885,69.9262
148.377,682.563,-52.604,4.39425,69.9284
148.389,681.725,-52.653,0,69.9302
148.403,680.73,-52.701,0,69.936
148.418,679.735,-52.75,0,69.9415
148.432,678.739,-52.798,0,69.9468
148.446,677.744,-52.846,0,69.9517
148.46,676.766,-52.887,0,69.9611
148.474,675.787,-52.927,0,69.9703
148.488,674.809,-52.968,0,69.9794
148.504,673.69,-53.011,0,69.9889
148.52,672.571,-53.053,0,69.9984
148.536,671.452,-53.096,0,70.0077
148.549,670.543,-53.13,0,70.0163
148.562,669.633,-53.164,0,70.0248
148.575,668.724,-53.198,0,70.0333
148.589,667.779,-53.232,0.496125,70.0436
148.602,666.834,-53.266,0.99225,70.0538
148.615,665.889,-53.3,1.488375,70.0639
148.629,664.944,-53.334,1.9845,70.0739
148.647,663.683,-53.377,3.1185,70.0832
148.665,662.423,-53.421,4.2525,70.0923
148.679,661.424,-53.453,4.8195,70.0981
148.693,660.426,-53.486,5.3865,70.1038
148.708,659.428,-53.519,5.9535,70.1094
148.722,658.43,-53.552,6.5205,70.115
148.735,657.518,-53.581,7.22925,70.131
148.748,656.607,-53.609,7.938,70.1468
148.761,655.696,-53.638,8.64675,70.1625
148.775,654.749,-53.666,9.21375,70.1684
148.788,653.802,-53.693,9.78075,70.1741
148.801,652.855,-53.72,10.34775,70.1798
148.815,651.908,-53.748,10.91475,70.1855
148.832,650.751,-53.776,11.977875,70.1983
148.848,649.593,-53.805,13.041,70.211
148.863,648.54,-53.826,14.175,70.2206
148.878,647.488,-53.847,15.309027,70.2298
148.891,646.575,-53.859,15.663402,70.2312
148.904,645.662,-53.871,16.017777,70.2326
148.917,644.749,-53.883,16.372152,70.234
148.93,643.837,-53.895,16.726527,70.2353
148.943,642.924,-53.907,17.080902,70.2366
148.956,642.011,-53.919,17.435277,70.238
148.973,640.852,-53.925,11.836125,70.2517
148.989,639.693,-53.931,6.237,70.265
149.003,638.692,-53.93,4.67775,70.2706
149.018,637.69,-53.929,3.1185,70.2762
149.032,636.689,-53.928,1.5592527,70.2817
149.046,635.688,-53.927,0,70.2873
149.061,634.633,-53.919,0,70.2934
149.076,633.579,-53.912,0,70.2995
149.091,632.524,-53.904,0,70.3056
149.105,631.575,-53.893,0,70.3147
149.118,630.625,-53.882,0,70.3239
149.132,629.676,-53.87,0,70.333
149.145,628.727,-53.859,0,70.3421
149.161,627.566,-53.837,0,70.357
149.178,626.405,-53.816,0,70.3714
149.191,625.491,-53.794,0,70.3812
149.204,624.576,-53.772,0,70.3908
149.217,623.661,-53.75,0,70.4002
149.233,622.553,-53.717,0,70.4071
149.249,621.445,-53.684,0,70.4137
149.264,620.336,-53.651,0,70.4201
149.28,619.228,-53.618,0,70.4263
149.292,618.384,-53.591,0,70.4309
149.304,617.539,-53.564,0,70.4355
149.316,616.694,-53.537,0,70.4399
149.328,615.849,-53.51,0,70.4443
149.346,614.477,-53.467,1.063125,70.4296
149.364,613.104,-53.425,2.12625,70.4149
149.378,612.206,-53.397,2.728674,70.4438
149.391,611.308,-53.37,3.331125,70.4723
149.404,610.41,-53.343,3.933549,70.5004
149.418,609.512,-53.316,4.536,70.5282
149.431,608.613,-53.29,5.032125,70.5336
149.443,607.714,-53.264,5.52825,70.539
149.456,606.815,-53.238,6.024375,70.5443
149.469,605.916,-53.212,6.5205,70.5496
149.488,604.541,-53.172,7.6545,70.5651
149.508,603.165,-53.132,8.7885,70.5803
149.522,602.16,-53.1,9.320049,70.5862
149.536,601.155,-53.069,9.851625,70.592
149.551,600.149,-53.038,10.383174,70.5978
149.565,599.144,-53.006,10.91475,70.6034
149.576,598.368,-52.98,7.2765,70.6117
149.587,597.592,-52.953,3.63825,70.6198
149.598,596.816,-52.926,0,70.6278
149.614,595.704,-52.885,0,70.6331
149.63,594.592,-52.844,0,70.6384
149.645,593.48,-52.803,0,70.6437
149.661,592.369,-52.762,0,70.6489
149.676,591.31,-52.721,0,70.6622
149.691,590.251,-52.68,0,70.6756
149.705,589.244,-52.64,0,70.6873
149.719,588.238,-52.599,0,70.6991
149.734,587.231,-52.559,0,70.7108
149.748,586.225,-52.519,0,70.7225
149.759,585.43,-52.485,0,70.7314
149.771,584.634,-52.452,0,70.7404
149.782,583.839,-52.419,0,70.7492
149.793,583.044,-52.385,0,70.7581
149.808,581.984,-52.339,0,70.7692
149.823,580.923,-52.292,0,70.7803
149.838,579.863,-52.245,0,70.7913
149.852,578.855,-52.199,0,70.7993
149.867,577.847,-52.153,0,70.8072
149.881,576.839,-52.107,0,70.8152
149.895,575.831,-52.061,0,70.823
149.913,574.558,-52.001,0,70.8467
149.928,573.496,-51.952,0,70.8542
149.943,572.434,-51.903,0,70.8617
149.958,571.373,-51.853,0,70.8692
149.973,570.311,-51.804,0,70.8768
149.988,569.249,-51.754,0,70.8843
150.003,568.187,-51.705,0,70.9007
150.018,567.124,-51.656,0,70.9172
150.032,566.115,-51.609,0,70.9243
150.047,565.105,-51.563,0,70.9315
150.061,564.096,-51.516,0,70.9386
150.075,563.086,-51.47,0,70.9457
150.086,562.306,-51.434,0,70.9561
150.097,561.527,-51.399,0,70.9665
150.108,560.747,-51.363,0,70.9769
150.121,559.825,-51.321,0,70.9859
150.134,558.903,-51.28,0,70.9949
150.147,557.982,-51.238,0,71.0037
150.164,556.758,-51.183,0,71.0085
150.182,555.535,-51.128,0,71.0133
150.199,554.311,-51.073,0,71.0181
150.216,553.087,-51.018,0,71.0227
150.23,552.094,-50.974,0.756,71.031
150.244,551.101,-50.93,1.512,71.0393
150.258,550.107,-50.885,2.268,71.0476
150.271,549.202,-50.845,2.799549,71.0612
150.284,548.297,-50.805,3.331125,71.0746
150.296,547.391,-50.765,3.862674,71.0878
150.309,546.486,-50.725,4.39425,71.101
150.323,545.492,-50.68,5.15025,71.111
150.337,544.497,-50.636,5.90625,71.1211
150.351,543.502,-50.591,6.66225,71.1311
150.364,542.596,-50.55,7.193799,71.1394
150.376,541.69,-50.508,7.725375,71.1477
150.389,540.784,-50.466,8.256924,71.156
150.402,539.878,-50.424,8.7885,71.1643
150.418,538.741,-50.369,9.49725,71.1693
150.434,537.603,-50.315,10.206,71.1741
150.45,536.466,-50.26,10.91475,71.1786
150.462,535.613,-50.218,11.67075,71.1846
150.474,534.76,-50.175,12.42675,71.1904
150.486,533.907,-50.133,13.18275,71.1961
150.502,532.769,-50.072,8.7885,71.212
150.518,531.631,-50.012,4.39425,71.2276
150.534,530.493,-49.951,0,71.243
150.546,529.64,-49.903,0,71.2513
150.558,528.786,-49.855,0,71.2595
150.572,527.804,-49.795,0,71.2661
150.586,526.823,-49.734,0,71.2727
150.599,525.841,-49.674,0,71.2792
150.613,524.859,-49.614,0,71.2858
150.627,523.878,-49.554,0,71.2924
150.643,522.704,-49.476,0,71.3054
150.66,521.53,-49.397,0,71.318
150.675,520.463,-49.323,0,71.3349
150.69,519.395,-49.25,0,71.3517
150.704,518.435,-49.18,0,71.3575
150.717,517.474,-49.111,0,71.3634
150.73,516.513,-49.042,0,71.3692
150.744,515.552,-48.973,0,71.375
150.757,514.592,-48.903,0,71.3808
150.771,513.631,-48.834,0,71.3866
150.786,512.563,-48.755,0,71.395
150.801,511.495,-48.676,0,71.4033
150.816,510.427,-48.597,0,71.4116
150.83,509.43,-48.523,0,71.4261
150.844,508.433,-48.449,0,71.4404
150.858,507.435,-48.374,0,71.4547
150.872,506.42,-48.298,0,71.4615
150.887,505.404,-48.222,0,71.4682
150.901,504.389,-48.145,0,71.475
150.915,503.373,-48.069,0,71.4817
150.924,502.732,-48.02,-0.070875,71.4953
150.933,502.09,-47.972,-0.14175,71.5088
150.948,501.021,-47.891,-0.567,71.515
150.963,499.951,-47.81,-0.99225,71.5212
150.978,498.881,-47.73,-1.4175,71.5274
150.993,497.812,-47.649,-1.84275,71.5336
151.008,496.742,-47.568,-2.268,71.5397
151.021,495.814,-47.498,-2.97675,71.5481
151.034,494.887,-47.428,-3.6855,71.5565
151.047,493.959,-47.359,-4.39425,71.5649
151.061,492.942,-47.283,-3.295674,71.5754
151.076,491.925,-47.207,-2.197125,71.5858
151.09,490.907,-47.131,-1.0985625,71.5961
151.104,489.89,-47.055,0,71.6065
151.12,488.712,-46.968,0,71.6156
151.137,487.533,-46.881,0,71.6246
151.151,486.515,-46.807,0,71.6329
151.165,485.497,-46.732,0,71.6413
151.18,484.479,-46.658,0,71.6496
151.194,483.461,-46.584,0,71.6578
151.206,482.603,-46.522,0,71.6672
151.218,481.745,-46.46,0,71.6765
151.23,480.888,-46.399,0,71.6858
151.243,479.922,-46.33,0,71.6899
151.257,478.957,-46.261,0,71.6939
151.27,477.992,-46.193,0,71.6979
151.284,477.026,-46.124,0,71.7018
151.303,475.631,-46.026,0.921375,71.7154
151.323,474.236,-45.927,1.84275,71.7289
151.337,473.27,-45.86,2.3743125,71.7399
151.35,472.304,-45.792,2.905875,71.7508
151.363,471.338,-45.725,3.437424,71.7616
151.377,470.372,-45.657,3.969,71.7722
151.391,469.369,-45.587,2.646,71.7808
151.405,468.367,-45.517,1.323,71.7894
151.419,467.364,-45.446,0,71.798
151.433,466.397,-45.378,0,71.8041
151.446,465.43,-45.31,0,71.8102
151.46,464.463,-45.241,0,71.8161
151.473,463.496,-45.173,0,71.8221
151.486,462.583,-45.108,0,71.8273
151.499,461.669,-45.043,0,71.8324
151.511,460.756,-44.978,0,71.8374
151.524,459.842,-44.913,0,71.8424
151.538,458.839,-44.842,0,71.8512
151.552,457.836,-44.77,0,71.86
151.566,456.832,-44.698,0,71.8688
151.58,455.829,-44.626,0,71.8811
151.594,454.825,-44.554,0,71.8933
151.608,453.821,-44.481,0,71.9055
151.621,452.907,-44.415,0,71.9136
151.633,451.992,-44.349,0,71.9216
151.646,451.078,-44.282,0,71.9296
151.659,450.163,-44.216,0,71.9375
151.674,449.087,-44.136,0,71.9555
151.689,448.011,-44.057,0,71.9734
151.706,446.826,-43.97,0.3189375,71.9766
151.722,445.642,-43.883,0.637875,71.9797
151.738,444.457,-43.796,0.9568125,71.9829
151.755,443.273,-43.709,1.27575,71.9859
151.767,442.411,-43.645,2.03175,71.9985
151.779,441.55,-43.582,2.78775,72.011
151.791,440.688,-43.519,3.54375,72.0236
151.805,439.718,-43.447,4.075299,72.0299
151.818,438.749,-43.375,4.606875,72.0362
151.831,437.779,-43.304,5.138424,72.0425
151.845,436.809,-43.232,5.67,72.0488
151.862,435.624,-43.143,6.733125,72.0499
151.878,434.438,-43.054,7.79625,72.0508
151.89,433.576,-42.988,8.24985,72.0623
151.902,432.714,-42.922,8.70345,72.0737
151.914,431.852,-42.856,9.15705,72.0851
151.926,430.989,-42.79,9.61065,72.0964
151.938,430.127,-42.724,10.06425,72.1076
151.953,429.049,-42.639,5.032125,72.1201
151.968,427.97,-42.554,0,72.132
151.983,426.892,-42.464,0,72.1387
151.998,425.813,-42.375,0,72.1454
152.013,424.735,-42.285,0,72.152
152.028,423.657,-42.196,0,72.1586
152.039,422.866,-42.127,0,72.1634
152.05,422.075,-42.059,0,72.1679
152.061,421.284,-41.99,0,72.1723
152.075,420.292,-41.901,0,72.1801
152.089,419.299,-41.812,0,72.188
152.102,418.307,-41.724,0,72.1957
152.116,417.315,-41.635,0,72.2035
152.13,416.323,-41.546,0,72.2113
152.148,415.028,-41.427,0,72.222
152.166,413.734,-41.308,0,72.2326
152.179,412.799,-41.22,0.4725,72.2442
152.192,411.864,-41.133,0.945,72.2558
152.205,410.929,-41.045,1.4175,72.2673
152.22,409.849,-40.943,1.9845,72.2759
152.235,408.77,-40.841,2.5515,72.2845
152.25,407.691,-40.739,3.1185,72.2931
152.265,406.611,-40.637,3.6855,72.3016
152.277,405.748,-40.554,4.748625,72.316
152.289,404.884,-40.471,5.81175,72.3303
152.302,403.934,-40.378,6.26535,72.3351
152.315,402.983,-40.286,6.71895,72.3399
152.329,402.033,-40.193,7.17255,72.3446
152.342,401.083,-40.1,7.62615,72.3494
152.355,400.132,-40.007,8.07975,72.3541
152.369,399.107,-39.904,8.64675,72.3599
152.383,398.081,-39.801,9.21375,72.3656
152.398,397.055,-39.698,9.78075,72.3713
152.412,396.029,-39.594,10.34775,72.3768
152.427,394.949,-39.483,11.00925,72.3782
152.442,393.869,-39.371,11.67075,72.3794
152.457,392.789,-39.259,12.33225,72.3805
152.468,391.997,-39.175,13.041,72.3896
152.479,391.205,-39.091,13.74975,72.3985
152.49,390.413,-39.007,14.4585,72.4072
152.508,389.117,-38.865,15.592527,72.4161
152.526,387.822,-38.723,16.726527,72.4246
152.539,386.886,-38.616,11.151,72.4296
152.552,385.951,-38.509,5.5755,72.4345
152.565,385.015,-38.402,0,72.4393
152.578,384.066,-38.286,0,72.4427
152.591,383.117,-38.17,0,72.4461
152.605,382.167,-38.054,0,72.4494
152.618,381.218,-37.938,0,72.4528
152.631,380.269,-37.822,0,72.4561
152.647,379.119,-37.672,0,72.4635
152.663,377.969,-37.522,0,72.4707
152.679,376.82,-37.372,0,72.4777
152.693,375.85,-37.241,0,72.4838
152.706,374.88,-37.11,0,72.4899
152.719,373.91,-36.98,0,72.4959
152.733,372.94,-36.849,0,72.5018
152.745,372.078,-36.731,0,72.5112
152.757,371.216,-36.613,0,72.5206
152.769,370.354,-36.495,0,72.5298
152.781,369.492,-36.376,0,72.5391
152.795,368.486,-36.237,-0.567,72.5489
152.809,367.48,-36.097,-1.134,72.5586
152.823,366.474,-35.957,-1.701,72.5683
152.837,365.503,-35.821,-2.2325625,72.5748
152.85,364.533,-35.685,-2.764125,72.5812
152.863,363.563,-35.549,-3.295674,72.5876
152.877,362.592,-35.413,-3.82725,72.594
152.892,361.514,-35.262,-4.58325,72.6017
152.907,360.435,-35.111,-5.33925,72.6094
152.922,359.357,-34.96,-6.09525,72.617
152.936,358.35,-34.82,-6.804,72.6247
152.95,357.342,-34.68,-7.51275,72.6324
152.964,356.335,-34.541,-8.2215,72.64
152.98,355.184,-34.383,-8.9775,72.6499
152.996,354.032,-34.226,-9.7335,72.6597
153.012,352.88,-34.068,-10.4895,72.6693
153.021,352.232,-33.981,-5.24475,72.68
153.03,351.584,-33.894,0,72.6904
153.045,350.502,-33.753,0,72.6948
153.06,349.421,-33.613,0,72.6992
153.075,348.34,-33.472,0,72.7036
153.09,347.259,-33.331,0,72.708
153.105,346.177,-33.19,0,72.7123
153.118,345.239,-33.072,0,72.7193
153.131,344.301,-32.955,0,72.7263
153.144,343.363,-32.837,0,72.7332
153.157,342.453,-32.725,0,72.7391
153.169,341.544,-32.614,0,72.745
153.182,340.634,-32.503,0,72.7508
153.194,339.724,-32.392,0,72.7567
153.207,338.814,-32.281,0,72.7625
153.224,337.622,-32.139,0,72.7763
153.24,336.429,-31.997,0,72.79
153.254,335.399,-31.876,-0.1771875,72.7966
153.268,334.369,-31.756,-0.354375,72.8032
153.283,333.338,-31.635,-0.5315625,72.8097
153.297,332.308,-31.515,-0.70875,72.8162
153.311,331.295,-31.398,-1.4175,72.8243
153.325,330.282,-31.281,-2.12625,72.8324
153.339,329.27,-31.164,-2.835,72.8404
153.353,328.292,-31.053,-3.402,72.8479
153.366,327.315,-30.941,-3.969,72.8554
153.38,326.338,-30.829,-4.536,72.8629
153.393,325.361,-30.718,-5.103,72.8703
153.408,324.275,-30.595,-6.166125,72.8814
153.423,323.188,-30.473,-7.22925,72.8925
153.436,322.247,-30.368,-4.8195,72.9018
153.449,321.305,-30.263,-2.4097473,72.911
153.462,320.363,-30.157,0,72.9202
153.476,319.319,-30.043,0,72.9252
153.491,318.275,-29.929,0,72.9302
153.505,317.231,-29.815,0,72.9352
153.52,316.187,-29.7,0,72.9402
153.534,315.144,-29.586,0,72.9452
153.548,314.164,-29.481,0,72.9572
153.561,313.185,-29.375,0,72.9691
153.574,312.227,-29.274,0,72.9747
153.587,311.269,-29.172,0,72.9804
153.601,310.311,-29.071,0,72.986
153.614,309.354,-28.969,0,72.9916
153.627,308.396,-28.868,0,72.9973
153.642,307.306,-28.754,0,73.0047
153.657,306.217,-28.64,0,73.0121
153.672,305.128,-28.527,0,73.0196
153.683,304.329,-28.444,0,73.0292
153.694,303.53,-28.362,0,73.0388
153.705,302.731,-28.279,0,73.0484
153.718,301.786,-28.183,0,73.0575
153.731,300.841,-28.086,0,73.0667
153.744,299.897,-27.989,0,73.0758
153.758,298.85,-27.882,0,73.0809
153.773,297.803,-27.775,0,73.086
153.787,296.756,-27.669,0,73.0911
153.802,295.709,-27.562,0,73.0962
153.816,294.662,-27.455,0,73.1013
153.831,293.571,-27.345,0,73.1141
153.846,292.48,-27.234,0,73.1269
153.859,291.498,-27.135,0,73.14
153.873,290.515,-27.035,0,73.1532
153.886,289.569,-26.94,0,73.1571
153.899,288.623,-26.844,0,73.161
153.912,287.677,-26.749,0,73.1649
153.925,286.731,-26.653,0,73.1688
153.938,285.785,-26.558,0,73.1727
153.951,284.838,-26.462,0,73.1766
153.967,283.637,-26.341,0,73.1901
153.984,282.435,-26.22,0,73.2036
153.997,281.518,-26.128,0,73.2095
154.009,280.6,-26.036,0,73.2154
154.022,279.682,-25.943,0,73.2212
154.034,278.764,-25.851,0,73.2271
154.047,277.846,-25.759,0,73.2329
154.061,276.863,-25.66,0,73.2461
154.074,275.879,-25.561,0,73.2594
154.09,274.731,-25.446,0,73.2652
154.105,273.583,-25.33,0,73.271
154.121,272.435,-25.215,0,73.2767
154.137,271.286,-25.1,0,73.2825
154.148,270.484,-25.02,0,73.2914
154.159,269.682,-24.939,0,73.3002
154.17,268.88,-24.859,0,73.309
154.184,267.873,-24.758,0,73.3138
154.198,266.867,-24.657,0,73.3186
154.211,265.86,-24.556,0,73.3233
154.225,264.853,-24.456,0,73.3281
154.239,263.847,-24.355,0,73.3328
154.254,262.752,-24.245,0,73.3475
154.269,261.657,-24.136,0,73.3623
154.282,260.694,-24.04,0,73.3672
154.295,259.73,-23.943,0,73.3722
154.309,258.766,-23.847,0,73.3772
154.322,257.803,-23.751,0,73.3822
154.335,256.839,-23.655,0,73.3872
154.347,255.963,-23.567,0,73.3951
154.359,255.086,-23.48,0,73.4031
154.371,254.21,-23.392,0,73.411
154.385,253.187,-23.291,0,73.4199
154.399,252.164,-23.189,0,73.4287
154.413,251.142,-23.087,0,73.4375
154.426,250.155,-22.989,0,73.4434
154.44,249.168,-22.89,0,73.4493
154.453,248.182,-22.792,0,73.4552
154.467,247.195,-22.694,0,73.4611
154.488,245.66,-22.541,0,73.4859
154.502,244.607,-22.437,0,73.4913
154.517,243.554,-22.332,0,73.4967
154.531,242.501,-22.228,0,73.5021
154.546,241.448,-22.123,0,73.5075
154.56,240.395,-22.019,0,73.5129
154.571,239.59,-21.939,0,73.5214
154.582,238.785,-21.859,0,73.53
154.593,237.98,-21.779,0,73.5385
154.606,237.058,-21.688,0,73.5432
154.618,236.136,-21.597,0,73.548
154.631,235.214,-21.506,0,73.5527
154.643,234.292,-21.415,0,73.5575
154.656,233.37,-21.324,0,73.5622
154.673,232.162,-21.205,0,73.5745
154.689,230.954,-21.086,0,73.5868
154.702,230.031,-20.995,0,73.5917
154.714,229.108,-20.904,0,73.5966
154.727,228.185,-20.813,0,73.6014
154.739,227.263,-20.722,0,73.6063
154.752,226.34,-20.632,0,73.6112
154.766,225.351,-20.535,0,73.624
154.779,224.361,-20.438,0,73.6368
154.792,223.372,-20.341,0,73.6496
154.806,222.383,-20.244,0,73.6624
154.82,221.32,-20.14,0,73.6662
154.835,220.257,-20.036,0,73.6699
154.85,219.194,-19.932,0,73.6737
154.864,218.131,-19.828,0,73.6775
154.879,217.068,-19.725,0,73.6813
154.893,216.005,-19.621,0,73.685
154.906,215.051,-19.528,0,73.6936
154.919,214.098,-19.435,0,73.7021
154.932,213.144,-19.342,0,73.7106
154.946,212.117,-19.242,0,73.7189
154.96,211.09,-19.142,0,73.7271
154.974,210.063,-19.043,0,73.7354
154.986,209.182,-18.957,0,73.7444
154.998,208.302,-18.871,0,73.7533
155.01,207.421,-18.786,0,73.7623
155.023,206.43,-18.69,0,73.7681
155.037,205.439,-18.594,0,73.7739
155.05,204.447,-18.498,0,73.7798
155.064,203.456,-18.402,0,73.7856
155.077,202.487,-18.308,0,73.7903
155.09,201.517,-18.214,0,73.7951
155.104,200.548,-18.12,0,73.7998
155.117,199.578,-18.026,0,73.8046
155.13,198.609,-17.932,0,73.8093
155.146,197.397,-17.815,0,73.8211
155.163,196.184,-17.698,0,73.8328
155.178,195.082,-17.592,0,73.8384
155.193,193.979,-17.485,0,73.8439
155.208,192.877,-17.379,0,73.8495
155.223,191.774,-17.272,0,73.855
155.237,190.745,-17.173,-0.33075,73.8641
155.251,189.716,-17.074,-0.6615,73.8732
155.265,188.686,-16.975,-0.99225,73.8823
155.278,187.73,-16.883,-1.701,73.8894
155.291,186.774,-16.791,-2.40975,73.8966
155.304,185.818,-16.699,-3.1185,73.9037
155.315,184.99,-16.619,-2.338875,73.9099
155.327,184.163,-16.54,-1.55925,73.9161
155.338,183.335,-16.461,-0.779625,73.9223
155.349,182.507,-16.381,0,73.9286
155.366,181.256,-16.262,0,73.9357
155.383,180.005,-16.143,0,73.9428
155.4,178.754,-16.024,0,73.9499
155.411,177.914,-15.944,0,73.9545
155.423,177.075,-15.865,0,73.9591
155.434,176.236,-15.785,0,73.9637
155.446,175.396,-15.706,0,73.9683
155.457,174.557,-15.627,0,73.9729
155.473,173.378,-15.516,0,73.9821
155.489,172.2,-15.405,0,73.9912
155.505,171.021,-15.294,0,74.0004
155.52,169.916,-15.191,0,74.0236
155.532,169.031,-15.108,0,74.0275
155.544,168.147,-15.026,0,74.0313
155.556,167.262,-14.943,0,74.0351
155.568,166.378,-14.861,0,74.0389
155.58,165.494,-14.779,0,74.0427
155.592,164.609,-14.696,0,74.0465
155.607,163.503,-14.594,0,74.0576
155.622,162.397,-14.492,0,74.0687
155.635,161.423,-14.402,0,74.0737
155.648,160.45,-14.312,0,74.0787
155.662,159.476,-14.222,0,74.0838
155.675,158.502,-14.132,0,74.0888
155.688,157.529,-14.043,0,74.0938
155.704,156.311,-13.931,0,74.1043
155.721,155.094,-13.819,0,74.1147
155.735,154.042,-13.722,0,74.1208
155.749,152.99,-13.626,0,74.127
155.764,151.938,-13.53,0,74.1331
155.778,150.887,-13.433,0,74.1392
155.789,150.056,-13.357,0,74.1453
155.801,149.225,-13.281,0,74.1514
155.812,148.394,-13.205,0,74.1575
155.823,147.564,-13.129,0,74.1636
155.837,146.53,-13.035,0,74.1716
155.851,145.496,-12.94,0,74.1797
155.865,144.462,-12.846,0,74.1878
155.879,143.409,-12.75,0,74.193
155.893,142.356,-12.654,0,74.1981
155.908,141.303,-12.558,0,74.2033
155.922,140.25,-12.462,0,74.2084
155.936,139.252,-12.371,0,74.2322
155.949,138.255,-12.28,0,74.2561
155.962,137.318,-12.195,0,74.2584
155.974,136.381,-12.11,0,74.2608
155.987,135.445,-12.025,0,74.2631
156,134.508,-11.94,0,74.2654
156.012,133.571,-11.855,0,74.2678
156.025,132.635,-11.77,0,74.2701
156.038,131.698,-11.685,0,74.2725
156.05,130.762,-11.6,0,74.2748
156.063,129.825,-11.515,0,74.2771
156.077,128.826,-11.425,0,74.2833
156.09,127.827,-11.334,0,74.2895
156.104,126.829,-11.244,0,74.2956
156.117,125.83,-11.154,0,74.3018
156.131,124.794,-11.06,0,74.3098
156.145,123.757,-10.967,0,74.3178
156.159,122.721,-10.873,0,74.3258
156.177,121.389,-10.753,0,74.3367
156.195,120.056,-10.633,0,74.3475
156.206,119.278,-10.563,0,74.3531
156.216,118.501,-10.493,0,74.3587
156.227,117.723,-10.423,0,74.3643
156.237,116.946,-10.353,0,74.3699
156.253,115.723,-10.244,0,74.3758
156.27,114.501,-10.134,0,74.3816
156.286,113.279,-10.025,0,74.3875
156.303,112.057,-9.91499999999999,0,74.3933
156.314,111.241,-9.84200000000001,0,74.4006
156.325,110.426,-9.76900000000001,0,74.4079
156.336,109.611,-9.696,0,74.4152
156.35,108.555,-9.602,0,74.421
156.365,107.499,-9.50700000000001,0,74.4268
156.379,106.442,-9.41300000000001,0,74.4326
156.393,105.386,-9.31800000000001,0,74.4384
156.408,104.274,-9.21899999999999,0,74.4461
156.423,103.161,-9.12,0,74.4538
156.438,102.049,-9.02000000000001,0,74.4615
156.451,101.085,-8.935,0,74.468
156.464,100.121,-8.84899999999999,0,74.4745
156.477,99.156,-8.76300000000001,0,74.481
156.49,98.21,-8.679,0,74.4871
156.503,97.264,-8.595,0,74.4932
156.515,96.318,-8.511,0,74.4993
156.528,95.372,-8.42699999999999,0,74.5055
156.537,94.704,-8.36699999999999,0,74.5152
156.546,94.036,-8.30799999999999,0,74.525
156.561,92.923,-8.209,0,74.5296
156.576,91.809,-8.11099999999999,0,74.5341
156.591,90.696,-8.012,0,74.5387
156.606,89.582,-7.91300000000001,0,74.5433
156.621,88.469,-7.81399999999999,0,74.5478
156.634,87.503,-7.72900000000001,0,74.5553
156.647,86.538,-7.64400000000001,0,74.5628
156.66,85.573,-7.55799999999999,0,74.5703
156.673,84.637,-7.476,0,74.5745
156.685,83.701,-7.393,0,74.5788
156.698,82.765,-7.31,0,74.5831
156.71,81.829,-7.22800000000001,0,74.5873
156.723,80.893,-7.14500000000001,0,74.5916
156.741,79.555,-7.02700000000002,0,74.6027
156.759,78.217,-6.91,0,74.6139
156.77,77.437,-6.84100000000001,0,74.6256
156.78,76.656,-6.77199999999999,0,74.6374
156.793,75.69,-6.68700000000001,0,74.6411
156.806,74.723,-6.602,0,74.6448
156.819,73.757,-6.518,0,74.6484
156.832,72.79,-6.43299999999999,0,74.6521
156.845,71.824,-6.34800000000001,0,74.6558
156.858,70.857,-6.26300000000001,0,74.6595
156.874,69.667,-6.15899999999999,0,74.6664
156.89,68.477,-6.054,0,74.6732
156.906,67.287,-5.94999999999999,0,74.6801
156.917,66.506,-5.88200000000001,0,74.6861
156.927,65.724,-5.81299999999999,0,74.692
156.938,64.943,-5.745,0,74.698
156.948,64.162,-5.67599999999999,0,74.7039
156.962,63.157,-5.589,0,74.7089
156.975,62.152,-5.501,0,74.7138
156.988,61.148,-5.41300000000001,0,74.7187
157.002,60.143,-5.32499999999999,0,74.7236
157.02,58.803,-5.208,0,74.7433
157.035,57.686,-5.11099999999999,0,74.7482
157.05,56.569,-5.01400000000001,0,74.7531
157.065,55.452,-4.917,0,74.758
157.08,54.335,-4.81899999999999,0,74.7629
157.095,53.218,-4.72200000000001,0,74.7679
157.107,52.324,-4.64500000000001,0,74.7747
157.119,51.43,-4.56700000000001,0,74.7816
157.131,50.536,-4.489,0,74.7885
157.143,49.642,-4.41200000000001,0,74.7923
157.155,48.748,-4.334,0,74.7962
157.167,47.854,-4.25700000000001,0,74.8001
157.179,46.96,-4.179,0,74.8039
157.191,46.065,-4.102,0,74.8078
157.204,45.096,-4.018,0.0945,74.8153
157.217,44.127,-3.934,0.189,74.8228
157.23,43.158,-3.84999999999999,0.2835,74.8302
157.254,41.369,-3.696,2.5515,74.8524
157.266,40.474,-3.61799999999999,2.9295,74.8561
157.278,39.579,-3.541,3.3075,74.8598
157.29,38.684,-3.464,3.6855,74.8635
157.302,37.789,-3.386,4.0635,74.8672
157.314,36.895,-3.309,4.4415,74.871
157.326,36,-3.23099999999999,4.8195,74.8747
157.342,34.806,-3.12700000000001,3.213,74.8818
157.358,33.613,-3.023,1.6065,74.8889
157.374,32.419,-2.91900000000001,0,74.896
157.384,31.636,-2.84999999999999,0,74.8999
157.395,30.852,-2.78100000000001,0,74.9038
157.406,30.069,-2.71299999999999,0,74.9077
157.416,29.285,-2.64400000000001,0,74.9116
157.432,28.091,-2.53800000000001,0,74.9197
157.448,26.897,-2.43299999999999,0,74.9279
157.464,25.703,-2.327,0,74.936
157.477,24.751,-2.24199999999999,0,74.9417
157.49,23.8,-2.15700000000001,0,74.9473
157.502,22.848,-2.072,0,74.9529
157.515,21.896,-1.98699999999999,0,74.9585
157.529,20.851,-1.893,0,74.9641
157.543,19.806,-1.79900000000001,0,74.9697
157.557,18.76,-1.70500000000001,0,74.9753
157.57,17.808,-1.619,0,74.9808
157.583,16.856,-1.53300000000002,0,74.9863
157.595,15.904,-1.447,0,74.9918
157.608,14.952,-1.36099999999999,0,74.9974
157.623,13.831,-1.25900000000001,0,75.0044
157.638,12.711,-1.15700000000001,0,75.0115
157.653,11.59,-1.05600000000001,0,75.0186
157.668,10.469,-0.954000000000008,1.134,75.0396
157.68,9.61,-0.876000000000005,1.512,75.0427
157.691,8.751,-0.798000000000002,1.89,75.0459
157.702,7.89100000000001,-0.719999999999999,2.268,75.049
157.714,7.03200000000001,-0.641999999999996,2.646,75.0521
157.725,6.172,-0.563999999999993,3.024,75.0553
157.737,5.313,-0.48599999999999,3.402,75.0584
157.737,5.313,-0.48599999999999,3.402,75.0584
157.737,5.313,-0.48599999999999,3.402,75.0584
